"product","substance_name","substance_synonym","abbreviation","abbreviation_synonym","substance_group","cas_number","source","source_text"
"Coated rubber","Polytetrafluoroethylene",,"PTFE",,,"9002-84-0","A.104","A.104 row: Polytetrafluoroethylene; a polymer of: tetrafluoroethylene (TFE)"
"Consumer and industrial cookware","2,3,3,3-tetrafluoro-2-heptafluoropropoxy)-propinoic acid","perfluoro[2(n-propoxy)propanoic acid]","GenX","HFPO-DA, FRD-903",,"13252-13-6","A.104","A.104 row: 2,3,3,3-tetrafluoro-2-heptafluoropropoxy)-propinoic acid; or perfluoro[2(n-propoxy)propanoic acid]"
"Cooking and baking equipment","Polytetrafluoroethylene",,"PTFE",,,"9002-84-0","A.104","A.104 row: Polytetrafluoroethylene; a polymer of: tetrafluoroethylene (TFE)"
"Food, non-food and feed packaging","Perfluoroalkyl(C6-C16) phosphates of bis(2-hydroxyethyl)amine","Diethanolamine salts of mono-and bis(1H,1H,2H,2H-perfluoroalkyl(C8-C18) phosphates [mono-and di-PAP, FT])",,,,"65530-64-5","A.104","A.104 row: Perfluoroalkyl(C6-C16) phosphates of bis(2-hydroxyethyl)amine or Diethanolamine salts of mono-and bis(1H,1H,2H,2H-perfluoroalkyl(C8-C18) phosphates [mono-and di-PAP, FT])"
"Liquid processing equipment","Ethylene-tetrafluoroethylene copolymer",,"ETFE",,,,"A.104","A.104 row: Silicone Rubber, fluorinated FKM, fluoroelastomers (1,1-Difluoroethylen-hexafluoropropenpolymer) Ethene, 1,1,2,2-tetrafluoro-, homopolymer (PTFE) Ethylene-tetrafluoroethylene copolymer (ETFE) FKM Perfluoroelastomer (FFKM) Tetrafluoroethylene-perfluoropropylene copolymer (FEP)"
"Liquid processing equipment","Perfluoroelastomer",,"FFKM",,,,"A.104","A.104 row: Silicone Rubber, fluorinated FKM, fluoroelastomers (1,1-Difluoroethylen-hexafluoropropenpolymer) Ethene, 1,1,2,2-tetrafluoro-, homopolymer (PTFE) Ethylene-tetrafluoroethylene copolymer (ETFE) FKM Perfluoroelastomer (FFKM) Tetrafluoroethylene-perfluoropropylene copolymer (FEP)"
"Liquid processing equipment","Polytetrafluoroethylene",,"PTFE",,,"9002-84-0","A.104","A.104 row: Silicone Rubber, fluorinated FKM, fluoroelastomers (1,1-Difluoroethylen-hexafluoropropenpolymer) Ethene, 1,1,2,2-tetrafluoro-, homopolymer (PTFE) Ethylene-tetrafluoroethylene copolymer (ETFE) FKM Perfluoroelastomer (FFKM) Tetrafluoroethylene-perfluoropropylene copolymer (FEP)"
"Liquid processing equipment","Silicone Rubber, fluorinated (fluoroelastomer)",,"FKM",,,"64706-30-65","A.104","A.104 row: Silicone Rubber, fluorinated FKM, fluoroelastomers (1,1-Difluoroethylen-hexafluoropropenpolymer) Ethene, 1,1,2,2-tetrafluoro-, homopolymer (PTFE) Ethylene-tetrafluoroethylene copolymer (ETFE) FKM Perfluoroelastomer (FFKM) Tetrafluoroethylene-perfluoropropylene copolymer (FEP)"
"Liquid processing equipment","Tetrafluoroethylene-perfluoropropylene copolymer",,"FEP",,,"25067-11-2","A.104","A.104 row: Silicone Rubber, fluorinated FKM, fluoroelastomers (1,1-Difluoroethylen-hexafluoropropenpolymer) Ethene, 1,1,2,2-tetrafluoro-, homopolymer (PTFE) Ethylene-tetrafluoroethylene copolymer (ETFE) FKM Perfluoroelastomer (FFKM) Tetrafluoroethylene-perfluoropropylene copolymer (FEP)"
"Rubber components","Ethylene-tetrafluoroethylene copolymer",,"ETFE",,,,"A.104","A.104 row: Silicone Rubber, fluorinated FKM, fluoroelastomers (1,1-Difluoroethylen-hexafluoropropenpolymer) Ethene, 1,1,2,2-tetrafluoro-, homopolymer (PTFE) Ethylene-tetrafluoroethylene copolymer (ETFE) FKM Perfluoroelastomer (FFKM) Tetrafluoroethylene-perfluoropropylene copolymer (FEP)"
"Rubber components","Perfluoroelastomer",,"FFKM",,,,"A.104","A.104 row: Silicone Rubber, fluorinated FKM, fluoroelastomers (1,1-Difluoroethylen-hexafluoropropenpolymer) Ethene, 1,1,2,2-tetrafluoro-, homopolymer (PTFE) Ethylene-tetrafluoroethylene copolymer (ETFE) FKM Perfluoroelastomer (FFKM) Tetrafluoroethylene-perfluoropropylene copolymer (FEP)"
"Rubber components","Polytetrafluoroethylene",,"PTFE",,,"9002-84-0","A.104","A.104 row: Silicone Rubber, fluorinated FKM, fluoroelastomers (1,1-Difluoroethylen-hexafluoropropenpolymer) Ethene, 1,1,2,2-tetrafluoro-, homopolymer (PTFE) Ethylene-tetrafluoroethylene copolymer (ETFE) FKM Perfluoroelastomer (FFKM) Tetrafluoroethylene-perfluoropropylene copolymer (FEP)"
"Rubber components","Silicone Rubber, fluorinated (fluoroelastomer)",,"FKM",,,"64706-30-65","A.104","A.104 row: Silicone Rubber, fluorinated FKM, fluoroelastomers (1,1-Difluoroethylen-hexafluoropropenpolymer) Ethene, 1,1,2,2-tetrafluoro-, homopolymer (PTFE) Ethylene-tetrafluoroethylene copolymer (ETFE) FKM Perfluoroelastomer (FFKM) Tetrafluoroethylene-perfluoropropylene copolymer (FEP)"
"Rubber components","Tetrafluoroethylene-perfluoropropylene copolymer",,"FEP",,,"25067-11-2","A.104","A.104 row: Silicone Rubber, fluorinated FKM, fluoroelastomers (1,1-Difluoroethylen-hexafluoropropenpolymer) Ethene, 1,1,2,2-tetrafluoro-, homopolymer (PTFE) Ethylene-tetrafluoroethylene copolymer (ETFE) FKM Perfluoroelastomer (FFKM) Tetrafluoroethylene-perfluoropropylene copolymer (FEP)"
"A fluoroelastomer designed for finished parts, which are compliant with the regulations of the U.S. Food and Drug Administration (FDA) 21 CFR 177. 2600(c)(4)(i)","A dipolymer made from HFP and vinylidene fluoride (VF).",,,,"A dipolymer made from HFP and vinylidene fluoride (VF).","9011-17-0","A.105","A.105 row: A dipolymer made from HFP and vinylidene fluoride (VF). -- A fluoroelastomer designed for finished parts, which are compliant with the regulations of the U.S. Food and Drug Administration (FDA) 21 CFR 177. 2600(c)(4)(i)."
"A fluoroelastomer designed for finished parts, which are compliant with the regulations of the U.S. Food and Drug Administration (FDA) 21 CFR 177. 2600(c)(4)(i)","A dipolymer made from HFP and vinylidene fluoride (VF).",,,,"A dipolymer made from HFP and vinylidene fluoride (VF).","1478-61-1","A.105","A.105 row: A dipolymer made from HFP and vinylidene fluoride (VF). -- A fluoroelastomer designed for finished parts, which are compliant with the regulations of the U.S. Food and Drug Administration (FDA) 21 CFR 177. 2600(c)(4)(i)."
"A silicone-based fluoroelastomer","Silicone Rubber, fluorinated",,,,,"64706-30-65","A.105","A.105 row: Silicone Rubber, fluorinated -- A silicone-based fluoroelastomer."
"Coating for polyethylene film used e.g. for packaging toys and foodstuff","1-Alkanol, 1H,1H,2H,2H-perfluoro-, 1-(hydrogen sulfate), ammonium salt (1:1)",,,,"1-Alkanol, 1H,1H,2H,2H-perfluoro-, 1-(hydrogen sulfate), ammonium salt (1:1)","63225-56-9","A.105","A.105 row: 1-Alkanol, 1H,1H,2H,2H-perfluoro-, 1-(hydrogen sulfate), ammonium salt (1:1) -- Coating for polyethylene film used e.g. for packaging toys and foodstuff"
"Coating for polyethylene film used e.g. for packaging toys and foodstuff","1-Alkanol, 1H,1H,2H,2H-perfluoro-, 1-(hydrogen sulfate), ammonium salt (1:1)",,,,"1-Alkanol, 1H,1H,2H,2H-perfluoro-, 1-(hydrogen sulfate), ammonium salt (1:1)","63225-57-0","A.105","A.105 row: 1-Alkanol, 1H,1H,2H,2H-perfluoro-, 1-(hydrogen sulfate), ammonium salt (1:1) -- Coating for polyethylene film used e.g. for packaging toys and foodstuff"
"Coating for polyethylene film used e.g. for packaging toys and foodstuff","1-Alkanol, 1H,1H,2H,2H-perfluoro-, 1-(hydrogen sulfate), ammonium salt (1:1)",,,,"1-Alkanol, 1H,1H,2H,2H-perfluoro-, 1-(hydrogen sulfate), ammonium salt (1:1)","63225-58-1","A.105","A.105 row: 1-Alkanol, 1H,1H,2H,2H-perfluoro-, 1-(hydrogen sulfate), ammonium salt (1:1) -- Coating for polyethylene film used e.g. for packaging toys and foodstuff"
"Coating for polyethylene film used e.g. for packaging toys and foodstuff","1-Alkanol, 1H,1H,2H,2H-perfluoro-, 1-(hydrogen sulfate), ammonium salt (1:1)",,,,"1-Alkanol, 1H,1H,2H,2H-perfluoro-, 1-(hydrogen sulfate), ammonium salt (1:1)","63225-59-2","A.105","A.105 row: 1-Alkanol, 1H,1H,2H,2H-perfluoro-, 1-(hydrogen sulfate), ammonium salt (1:1) -- Coating for polyethylene film used e.g. for packaging toys and foodstuff"
"Coating for polyethylene film used e.g. for packaging toys and foodstuff","Ammonium perfluoroalkyl carboxylate",,,,"Ammonium perfluoroalkyl carboxylate","6130-43-4","A.105","A.105 row: Ammonium perfluoroalkyl carboxylate -- Coating for polyethylene film used e.g. for packaging toys and foodstuff."
"Coating for polyethylene film used e.g. for packaging toys and foodstuff","Ammonium perfluoroalkyl carboxylate",,,,"Ammonium perfluoroalkyl carboxylate","4149-60-4","A.105","A.105 row: Ammonium perfluoroalkyl carboxylate -- Coating for polyethylene film used e.g. for packaging toys and foodstuff."
"Coating for polyethylene film used e.g. for packaging toys and foodstuff","Ammonium perfluoroalkyl carboxylate",,,,"Ammonium perfluoroalkyl carboxylate","4234-23-5","A.105","A.105 row: Ammonium perfluoroalkyl carboxylate -- Coating for polyethylene film used e.g. for packaging toys and foodstuff."
"Coating for polyethylene film used e.g. for packaging toys and foodstuff","Ammonium perfluoroalkyl carboxylate",,,,"Ammonium perfluoroalkyl carboxylate","4288-72-6","A.105","A.105 row: Ammonium perfluoroalkyl carboxylate -- Coating for polyethylene film used e.g. for packaging toys and foodstuff."
"Coating for polyethylene film used e.g. for packaging toys and foodstuff","Perfluoroalkyl phosphonic acids",,"PFPAs",,"Perfluoroalkyl phosphonic acids","40143-76-8","A.105","A.105 row: Perfluoroalkyl phosphonic acids -- Coating for polyethylene film used e.g. for packaging toys and foodstuff."
"Coating for polyethylene film used e.g. for packaging toys and foodstuff","Perfluoroalkyl phosphonic acids",,"PFPAs",,"Perfluoroalkyl phosphonic acids","40143-78-0","A.105","A.105 row: Perfluoroalkyl phosphonic acids -- Coating for polyethylene film used e.g. for packaging toys and foodstuff."
"Coating for polyethylene film used e.g. for packaging toys and foodstuff","Perfluoroalkyl phosphonic acids",,"PFPAs",,"Perfluoroalkyl phosphonic acids","52299-26-0","A.105","A.105 row: Perfluoroalkyl phosphonic acids -- Coating for polyethylene film used e.g. for packaging toys and foodstuff."
"Coating for polyethylene film used e.g. for packaging toys and foodstuff","Perfluoroalkyl phosphonic acids",,"PFPAs",,"Perfluoroalkyl phosphonic acids","63225-55-8","A.105","A.105 row: Perfluoroalkyl phosphonic acids -- Coating for polyethylene film used e.g. for packaging toys and foodstuff."
"Consumer cookware","(Perfluorobutyl)ethylene",,,,,"19430-93-4","A.105","A.105 row: (Perfluorobutyl)ethylene -- Monomers listed in Reg. 10/2011."
"Consumer cookware","2,3,3,3-tetrafluoro-2-heptafluoropropoxy)-propinoic acid","perfluoro[2(n-propoxy)propanoic acid]","GenX","HFPO-DA, FRD-903",,"13252-13-6","A.105","A.105 row: 2,3,3,3-tetrafluoro-2-heptafluoropropoxy)-propinoic acid; or perfluoro[2(n-propoxy)propanoic acid] -- PPA in Reg. 10/2011. Substitute for PFOA"
"Consumer cookware","2,3,3,4,4,5,5-Heptafluoro- 1-pentene",,,,,"1547-26-8","A.105","A.105 row: 2,3,3,4,4,5,5-Heptafluoro- 1-pentene -- Monomer Listed in 10/2011."
"Consumer cookware","2H-perfluoro-[(5,8,11,14-tetramethyl)-tetraethyleneglycol ethyl propyl ether]",,,,,"37486-69-4","A.105","A.105 row: 2H-perfluoro-[(5,8,11,14-tetramethyl)-tetraethyleneglycol ethyl propyl ether] -- PPA Listed in 10/2011."
"Consumer cookware","3H-perfluoro-3-[(3-methoxy-propoxy)propanoic acid], ammonium salt",,"ADONA",,,"958445-44-8","A.105","A.105 row: 3H-perfluoro-3-[(3-methoxy-propoxy)propanoic acid], ammonium salt -- PPA Listed in 10/2011."
"Consumer cookware","Chlorotrifluoroethylene",,,,,"79-38-9","A.105","A.105 row: Chlorotrifluoroethylene -- Monomer Listed in 10/2011. (The monomer is not a PFAS, the polymer is a PFAS)."
"Consumer cookware","Fluorinated Ethylene Propylene (FEP)",,"FEP",,,"116-15-4","A.105","A.105 row: Perfluoroethylene propylene, or Fluorinated Ethylene Propylene (FEP); is a copolymer of: Hexafluoropropene (see above), and-tetrafluoroethylene -- Polymer for coating cookware, such as frying pans and articles for oven baking, moulded articles for industrial use, and for use in non-porous (very good chemical resistance) films with excellent"
"Consumer cookware","Hexafluoropropylene",,,,,"116-15-4","A.105","A.105 row: Hexafluoropropylene -- Monomer in Reg. 10/2011."
"Consumer cookware","Perfluoro acetic acid, α-substituted with the copolymer of perfluoro- 1,2-propylene glycol and perfluoro-1,1-ethylene glycol, terminated with chlorohexa-fluoropropyloxy groups",,,,,"329238-24-6","A.105","A.105 row: Perfluoro acetic acid, α-substituted with the copolymer of perfluoro- 1,2-propylene glycol and perfluoro-1,1-ethylene glycol, terminated with chlorohexa-fluoropropyloxy groups -- PPA Listed in 10/2011."
"Consumer cookware","Perfluoro[(2-ethyloxy-ethoxy)acetic acid]], ammonium salt",,,,,"908020-52-0","A.105","A.105 row: Perfluoro[(2-ethyloxy-ethoxy)acetic acid]], ammonium salt -- Monomer and emulsifier (PPA) Listed in 10/2011."
"Consumer cookware","Perfluoro[2-(poly(n-propoxy))propanoic acid]","perfluoropolyether carboxylic acid",,,,"51798-33-5","A.105","A.105 row: Perfluoro[2-(poly(n-propoxy))propanoic acid] or perfluoropolyether carboxylic acid -- Monomer and emulsifier (PPA) Listed in 10/2011."
"Consumer cookware","Perfluoroalkoxy alkanes (PFA)",,"PFA",,,"26655-00-5, 1623-05-8,116-14-3","A.105","A.105 row: Perfluoroalkoxy alkanes (PFA); a copolymer of: Perfluoroalkyl vinyl ether, and tetrafluoroethene -- Polymer. Non-stick coating for pans and facilitates cleaning of the cookware."
"Consumer cookware","Perfluoroethyl vinyl ether",,"PFEVE",,"Perfluoroalkyl vinyl ethers","10493-43-3","A.105","A.105 row: Perfluoroalkyl vinyl ethers: Perfluoromethyl vinyl ether Perfluoroethyl vinyl ether Perfluoropropyl vinyl ether -- Monomers listed in Reg. 10/2011."
"Consumer cookware","Perfluoroethylene propylene,",,"FEP",,,"25067-11-2","A.105","A.105 row: Perfluoroethylene propylene, or Fluorinated Ethylene Propylene (FEP); is a copolymer of: Hexafluoropropene (see above), and-tetrafluoroethylene -- Polymer for coating cookware, such as frying pans and articles for oven baking, moulded articles for industrial use, and for use in non-porous (very good chemical resistance) films with excellent"
"Consumer cookware","Perfluoromethyl vinyl ether",,"PFMVE",,"Perfluoroalkyl vinyl ethers","1187-93-5","A.105","A.105 row: Perfluoroalkyl vinyl ethers: Perfluoromethyl vinyl ether Perfluoroethyl vinyl ether Perfluoropropyl vinyl ether -- Monomers listed in Reg. 10/2011."
"Consumer cookware","Perfluorooctanoic acid, ammonium salt",,"PFOA",,,"3825-26-1","A.105","A.105 row: Perfluorooctanoic acid, ammonium salt -- PPA listed in Reg. 10/2011. No longer used."
"Consumer cookware","Perfluoropropyl vinyl ether",,"PFPVE",,"Perfluoroalkyl vinyl ethers","1623-05-8","A.105","A.105 row: Perfluoroalkyl vinyl ethers: Perfluoromethyl vinyl ether Perfluoroethyl vinyl ether Perfluoropropyl vinyl ether -- Monomers listed in Reg. 10/2011."
"Consumer cookware","Polytetrafluoroethylene",,"PTFE",,,"9002-84-0,116-14-3","A.105","A.105 row: Polytetrafluoroethylene; a polymer of: tetrafluoroethylene -- Monomer and PPA Listed in 10/2011."
"Consumer cookware","Sodium 4-perfluorononyloxy-benzenesulphonate",,,,,"59536-17-3","A.105","A.105 row: Sodium 4-perfluorononyloxy-benzenesulphonate -- Monomer and emulsifier (PPA)"
"Consumer cookware","Vinylidene fluoride",,,,,"75-38-7","A.105","A.105 row: Vinylidene fluoride -- Monomer Listed in 10/2011. (The monomer is not a PFAS, the polymer is a PFAS)."
"Consumer cookware","perfluoro{acetic acid, 2- [(5-methoxy-1,3-dioxolan-4-yl)oxy]}, ammonium salt",,,,,"1190931-27-1","A.105","A.105 row: perfluoro{acetic acid, 2- [(5-methoxy-1,3-dioxolan-4-yl)oxy]}, ammonium salt -- PPA Listed in 10/2011."
"Food & feed packaging","(Perfluorooctylsulfonylamin opropyl)trimethylammoniu m iodide",,,,,"68310-75-8","A.105","A.105 row: (Perfluorooctylsulfonylamin opropyl)trimethylammoniu m iodide -- No data"
"Food & feed packaging","1,9- Decadiene,3,3,4,4,5,5,6,6- ,7,7,8,8-dodecafluoro-, polymer with TFE and trifluoro (trifluoromethoxy)ethene manufactured and characterized as further described in the notification.",,,,,"190062-24-9 (trifluoro ethene)","A.105","A.105 row: 1,9- Decadiene,3,3,4,4,5,5,6,6- ,7,7,8,8-dodecafluoro-, polymer with TFE and trifluoro (trifluoromethoxy)ethene manufactured and characterized as further described in the notification. --"
"Food & feed packaging","1-Butanaminium, N,N,N-tributyl-, hexafluorophosphate(1-)",,,,,"3109-63-5","A.105","A.105 row: 1-Butanaminium, N,N,N-tributyl-, hexafluorophosphate(1-) -- No data"
"Food & feed packaging","1-Hexene, 3,3,4,4,5,5,6,6,6-nonafluoro-, polymer with 1,1,2,2-tetrafluoroethene",,,,,"82606-24-4","A.105","A.105 row: 1-Hexene, 3,3,4,4,5,5,6,6,6-nonafluoro-, polymer with 1,1,2,2-tetrafluoroethene -- No data"
"Food & feed packaging","1-Octanesulfonamide, N, N’-(phosphinicobis(oxy-2, 1-ethanediyl))bis(N, ethyl- 1,1,2,2,3,3,4,4,5,5,6,6,7,7 ,8,8,8-heptadecafluoro-, ammonium salt)",,,,,"30381-98-7","A.105","A.105 row: 1-Octanesulfonamide, N, N’-(phosphinicobis(oxy-2, 1-ethanediyl))bis(N, ethyl- 1,1,2,2,3,3,4,4,5,5,6,6,7,7 ,8,8,8-heptadecafluoro-, ammonium salt) -- No data"
"Food & feed packaging","1-Octanesulfonamide, N-ethyl- 1,1,2,2,3,3,4,4,5,5,6,6,7,7 ,8,8,8-heptadecafluoro",,,,,,"A.105","A.105 row: 1-Octanesulfonamide, N-ethyl- 1,1,2,2,3,3,4,4,5,5,6,6,7,7 ,8,8,8-heptadecafluoro -- No data"
"Food & feed packaging","10:2 fluorotelomer alcohol (FTOH) and mono-phosphate or di-phosphate",,,,,,"A.105","A.105 row: 8:2, 10:2, 12:2, 14:2 or 16:2 fluorotelomer alcohol (FTOH) and mono-phosphate or di-phosphate -- No data"
"Food & feed packaging","12:2 fluorotelomer alcohol (FTOH) and mono-phosphate or di-phosphate",,,,,,"A.105","A.105 row: 8:2, 10:2, 12:2, 14:2 or 16:2 fluorotelomer alcohol (FTOH) and mono-phosphate or di-phosphate -- No data"
"Food & feed packaging","14:2 fluorotelomer alcohol (FTOH) and mono-phosphate or di-phosphate",,,,,,"A.105","A.105 row: 8:2, 10:2, 12:2, 14:2 or 16:2 fluorotelomer alcohol (FTOH) and mono-phosphate or di-phosphate -- No data"
"Food & feed packaging","16:2 fluorotelomer alcohol (FTOH) and mono-phosphate or di-phosphate",,,,,,"A.105","A.105 row: 8:2, 10:2, 12:2, 14:2 or 16:2 fluorotelomer alcohol (FTOH) and mono-phosphate or di-phosphate -- No data"
"Food & feed packaging","2,3,3,3-tetrafluoro-2-heptafluoropropoxy)-propinoic acid","perfluoro[2(n-propoxy)propanoic acid]","GenX","HFPO-DA, FRD-903",,"13252-13-6","A.105","A.105 row: 2,3,3,3-tetrafluoro-2-heptafluoropropoxy)-propinoic acid; or perfluoro[2(n-propoxy)propanoic acid] --"
"Food & feed packaging","2,3,3,4,4,5,5-Heptafluoro- 1-pentene",,,,,"1547-26-8","A.105","A.105 row: 2,3,3,4,4,5,5-Heptafluoro- 1-pentene --"
"Food & feed packaging","2,3,3,4,4,5,5-Heptafluoro- 1-pentene polymer with ethene and TFE",,,,,"94228-79-2","A.105","A.105 row: 2,3,3,4,4,5,5-Heptafluoro- 1-pentene polymer with ethene and TFE -- No data"
"Food & feed packaging","2,3-Epoxypropyl methacrylate - 2-ethoxyethyl acrylate-N-methylperfluorooctane-sulfonamidoethyl acrylate-trimethylethanolammoniu m chloride methacrylate, copolymer",,,,,"92265-81-1","A.105","A.105 row: 2,3-Epoxypropyl methacrylate - 2-ethoxyethyl acrylate-N-methylperfluorooctane-sulfonamidoethyl acrylate-trimethylethanolammoniu m chloride methacrylate, copolymer -- No data"
"Food & feed packaging","2-(Diethylamino)ethyl methacrylate – 2,3-epoxypropyl methacrylate – perfluoroalkyl(C4- C18)ethyl acryl",,,,,,"A.105","A.105 row: 2-(Diethylamino)ethyl methacrylate – 2,3-epoxypropyl methacrylate – perfluoroalkyl(C4- C18)ethyl acryl -- No data"
"Food & feed packaging","2-(Dimethylamino)ethyl methacrylate – perfluoroalkylethyl acrylate – vinyl acetate, copolymer",,,,,,"A.105","A.105 row: 2-(Dimethylamino)ethyl methacrylate – perfluoroalkylethyl acrylate – vinyl acetate, copolymer -- No data"
"Food & feed packaging","2-(Perfluorooctyl sulfonyl aminomethyl) ethyl methacrylate, copolymer [copolymer of fluorinated (meth)acrylate polymers]",,,,,,"A.105","A.105 row: 2-(Perfluorooctyl sulfonyl aminomethyl) ethyl methacrylate, copolymer [copolymer of fluorinated (meth)acrylate polymers] -- No data"
"Food & feed packaging","2-Propanoic acid, 2- ((ethyl(pentadecafluorohep tyl)-sulfonyl) amino)ethyl ester",,,,,,"A.105","A.105 row: 2-Propanoic acid, 2- ((ethyl(pentadecafluorohep tyl)-sulfonyl) amino)ethyl ester -- No data"
"Food & feed packaging","2-Propen-1-ol, reaction products with 1,1,1,2,2,3,3,4,4,5,5,6,6-tridecafluoro-6-iodohexane*, de-hydroiodinated, reaction products with epichlorohydrin and triethylenetetraamine with a fluorine content of 54%",,,,,"* 355-43-1","A.105","A.105 row: 2-Propen-1-ol, reaction products with 1,1,1,2,2,3,3,4,4,5,5,6,6-tridecafluoro-6-iodohexane*, de-hydroiodinated, reaction products with epichlorohydrin and triethylenetetraamine with a fluorine content of 54% -- No data"
"Food & feed packaging","2-Propen-1-ol, reaction products with pentafluoroiodoethane-TFE telomer, dehydroiodinated, reaction products with epichlorohydrin and triethylenetetramine",,,,,"464178-90-3","A.105","A.105 row: 2-Propen-1-ol, reaction products with pentafluoroiodoethane-TFE telomer, dehydroiodinated, reaction products with epichlorohydrin and triethylenetetramine -- No data"
"Food & feed packaging","2-Propenoic acid, 2-amino]ethylester[ethyl[(tri decafluorohexyl)sulfonyl]-",,,,,"1893-52-3","A.105","A.105 row: 2-Propenoic acid, 2-amino]ethylester[ethyl[(tri decafluorohexyl)sulfonyl]- -- No data"
"Food & feed packaging","2-Propenoic acid, 2-methyl-, 2- (dimethylamino)ethyl ester, polymer with 1-ethenyl-2-pyrrolidinone and 3,3,4,4,5,5,6,6,7,7,8,8,8-tridecafluorooctyl 2-propenoate, acetate",,,,,"1334473-84-5","A.105","A.105 row: 2-Propenoic acid, 2-methyl-, 2- (dimethylamino)ethyl ester, polymer with 1-ethenyl-2-pyrrolidinone and 3,3,4,4,5,5,6,6,7,7,8,8,8-tridecafluorooctyl 2-propenoate, acetate -- No data"
"Food & feed packaging","2-Propenoic acid, 3,3,4,4,5,5,6,6,7,7,8,8,8-tridecafluorooctyl ester, polymer with α-(1-oxo-2-propen-1-yl)-ω-hydroxypoly(oxy-1,2-ethanediyl)",,,,,"68228-00-2","A.105","A.105 row: 2-Propenoic acid, 3,3,4,4,5,5,6,6,7,7,8,8,8-tridecafluorooctyl ester, polymer with α-(1-oxo-2-propen-1-yl)-ω-hydroxypoly(oxy-1,2-ethanediyl) -- No data"
"Food & feed packaging","2-propen-1-ol, reaction products with 1,l,1,2,2,3,3,4,4,5,5,6,6-tridecafluoro-6-iodohexane, dehydroiodinated, reaction products with epichlorohydrin and triethylenetetramine",,,,,"464178-94-7","A.105","A.105 row: 2-propen-1-ol, reaction products with 1,l,1,2,2,3,3,4,4,5,5,6,6-tridecafluoro-6-iodohexane, dehydroiodinated, reaction products with epichlorohydrin and triethylenetetramine -- No data"
"Food & feed packaging","2-propenoic acid, 2-hydroxyethyl ester, polymer with α-(1-oxo-2-propen-1-yl)-ω-hydroxypoly(oxy-1,2-ethanediyl), α-(1-oxo-2-propen-1-yl)-ω-[(1-oxo-2-propen-1-yl)oxy]poly(oxy- 1,2-ethanediyl) and 3,3,4,4,5,5,6,6,7,7,8,8,8-tridecafluorooctyl 2-propenoate",,,,,"1012783-70-8","A.105","A.105 row: 2-propenoic acid, 2-hydroxyethyl ester, polymer with α-(1-oxo-2-propen-1-yl)-ω-hydroxypoly(oxy-1,2-ethanediyl), α-(1-oxo-2-propen-1-yl)-ω-[(1-oxo-2-propen-1-yl)oxy]poly(oxy- 1,2-ethanediyl) and 3,3,4,4,5,5,6,6,7,7,8,8,8-tridecafluorooctyl 2-propenoate -- No data"
"Food & feed packaging","2-propenoic acid, 2-methyl-, 2-hydroxyethyl ester polymer with 1-ethyenyl-2-pyrrolidinone, 2-propenoic acid and 3,3,4,4,5,5,6,6,7,7,8,8,8-tridecafluorooctyl 2-propenoate sodium salt",,,,,"1206450-10-3","A.105","A.105 row: 2-propenoic acid, 2-methyl-, 2-hydroxyethyl ester polymer with 1-ethyenyl-2-pyrrolidinone, 2-propenoic acid and 3,3,4,4,5,5,6,6,7,7,8,8,8-tridecafluorooctyl 2-propenoate sodium salt -- No data"
"Food & feed packaging","2-propenoic acid, 2-methyl-, 2-hydroxyethyl ester, polymer with 2-propenoic acid and 3,3,4,4,5,5,6,6,7,7,8,8,8-",,,,,"1878204-24-0","A.105","A.105 row: 2-propenoic acid, 2-methyl-, 2-hydroxyethyl ester, polymer with 2-propenoic acid and 3,3,4,4,5,5,6,6,7,7,8,8,8- -- No data"
"Food & feed packaging","2-propenoic acid, 2-methyl-, polymer with 2-hydroxyethyl 2-methyl-2-propenoate, α-(1-oxo-2-propen-1-yl)-ω-hydroxypoly(oxy-1,2-ethanediyl) and 3,3,4,4,5,5,6,6,7,7,8,8,8-tridecafluorooctyl 2-propenoate, sodium salt",,,,,"1158951-86-0","A.105","A.105 row: 2-propenoic acid, 2-methyl-, polymer with 2-hydroxyethyl 2-methyl-2-propenoate, α-(1-oxo-2-propen-1-yl)-ω-hydroxypoly(oxy-1,2-ethanediyl) and 3,3,4,4,5,5,6,6,7,7,8,8,8-tridecafluorooctyl 2-propenoate, sodium salt -- No data"
"Food & feed packaging","2Butanedioic acid, 2-methylene-, polymer with 2-hydroxyethyl 2-methyl- 2-propenoate, 2-methyl-2-propenoic acid and 3,3,4,4,5,5,6,6,7,7,8,8,8-tridecafluorooctyl 2-methyl-2-propenoate, sodium salt",,,,,"1345817-52-8","A.105","A.105 row: 2Butanedioic acid, 2-methylene-, polymer with 2-hydroxyethyl 2-methyl- 2-propenoate, 2-methyl-2-propenoic acid and 3,3,4,4,5,5,6,6,7,7,8,8,8-tridecafluorooctyl 2-methyl-2-propenoate, sodium salt -- No data"
"Food & feed packaging","3,3,4,4,5,5,6,6,7,7,8,8,8-tridecafluorooctyl acrylate,","methacrylate acetate",,,,"17527-29-6","A.105","A.105 row: 3,3,4,4,5,5,6,6,7,7,8,8,8-tridecafluorooctyl acrylate, or methacrylate acetate -- No data"
"Food & feed packaging","3,3,4,4,5,5,6,6,7,7,8,8,8-tridecafluorooctyl methacrylate, acetate and/or malate",,,,,"2144-53-8","A.105","A.105 row: 3,3,4,4,5,5,6,6,7,7,8,8,8-tridecafluorooctyl methacrylate, acetate and/or malate -- No data"
"Food & feed packaging","3-cyclohexane-1-carboxylic acid, 6-((di-2-propenylamino)carbonyl)- ,(1R,6R), reaction products with pentafluoroiodoethane-tetrafluoroethylene telomer, ammonium salts",,,,,,"A.105","A.105 row: 3-cyclohexane-1-carboxylic acid, 6-((di-2-propenylamino)carbonyl)- ,(1R,6R), reaction products with pentafluoroiodoethane-tetrafluoroethylene telomer, ammonium salts -- No data"
"Food & feed packaging","6:2-8:2 polyfluoroalkyl phosphate ester (PAP)",,,,,,"A.105","A.105 row: 6:2-8:2 or 8:2-8:2-di polyfluoroalkyl phosphate ester (PAP) -- No data"
"Food & feed packaging","8:2 fluorotelomer alcohol (FTOH) and mono-phosphate or di-phosphate",,,,,,"A.105","A.105 row: 8:2, 10:2, 12:2, 14:2 or 16:2 fluorotelomer alcohol (FTOH) and mono-phosphate or di-phosphate -- No data"
"Food & feed packaging","8:2-8:2-di polyfluoroalkyl phosphate ester (PAP)",,,,,,"A.105","A.105 row: 6:2-8:2 or 8:2-8:2-di polyfluoroalkyl phosphate ester (PAP) -- No data"
"Food & feed packaging","A copolymer of TFE and PFMVE \ modified with 3,3,4,4,5,5,6,6,7,7,8,8-dodecafluoro-1,9-diene and 1,3,5-triallyl cyanurate","1,3,5-triallyl isocyanurate",,,,"26425-79-6","A.105","A.105 row: A copolymer of TFE and PFMVE \ modified with 3,3,4,4,5,5,6,6,7,7,8,8-dodecafluoro-1,9-diene and 1,3,5-triallyl cyanurate or 1,3,5-triallyl isocyanurate -- No data"
"Food & feed packaging","A copolymer of TFE and perfluoromethylvinyl ether (PFMVE) modified with 1,3,5-triallyl isocyanurate (TAIC) and 3,3,4,4,5,5,6,6,7,7,8,8-",,,,,"26425-79-6","A.105","A.105 row: A copolymer of TFE and perfluoromethylvinyl ether (PFMVE) modified with 1,3,5-triallyl isocyanurate (TAIC) and 3,3,4,4,5,5,6,6,7,7,8,8- -- No data"
"Food & feed packaging","A copolymer of TFE and trifluoromethyl trifluorovinyl ether, and optionally employing a halogenated alkene.",,,,,"116-14-3,1187-93-5 (ether)","A.105","A.105 row: A copolymer of TFE and trifluoromethyl trifluorovinyl ether, and optionally employing a halogenated alkene. -- No data"
"Food & feed packaging","A copolymer of propylene, TFE, and 3,3,3-trifluoropropene cured with a salt of a quarternary ammonium compound and phenol, 4,4'-(2,2,2-trifluoro-1- (trifluoromethyl)ethylidene)bis-",,,,,"115-07-1,116-14-3,677-21-4 (trifluoropr opene)","A.105","A.105 row: A copolymer of propylene, TFE, and 3,3,3-trifluoropropene cured with a salt of a quarternary ammonium compound and phenol, 4,4'-(2,2,2-trifluoro-1- (trifluoromethyl)ethylidene)bis- -- No data"
"Food & feed packaging","A perfluorocarbon cured elastomer (PCE) produced by terpolymerizing TFE, , perfluoro-2,5-dimethyl- 3,6-dioxanonane vinyl ether, and perfluoro-6,6-dihydro-6-iodo-3-oxa-1-hexene, and subsequent curing of the terpolymer with triallylisocyanurate and 2,5-dimethyl-2,5-di(t-butylperoxy)hexane",,,,,"116-14-3,2599-84-0 (vinyl ether) 106108-22-9 (hexene) 106108-23-0 (terpolymer) 1025-15-6,78-63-7","A.105","A.105 row: A perfluorocarbon cured elastomer (PCE) produced by terpolymerizing TFE, , perfluoro-2,5-dimethyl- 3,6-dioxanonane vinyl ether, and perfluoro-6,6-dihydro-6-iodo-3-oxa-1-hexene, and subsequent curing of the terpolymer with triallylisocyanurate and 2,5-dimethyl-2,5-di(t-butylperoxy)hexane -- No data"
"Food & feed packaging","A perfluorocarbon cured elastomer (PCE) produced by terpolymerizing TFE, PFMVE and perfluoro-6,6-dihydro-6-iodo-3-oxa-1-hexane, and subsequent curing of the terpolymer with triallylisocyanurate and 2,5-dimethyl-2,5-di(t-butylperoxy)hexane",,,,,"116-14-3 (TFE) 1187-93-5 (PFMVE) 106108-22-9 (perfluoro-alkane) 193018-53-0 (terpolymer) 1025-15-6 (triallylisoc yanurate) 78-63-7 (hexane)","A.105","A.105 row: A perfluorocarbon cured elastomer (PCE) produced by terpolymerizing TFE, PFMVE and perfluoro-6,6-dihydro-6-iodo-3-oxa-1-hexane, and subsequent curing of the terpolymer with triallylisocyanurate and 2,5-dimethyl-2,5-di(t-butylperoxy)hexane --"
"Food & feed packaging","A perfluorocarbon-cured elastomer (PCE) produced by terpolymerizing TFE perfluoro (2,5-dimethyl- 3,6-dioxanone vinyl ether) and perfluoro (6,6-dihydro- 6-iodo- 3-oxa- 1-hexene) and subsequent curing of the terpolymer by crosslinking with triallylcyanurate and vulcanizing with 2,5-dimethyl- 2,5-di (t-butylperoxy) hexane, as a 68% dispersion on finely divided silica",,,,,"116-14-3 (TFE) 2599-84-0 (vinyl ether) 106108-22-9 (perfluoro alkene) 106108-23-0 (terpolymer) 101-37-1 (triallycyan urate) 78-63-7 (hexane)","A.105","A.105 row: A perfluorocarbon-cured elastomer (PCE) produced by terpolymerizing TFE perfluoro (2,5-dimethyl- 3,6-dioxanone vinyl ether) and perfluoro (6,6-dihydro- 6-iodo- 3-oxa- 1-hexene) and subsequent curing of the terpolymer by crosslinking with triallylcyanurate and vulcanizing with 2,5-dimethyl- 2,5-di (t-butylperoxy) hexane, as a 68% dispersion on finely divided silica --"
"Food & feed packaging","A polymer produced from TFE and 1,1,2,2-tetrafluoro-2-((1,2,2-trifluoroethenyl)oxy) ethane sulfonyl fluoride. The polymer is hydrolysed and may optionally be further neutralized to its ammonium salt.",,,,,"116-14-3 (TFE) 29514-94-1 (fluoride)","A.105","A.105 row: A polymer produced from TFE and 1,1,2,2-tetrafluoro-2-((1,2,2-trifluoroethenyl)oxy) ethane sulfonyl fluoride. The polymer is hydrolysed and may optionally be further neutralized to its ammonium salt. --"
"Food & feed packaging","Acetic salts of the copolymer of perfluoroalkylethylacrylate, vinyl acetate and dimethyl aminoethylmetacrylate",,,,,,"A.105","A.105 row: Acetic salts of the copolymer of perfluoroalkylethylacrylate, vinyl acetate and dimethyl aminoethylmetacrylate -- No data"
"Food & feed packaging","Acrylic acid, 2- [methyl[(nonafluorobutyl) sulfonyl]ethylester amino]",,,,,,"A.105","A.105 row: Acrylic acid, 2- [methyl[(nonafluorobutyl) sulfonyl]ethylester amino] -- No data"
"Food & feed packaging","Acrylic acid, N-methylperfluorooctanesulfo namido-ethyl ester",,,,,"25268-77-3","A.105","A.105 row: Acrylic acid, N-methylperfluorooctanesulfo namido-ethyl ester -- No data"
"Food & feed packaging","Acrylic acid, ester with N-ethyl- 1,1,2,2,3,3,4,4,5,5,6,6,7,7 , 8,8,8-heptadecafluoro-N- (2-hydroxyethyl)-1-octane-sulfonamide",,,,,,"A.105","A.105 row: Acrylic acid, ester with N-ethyl- 1,1,2,2,3,3,4,4,5,5,6,6,7,7 , 8,8,8-heptadecafluoro-N- (2-hydroxyethyl)-1-octane-sulfonamide -- No data"
"Food & feed packaging","Ammonium bis (N-ethyl-2-perfluorooctansulfonamidet hyl) phosphate with maximum content of 15% ammonium mono (N-ethyl-",,,,,,"A.105","A.105 row: Ammonium bis (N-ethyl-2-perfluorooctansulfonamidet hyl) phosphate with maximum content of 15% ammonium mono (N-ethyl- -- No data"
"Food & feed packaging","Ammonium bis(N-ethyl-2-perfluoroalkylsulfonamido ethyl) phosphates, containing not more than 15% ammonium mono (N-ethyl-2-perfluoroalkylsulfonamido ethyl) phosphates, where the alkyl group is more than 95% C8 and the salts have a fluorine content of 50.2% to 52.8% as determined on a solids basis",,,,,,"A.105","A.105 row: Ammonium bis(N-ethyl-2-perfluoroalkylsulfonamido ethyl) phosphates, containing not more than 15% ammonium mono (N-ethyl-2-perfluoroalkylsulfonamido ethyl) phosphates, where the alkyl group is more than 95% C8 and the salts have a fluorine content of 50.2% to 52.8% as determined on a solids basis -- No data"
"Food & feed packaging","Ammonium salts of esters from reaction with 2,2’-bis perfluoralkyl substituted phosphoric acid formates [(alfa, omega-perfluoro C4-C20 alkylthio) methyl] - 1,3-propanediol, polyphosphoric acid and ammonium hydroxide",,,,,,"A.105","A.105 row: Ammonium salts of esters from reaction with 2,2’-bis perfluoralkyl substituted phosphoric acid formates [(alfa, omega-perfluoro C4-C20 alkylthio) methyl] - 1,3-propanediol, polyphosphoric acid and ammonium hydroxide -- No data"
"Food & feed packaging","Ammonium-bis- (N-ethyl- 2-perfluoralkylsulfonamidoet hyl) phosphate cannot contain more than 15% ammonium mono(N-ethyl- 2-perfluoralkylsulfonamidoet hyl) phosphate",,,,,,"A.105","A.105 row: Ammonium-bis- (N-ethyl- 2-perfluoralkylsulfonamidoet hyl) phosphate cannot contain more than 15% ammonium mono(N-ethyl- 2-perfluoralkylsulfonamidoet hyl) phosphate -- No data"
"Food & feed packaging","Ammonium-bis- (N-ethyl- 2-perfluorooktansulfonamidet hyl) phosphate with maximum content of 15% ammonium mono (N-ethyl- 2-perfluoroktansulfonamideth yl) phosphate",,,,,"1071022-26-8","A.105","A.105 row: Ammonium-bis- (N-ethyl- 2-perfluorooktansulfonamidet hyl) phosphate with maximum content of 15% ammonium mono (N-ethyl- 2-perfluoroktansulfonamideth yl) phosphate -- No data"
"Food & feed packaging","Butanedioic acid, 2-methylene-, polymer with 2-hydroxyethyl, 2-methyl- 2-propenoate, 2-methyl-2-propenoic acid and 3,3,4,4,5,5,6,6,7,7,8,8,8-tridecafluorooctyl 2-methyl-2-propenoate, sodium salt",,,,,"1345817-52-8","A.105","A.105 row: Butanedioic acid, 2-methylene-, polymer with 2-hydroxyethyl, 2-methyl- 2-propenoate, 2-methyl-2-propenoic acid and 3,3,4,4,5,5,6,6,7,7,8,8,8-tridecafluorooctyl 2-methyl-2-propenoate, sodium salt -- No data"
"Food & feed packaging","Copolymer of 1,1-difluoroethylene, hexafluoropropene, TFE, and a halogenated alkene, optionally cured with triallyl isocyanurate and 2,5-dimethyl-2,5-di(tert-butylperoxy)hexane",,,,,,"A.105","A.105 row: Copolymer of 1,1-difluoroethylene, hexafluoropropene, TFE, and a halogenated alkene, optionally cured with triallyl isocyanurate and 2,5-dimethyl-2,5-di(tert-butylperoxy)hexane -- No data"
"Food & feed packaging","Copolymer of 1,1-difluoroethylene, tetrafluoroethylene, trifluoro methyl trifluorovinyl ether and a halogenated alkene, optionally cured with triallyl isocyanurate and 2,5-dimethyl-2,5-di(tert-butylperoxy)hexane",,,,,,"A.105","A.105 row: Copolymer of 1,1-difluoroethylene, tetrafluoroethylene, trifluoro methyl trifluorovinyl ether and a halogenated alkene, optionally cured with triallyl isocyanurate and 2,5-dimethyl-2,5-di(tert-butylperoxy)hexane -- No data"
"Food & feed packaging","Copolymer of 2- (dimethylamino) ethyl methacrylate with 3,3,4,4,5,5,6,6,7,7,8,8,8-tridecafluorooctyl methacrylate, N-oxide, acetate",,,,,"1440528-04-0","A.105","A.105 row: Copolymer of 2- (dimethylamino) ethyl methacrylate with 3,3,4,4,5,5,6,6,7,7,8,8,8-tridecafluorooctyl methacrylate, N-oxide, acetate -- No data"
"Food & feed packaging","Copolymer of 2-dimethylaminoethylmethac rylate and 3,3,4,4,5,5,6,6,7,7,8,8,8-tridecafluorooctylmethacryl ate, N-oxide, acetate, with a fluorine content of 45%",,,,,,"A.105","A.105 row: Copolymer of 2-dimethylaminoethylmethac rylate and 3,3,4,4,5,5,6,6,7,7,8,8,8-tridecafluorooctylmethacryl ate, N-oxide, acetate, with a fluorine content of 45% -- No data"
"Food & feed packaging","Copolymer of 2-perfluoroalkylethyl acrylate, 2- (dimethylamino)ethyl methacrylate, and oxidized 2-(dimethylamino)ethyl methacrylate",,,,,"479029-28-2 (2- (dimethyla mino)ethyl methacrylat e","A.105","A.105 row: Copolymer of 2-perfluoroalkylethyl acrylate, 2- (dimethylamino)ethyl methacrylate, and oxidized 2-(dimethylamino)ethyl methacrylate -- No data"
"Food & feed packaging","Copolymer of 3,3,4,4,5,5,6,6,7,7,8,8,8-tridecafluorooctylacrylate, 2-hydroxyethylacrylate, polyethylenglycolmonacryla te and polyethylenglycoldiacrylate with a fluorine content of 35.4 – 45.1%",,,,,,"A.105","A.105 row: Copolymer of 3,3,4,4,5,5,6,6,7,7,8,8,8-tridecafluorooctylacrylate, 2-hydroxyethylacrylate, polyethylenglycolmonacryla te and polyethylenglycoldiacrylate with a fluorine content of 35.4 – 45.1% -- No data"
"Food & feed packaging","Copolymer of TFE, PFMVE and 1-Butene, 4-bromo- 3,3,4,4-tetrafluoro-, polymer with ethene, 1,1,2,2-tetrafluoroethene and 1,1,2-trifluoro-2- (trifluoromethoxy)ethene. intended to be cross-linked with triallylisocyanurate",,,,,"105656-63-1","A.105","A.105 row: Copolymer of TFE, PFMVE and 1-Butene, 4-bromo- 3,3,4,4-tetrafluoro-, polymer with ethene, 1,1,2,2-tetrafluoroethene and 1,1,2-trifluoro-2- (trifluoromethoxy)ethene. intended to be cross-linked with triallylisocyanurate -- No data"
"Food & feed packaging","Copolymer of TFE, PFMVE and 1-iodo-2-bromotetra-fluoroethane intended to be cross-linked with triallylisocyanurate",,,,,,"A.105","A.105 row: Copolymer of TFE, PFMVE and 1-iodo-2-bromotetra-fluoroethane intended to be cross-linked with triallylisocyanurate -- No data"
"Food & feed packaging","Copolymer of hexafluoropropylene, TFE, and perfluoroethyl vinyl ether",,,,"Copolymer of hexafluoropropylene, TFE, and perfluoroethyl vinyl ether","116-15-4 (hexafluoro propylene) 116-14-3","A.105","A.105 row: Copolymer of hexafluoropropylene, TFE, and perfluoroethyl vinyl ether -- No data"
"Food & feed packaging","Copolymer of hexafluoropropylene, TFE, and perfluoroethyl vinyl ether",,,,"Copolymer of hexafluoropropylene, TFE, and perfluoroethyl vinyl ether","10493-43-3 (vinyl ether)","A.105","A.105 row: Copolymer of hexafluoropropylene, TFE, and perfluoroethyl vinyl ether -- No data"
"Food & feed packaging","Copolymer of perfluorohexylethyl methacrylate, 2-N,N-diethylaminoethyl methacrylate, 2-hydroxyethyl methacrylate, and 2,2'-ethylenedioxydiethyl dimethacrylate, acetic acid salt",,,,,"863408-20-2","A.105","A.105 row: Copolymer of perfluorohexylethyl methacrylate, 2-N,N-diethylaminoethyl methacrylate, 2-hydroxyethyl methacrylate, and 2,2'-ethylenedioxydiethyl dimethacrylate, acetic acid salt -- No data"
"Food & feed packaging","Copolymer of perfluorohexylethyl methacrylate, 2-N,N-diethylaminoethyl methacrylate, 2-hydroxyethyl methacrylate, and 2,2'-ethylenedioxydiethyl dimethacrylate, acetic acid salt","malic acid salt.",,,,"863408-20-2 or malic acid salt 1225273-44-8","A.105","A.105 row: Copolymer of perfluorohexylethyl methacrylate, 2-N,N-diethylaminoethyl methacrylate, 2-hydroxyethyl methacrylate, and 2,2'-ethylenedioxydiethyl dimethacrylate, acetic acid salt or malic acid salt. -- No data"
"Food & feed packaging","Copolymer of perfluorohexylethyl methacrylate, 2-N,N-diethylaminoethyl methacrylate, 2-hydroxyethyl methacrylate, and 2,2'-ethylenedioxydiethyl dimethacrylate, malic acid salt",,,,,"1225273-44-8","A.105","A.105 row: Copolymer of perfluorohexylethyl methacrylate, 2-N,N-diethylaminoethyl methacrylate, 2-hydroxyethyl methacrylate, and 2,2'-ethylenedioxydiethyl dimethacrylate, malic acid salt -- No data"
"Food & feed packaging","Copolymer perfluoroalkylacrylate",,,,,,"A.105","A.105 row: Copolymer perfluoroalkylacrylate -- No data"
"Food & feed packaging","Copolymer with 2,2’-ethylendioxydiethyldimetha crylat, 2-hydroxyethyl-methacrylate and 3,3,4,4,5,5,6,6,7,7,8,8,8-tridecafluorooctylmethacryl ate, acetate and/or malate",,,,,,"A.105","A.105 row: Copolymer with 2,2’-ethylendioxydiethyldimetha crylat, 2-hydroxyethyl-methacrylate and 3,3,4,4,5,5,6,6,7,7,8,8,8-tridecafluorooctylmethacryl ate, acetate and/or malate -- No data"
"Food & feed packaging","Copolymer with 2-hydroxyethylmethacrylate, methacrylic acid, itaconic acid and 3,3,4,4,5,5,6,6,7,7,8,8,8-tridecafluorooctylmethacryl ate, sodium salt",,,,,,"A.105","A.105 row: Copolymer with 2-hydroxyethylmethacrylate, methacrylic acid, itaconic acid and 3,3,4,4,5,5,6,6,7,7,8,8,8-tridecafluorooctylmethacryl ate, sodium salt -- No data"
"Food & feed packaging","Copolymer with 2-hydroxyethylmethacrylate, vinylpyrrolidon, acrylic acid and 3,3,4,4,5,5,6,6,7,7,8,8,8-tridecafluorooctylacrylate, sodium salt, with a fluorine content of 41.9%",,,,,,"A.105","A.105 row: Copolymer with 2-hydroxyethylmethacrylate, vinylpyrrolidon, acrylic acid and 3,3,4,4,5,5,6,6,7,7,8,8,8-tridecafluorooctylacrylate, sodium salt, with a fluorine content of 41.9% -- No data"
"Food & feed packaging","Copolymer with methacrylic acid, 2-hydroxyethylmethacrylate, polyethylenglycolmonacryla te and 3,3,4,4,5,5,6,6,7,7,8,8,8-tridecafluorooctylacrylate, sodium salt with a fluorine content of 45.1%",,,,,,"A.105","A.105 row: Copolymer with methacrylic acid, 2-hydroxyethylmethacrylate, polyethylenglycolmonacryla te and 3,3,4,4,5,5,6,6,7,7,8,8,8-tridecafluorooctylacrylate, sodium salt with a fluorine content of 45.1% -- No data"
"Food & feed packaging","Copolymers of 2- (perfluoroctylsulfonylamino methyl) ethylmethacrylate, 2,3-epoxypropylmethacrylate, ethoxyethylacrylate and methacryloylmethyl-trimethylammoniumchlorid e",,,,,,"A.105","A.105 row: Copolymers of 2- (perfluoroctylsulfonylamino methyl) ethylmethacrylate, 2,3-epoxypropylmethacrylate, ethoxyethylacrylate and methacryloylmethyl-trimethylammoniumchlorid e -- No data"
"Food & feed packaging","Copolymers of 2-perfluoroalkylethyl",,,,,"247047-61-6","A.105","A.105 row: Copolymers of 2-perfluoroalkylethyl -- No data"
"Food & feed packaging","Copolymers of 2-perfluoroalkylethyl acrylate, 2-N,N-diethylaminoethyl methacrylate, glycidyl methacrylate, acrylic acid, and methacrylic acid2",,,,,,"A.105","A.105 row: Copolymers of 2-perfluoroalkylethyl acrylate, 2-N,N-diethylaminoethyl methacrylate, glycidyl methacrylate, acrylic acid, and methacrylic acid2 -- No data"
"Food & feed packaging","Diethanol amino salts of mono-and bis (1H, 1H, 2H, 2H-perfluoroalkyl) phosphates",,,,,,"A.105","A.105 row: Diethanol amino salts of mono-and bis (1H, 1H, 2H, 2H-perfluoroalkyl) phosphates -- No data"
"Food & feed packaging","Diethanolamine salts of mono-and bis (1H,1H,2H,2H perfluoroalkyl) phosphates where the alkyl group is even-numbered in the range C8-C18 and the salts have a fluorine content of 52.4% to 54.4% as determined on a solids basis.",,,,,,"A.105","A.105 row: Diethanolamine salts of mono-and bis (1H,1H,2H,2H perfluoroalkyl) phosphates where the alkyl group is even-numbered in the range C8-C18 and the salts have a fluorine content of 52.4% to 54.4% as determined on a solids basis. -- No data"
"Food & feed packaging","Diethanolamine single (1H,1H,2H,2H -perfluoro-alkyl) phosphate and dual- (1H,1H,2H,2H-perfluoro-alkyl) phosphate.",,,,,,"A.105","A.105 row: Diethanolamine single (1H,1H,2H,2H -perfluoro-alkyl) phosphate and dual- (1H,1H,2H,2H-perfluoro-alkyl) phosphate. -- No data"
"Food & feed packaging","Diphosphate ester of N-ethyl perfluorooctane sulfonamido ethanol (N- EtFOSE)",,,,,,"A.105","A.105 row: Diphosphate ester of N-ethyl perfluorooctane sulfonamido ethanol (N- EtFOSE) -- No data"
"Food & feed packaging","Diphosphoric acid, polymers with ethoxylated reduced Me esters of reduced polymerized oxidized TFE. This substance is also known as: phosphate esters of ethoxylated perfluoroether, prepared by reaction of ethoxylated perfluoroether diol.",,,,,"162492-15-1 with phosphorou s pentoxide 1314-56-3 or pyrophosph oric acid 2466-09-3.","A.105","A.105 row: Diphosphoric acid, polymers with ethoxylated reduced Me esters of reduced polymerized oxidized TFE. This substance is also known as: phosphate esters of ethoxylated perfluoroether, prepared by reaction of ethoxylated perfluoroether diol. -- No data"
"Food & feed packaging","Diphosphoric acid, polymers with ethoxylated reduced methyl esters of reduced polymerized oxidized TFE",,,,,"200013-65-6","A.105","A.105 row: Diphosphoric acid, polymers with ethoxylated reduced methyl esters of reduced polymerized oxidized TFE -- No data"
"Food & feed packaging","Diphosphoric acid, polymers with ethoxylated reduced methyl esters of reduced polymerized oxidized TFE. Fomblin HC/P2-1000. This substance is also known as phosphate esters of ethoxylated perfluoroether, prepared by reaction of ethoxylated perfluoroether diol with phosphorous pentoxide or pyrophosphoric acid",,,,,"200013-65-6 (reduced methyl esters) 162492-15-1 (perfluoroet her diol) 1314-56-3 (pentoxide) 2466-09-3 (acid)","A.105","A.105 row: Diphosphoric acid, polymers with ethoxylated reduced methyl esters of reduced polymerized oxidized TFE. Fomblin HC/P2-1000. This substance is also known as phosphate esters of ethoxylated perfluoroether, prepared by reaction of ethoxylated perfluoroether diol with phosphorous pentoxide or pyrophosphoric acid -- No data"
"Food & feed packaging","Diphosphoric acid, polymers with methyl esters reduced ethoxylates oxidized reduced polymerized tetrafluoro ethylene",,,,,,"A.105","A.105 row: Diphosphoric acid, polymers with methyl esters reduced ethoxylates oxidized reduced polymerized tetrafluoro ethylene -- No data"
"Food & feed packaging","Ethanaminium, N,N,N-triethyl-, salt with 1,1,2,2,3,3,4,4, 5,5,6,6,7,7,8,8,8-heptadecafluoro-1-octanesulfonicacid (1:1)",,,,,,"A.105","A.105 row: Ethanaminium, N,N,N-triethyl-, salt with 1,1,2,2,3,3,4,4, 5,5,6,6,7,7,8,8,8-heptadecafluoro-1-octanesulfonicacid (1:1) -- No data"
"Food & feed packaging","Ethene, 1,1,2,2-tetrafluoro-, polymer with 1,1,2-trifluoro-2- (1,1,2,2,2-pentafluoroethoxy)ethene",,,,,"31784-04-0","A.105","A.105 row: Ethene, 1,1,2,2-tetrafluoro-, polymer with 1,1,2-trifluoro-2- (1,1,2,2,2-pentafluoroethoxy)ethene -- No data"
"Food & feed packaging","Ethene, tetrafluoro-, polymer with 1,1-difluoroethene and trifluoro(trifluoromethoxy)e thene modified with 1,3,5-triallyl isocyanurate (TAIC) and 3,3,4,4,5,5,6,6,7,7,8,8-dodecafluoro-1,9-diene, manufactured and characterized as further described in the notification",,,,,"56357-87-0","A.105","A.105 row: Ethene, tetrafluoro-, polymer with 1,1-difluoroethene and trifluoro(trifluoromethoxy)e thene modified with 1,3,5-triallyl isocyanurate (TAIC) and 3,3,4,4,5,5,6,6,7,7,8,8-dodecafluoro-1,9-diene, manufactured and characterized as further described in the notification -- No data"
"Food & feed packaging","Fluorinated polyurethane anionic resin prepared by reacting perfluoropolyether diol, isophorone diisocyanate, 2,2-dimethylolpropionic acid and triethylamine",,,,,"328389-91-9 (polyuretha ne) 88645-29-8 (diol) 4098-71-9 (diisocyana te) 4767-03-7 (acid)","A.105","A.105 row: Fluorinated polyurethane anionic resin prepared by reacting perfluoropolyether diol, isophorone diisocyanate, 2,2-dimethylolpropionic acid and triethylamine -- No data"
"Food & feed packaging","Fluorocarbon cured elastomer produced by copolymerizing TFE and propylene and subsequent curing of the copolymer with triallylisocyanurate and 2,2’bis-(t-butylperoxy) diisopropylbenzene.",,,,,"116-14-3 (TFE) 115-07-1 (propylene) 27029-05-6 (copolymer) 1025-15-6 (triallylisoc yanurate) 25155-25-3 (2,2’bis-(t-butylperoxy) diisopropyl benzen)","A.105","A.105 row: Fluorocarbon cured elastomer produced by copolymerizing TFE and propylene and subsequent curing of the copolymer with triallylisocyanurate and 2,2’bis-(t-butylperoxy) diisopropylbenzene. --"
"Food & feed packaging","Fluorocarbon cured elastomer produced by copolymerizing TFE and propylene and subsequent curing with triallylisocyanurate or triallylcyanurate and 2,2’-bis(tert-butylperoxy) diisopropylbenzene",,,,,"116-14-3,115-07-1,1025-15-6,101-37-1 (triallylcyan urate) 25155-25-3","A.105","A.105 row: Fluorocarbon cured elastomer produced by copolymerizing TFE and propylene and subsequent curing with triallylisocyanurate or triallylcyanurate and 2,2’-bis(tert-butylperoxy) diisopropylbenzene -- No data"
"Food & feed packaging","Fluorocarbon cured elastomer produced by copolymerizing tetrafluoroethylene and propylene and subsequent curing of the copolymer with triallylisocyanurate and 2,2'-bis(tert-butylperoxy) diisopropylbenzene",,,,,"116-14-3 (TFE) 115-07-1 (propylene) 1025-15-6 (triallylisoc yanurate) 25155-25-3 (benzene)","A.105","A.105 row: Fluorocarbon cured elastomer produced by copolymerizing tetrafluoroethylene and propylene and subsequent curing of the copolymer with triallylisocyanurate and 2,2'-bis(tert-butylperoxy) diisopropylbenzene -- No data"
"Food & feed packaging","Glycine, N,N-bis[2-hydroxy-3-(2-propenyloxy)propyl]-, monosodium salt, reaction products with ammonium hydroxide and pentafluoroiodoethane-tetrafluoroethylene telomer",,,,,"220459-70-12","A.105","A.105 row: Glycine, N,N-bis[2-hydroxy-3-(2-propenyloxy)propyl]-, monosodium salt, reaction products with ammonium hydroxide and pentafluoroiodoethane-tetrafluoroethylene telomer -- No data"
"Food & feed packaging","Glycine, N-ethyl-N- [(heptadecafluorooctyl)sulf onyl]-, potassium salt,",,,,,"2991-51-7","A.105","A.105 row: Glycine, N-ethyl-N- [(heptadecafluorooctyl)sulf onyl]-, potassium salt, or nonafluorobutyl or tridecafluorohexyl or pentadecafluoroheptyl -- No data"
"Food & feed packaging","Hexane, 1,6-diisocyanato-, homopolymer, 3,3,4,4,5,5,6,6,7,7,8,8,8-tridecafluoro-1-octanol-blocked",,,,,"357624-15-8","A.105","A.105 row: Hexane, 1,6-diisocyanato-, homopolymer, 3,3,4,4,5,5,6,6,7,7,8,8,8-tridecafluoro-1-octanol-blocked -- No data"
"Food & feed packaging","Hexane, 1,6-diisocyanato-, homopolymer, α-[1-[[[3- [[3 (dimethylamino)propyl]ami no]propyl]amino]carbonyl] -1,2,2,2-tetrafluoroethyl]- ω-(1,1,2,2,3,3,3-heptafluoropropoxy) poly[oxy[trifluoro(trifluoro methyl)-1,2-ethanediyl]]-blocked",,,,,"1279108-20-1","A.105","A.105 row: Hexane, 1,6-diisocyanato-, homopolymer, α-[1-[[[3- [[3 (dimethylamino)propyl]ami no]propyl]amino]carbonyl] -1,2,2,2-tetrafluoroethyl]- ω-(1,1,2,2,3,3,3-heptafluoropropoxy) poly[oxy[trifluoro(trifluoro methyl)-1,2-ethanediyl]]-blocked -- No data"
"Food & feed packaging","Hexane, 1,6-diisocyanato-, homopolymer, α-[1-[[[3- [[3 (dimethylamino)propyl]ami no]propyl]amino]carbonyl] -1,2,2,2-tetrafluoroethyl]- ω-(1,1,2,2,3,3,3-heptafluoropropoxy)poly[o xy[trifluoro(trifluoromethyl)-1,2-ethanediyl]]",,,,,,"A.105","A.105 row: Hexane, 1,6-diisocyanato-, homopolymer, α-[1-[[[3- [[3 (dimethylamino)propyl]ami no]propyl]amino]carbonyl] -1,2,2,2-tetrafluoroethyl]- ω-(1,1,2,2,3,3,3-heptafluoropropoxy)poly[o xy[trifluoro(trifluoromethyl)-1,2-ethanediyl]] -- No data"
"Food & feed packaging","Methacrylic acid, 2- (dimethylamino)ethyl ester, polymers with gamma-omega-per-fluoro- C8-14-alkyl acrylate, N-oxides",,,,,"783306-31-0","A.105","A.105 row: Methacrylic acid, 2- (dimethylamino)ethyl ester, polymers with gamma-omega-per-fluoro- C8-14-alkyl acrylate, N-oxides -- No data"
"Food & feed packaging","Methacrylic acid, 2- (dimethylamino)ethyl ester, polymers with gamma-omega-per-fluoro- C8-14-alkyl acrylate, acetates, N-oxides",,,,,"479029-28-2","A.105","A.105 row: Methacrylic acid, 2- (dimethylamino)ethyl ester, polymers with gamma-omega-per-fluoro- C8-14-alkyl acrylate, acetates, N-oxides -- No data"
"Food & feed packaging","N,N',N''- [phosphinylidynetris(oxyet hane-2,1-diyl)]tris[N-ethylheptadecafluorooctane -1-sulphonamide]",,,,,"2250-98-8","A.105","A.105 row: N,N',N''- [phosphinylidynetris(oxyet hane-2,1-diyl)]tris[N-ethylheptadecafluorooctane -1-sulphonamide] -- No data"
"Food & feed packaging","N-(2-Hydroxyethyl) perfluorooctyl sulphonamide",,,,,"1691-99-2","A.105","A.105 row: N-(2-Hydroxyethyl) perfluorooctyl sulphonamide -- No data"
"Food & feed packaging","N-Ethyl-N-(2-hydroxyethyl)perfluoroocta nesulfonamide phosphate, diammonium salt [SN-mono-PAP/PFPA]",,,,,"67969-69-1","A.105","A.105 row: N-Ethyl-N-(2-hydroxyethyl)perfluoroocta nesulfonamide phosphate, diammonium salt [SN-mono-PAP/PFPA] -- No data"
"Food & feed packaging","Pentanoic acid, 4,4-bis [(gamma-omega-perfluoro-C8-20-alkyl)thio] derivatives, compounds with diethanolamine",,,,,"71608-61-2","A.105","A.105 row: Pentanoic acid, 4,4-bis [(gamma-omega-perfluoro-C8-20-alkyl)thio] derivatives, compounds with diethanolamine -- No data"
"Food & feed packaging","Perfluoro-1,2-dimethylcycloalkane",,,,,"306-98-9","A.105","A.105 row: Perfluoro-1,2-dimethylcycloalkane -- No data"
"Food & feed packaging","Perfluoroalkyl acrylate copolymer (CAS Reg. No. 92265-81-1) containing 35 to 40 weight percent fluorine, produced by the copolymerization of ethanaminium,N,N,Ntrimet hyl-2-[(2-methyl-1-oxo-2-propenyl)-oxy]-, chloride; 2-propenoic acid, 2-methyl-, oxiranylmethyl ester; 2-propenoic acid, 2-ethoxyethyl ester; and 2-propenoic acid, 2- (heptadecafluoro-octyl)sulfonyl] methyl amino]ethyl ester",,,,,"92265-81-1","A.105","A.105 row: Perfluoroalkyl acrylate copolymer (CAS Reg. No. 92265-81-1) containing 35 to 40 weight percent fluorine, produced by the copolymerization of ethanaminium,N,N,Ntrimet hyl-2-[(2-methyl-1-oxo-2-propenyl)-oxy]-, chloride; 2-propenoic acid, 2-methyl-, oxiranylmethyl ester; 2-propenoic acid, 2-ethoxyethyl ester; and 2-propenoic acid, 2- (heptadecafluoro-octyl)sulfonyl] methyl amino]ethyl ester -- No data"
"Food & feed packaging","Perfluoroalkyl acrylate copolymers including: Perfluoroalkyl acrylate copolymer (Foraperle 321) 2-Propenoic acid,2-methyl- , 2-(dimethylamino) ethyl ester, polymers with g-w-perfluoro-C10-16-alkyl acrylate and vinyl acetate, acetates",,,,"Perfluoroalkyl acrylate copolymers including: Perfluoroalkyl acrylate copolymer (Foraperle 321) 2-Propenoic acid,2-methyl- , 2-(dimethylamino) ethyl ester, polymers with g-w-perfluoro-C10-16-alkyl acrylate and vinyl acetate, acetates","152521-13-6","A.105","A.105 row: Perfluoroalkyl acrylate copolymers including: Perfluoroalkyl acrylate copolymer (Foraperle 321) 2-Propenoic acid,2-methyl- , 2-(dimethylamino) ethyl ester, polymers with g-w-perfluoro-C10-16-alkyl acrylate and vinyl acetate, acetates -- No data"
"Food & feed packaging","Perfluoroalkyl acrylate copolymers including: Perfluoroalkyl acrylate copolymer (Foraperle 321) 2-Propenoic acid,2-methyl- , 2-(dimethylamino) ethyl ester, polymers with g-w-perfluoro-C10-16-alkyl acrylate and vinyl acetate, acetates",,,,"Perfluoroalkyl acrylate copolymers including: Perfluoroalkyl acrylate copolymer (Foraperle 321) 2-Propenoic acid,2-methyl- , 2-(dimethylamino) ethyl ester, polymers with g-w-perfluoro-C10-16-alkyl acrylate and vinyl acetate, acetates","90451-86-8","A.105","A.105 row: Perfluoroalkyl acrylate copolymers including: Perfluoroalkyl acrylate copolymer (Foraperle 321) 2-Propenoic acid,2-methyl- , 2-(dimethylamino) ethyl ester, polymers with g-w-perfluoro-C10-16-alkyl acrylate and vinyl acetate, acetates -- No data"
"Food & feed packaging","Perfluoroalkyl acrylate copolymers including: Perfluoroalkyl acrylate copolymer (Foraperle 321) 2-Propenoic acid,2-methyl- , 2-(dimethylamino) ethyl ester, polymers with g-w-perfluoro-C10-16-alkyl acrylate and vinyl acetate, acetates",,,,"Perfluoroalkyl acrylate copolymers including: Perfluoroalkyl acrylate copolymer (Foraperle 321) 2-Propenoic acid,2-methyl- , 2-(dimethylamino) ethyl ester, polymers with g-w-perfluoro-C10-16-alkyl acrylate and vinyl acetate, acetates","196316-34-4","A.105","A.105 row: Perfluoroalkyl acrylate copolymers including: Perfluoroalkyl acrylate copolymer (Foraperle 321) 2-Propenoic acid,2-methyl- , 2-(dimethylamino) ethyl ester, polymers with g-w-perfluoro-C10-16-alkyl acrylate and vinyl acetate, acetates -- No data"
"Food & feed packaging","Perfluoroalkyl substituted phosphate ester acids, ammonium salts formed by the reaction of 2,2-bis[ ([gamma], [omega]-perfluoro C4-20 alkylthio) methyl]-1,3-propanediol, polyphosphoric acid and ammonium hydroxide",,,,,,"A.105","A.105 row: Perfluoroalkyl substituted phosphate ester acids, ammonium salts formed by the reaction of 2,2-bis[ ([gamma], [omega]-perfluoro C4-20 alkylthio) methyl]-1,3-propanediol, polyphosphoric acid and ammonium hydroxide -- No data"
"Food & feed packaging","Perfluoroalkyl(C6-C16) phosphates of bis(2-hydroxyethyl)amine","Diethanolamine salts of mono-and bis(1H,1H,2H,2H-perfluoroalkyl(C8-C18) phosphates [mono-and di-PAP, FT]",,,,"65530-64-5","A.105","A.105 row: Perfluoroalkyl(C6-C16) phosphates of bis(2-hydroxyethyl)amine or Diethanolamine salts of mono-and bis(1H,1H,2H,2H-perfluoroalkyl(C8-C18) phosphates [mono-and di-PAP, FT] -- No data"
"Food & feed packaging","Perfluorocarbon cured elastomers produced by polymerizing perfluoro (methyl vinyl ether) with TFE and perfluoro(8-cyano -5-methyl -3,6-dioxa -1-octene, followed by curing with trimethylallyl isocyanurate and/or triallyl isocyanurate, and with 2,5 -dimethyl -2,5-di (t-",,,,,"1187-93-5 (methyl vinyl ether) 116-14-3,69804-19-9 (per fluoro octene) 6291-95-8,1025-15-6,78-63-7","A.105","A.105 row: Perfluorocarbon cured elastomers produced by polymerizing perfluoro (methyl vinyl ether) with TFE and perfluoro(8-cyano -5-methyl -3,6-dioxa -1-octene, followed by curing with trimethylallyl isocyanurate and/or triallyl isocyanurate, and with 2,5 -dimethyl -2,5-di (t- -- No data"
"Food & feed packaging","Perfluoroheptanoic acid",,,,,"375-85-9","A.105","A.105 row: Perfluoroheptanoic acid -- No data"
"Food & feed packaging","Perfluorohexanoic acid",,"PFHxA",,,"307-24-4","A.105","A.105 row: Perfluorohexanoic acid -- No data"
"Food & feed packaging","Perfluorooctane sulfonic acid",,"PFOS",,,"1763-23-1","A.105","A.105 row: Perfluorooctane sulfonic acid -- No longer used."
"Food & feed packaging","Perfluorooctanoic acid, ammonium salt",,"PFOA",,,"3825-26-1","A.105","A.105 row: Perfluorooctanoic acid, ammonium salt --"
"Food & feed packaging","Perfluoropolyether (PFPE)",,,,,"76415-97-9","A.105","A.105 row: Perfluoropolyether (PFPE) or Perfluoropolyether dicarboxylic acid, ammonium salt -- No data"
"Food & feed packaging","Perfluoropolyether dicarboxylic acid, ammonium salt",,,,,"69991-62-4","A.105","A.105 row: Perfluoropolyether (PFPE) or Perfluoropolyether dicarboxylic acid, ammonium salt -- No data"
"Food & feed packaging","Phosphoric acid ester of ethoxylated perfluoropoly-etherdiol",,,,"Phosphoric acid ester of ethoxylated perfluoropoly-etherdiol","200013-65-6","A.105","A.105 row: Phosphoric acid ester of ethoxylated perfluoropoly-etherdiol -- No data"
"Food & feed packaging","Phosphoric acid ester of ethoxylated perfluoropoly-etherdiol",,,,"Phosphoric acid ester of ethoxylated perfluoropoly-etherdiol","162492-15-1","A.105","A.105 row: Phosphoric acid ester of ethoxylated perfluoropoly-etherdiol -- No data"
"Food & feed packaging","Phosphoric acid ester of ethoxylated perfluoropoly-etherdiol",,,,"Phosphoric acid ester of ethoxylated perfluoropoly-etherdiol","1314-56-3","A.105","A.105 row: Phosphoric acid ester of ethoxylated perfluoropoly-etherdiol -- No data"
"Food & feed packaging","Phosphoric acid ester of ethoxylated perfluoropoly-etherdiol",,,,"Phosphoric acid ester of ethoxylated perfluoropoly-etherdiol","2466-09-3","A.105","A.105 row: Phosphoric acid ester of ethoxylated perfluoropoly-etherdiol -- No data"
"Food & feed packaging","Phosphoric acid, mono-and bis(gamma, omega-perfluoroalkyl) esters, compounds with diethanolamine",,,,,,"A.105","A.105 row: Phosphoric acid, mono-and bis(gamma, omega-perfluoroalkyl) esters, compounds with diethanolamine -- No data"
"Food & feed packaging","Poly (hexafluoropropyleneoxide) , polymer with 3-N-methylaminopropylamine, N, N,dimethyldipropylenetria mine and poly (hexamethylenediisocyanat e) with a fluorine content of 59,1%",,,,,,"A.105","A.105 row: Poly (hexafluoropropyleneoxide) , polymer with 3-N-methylaminopropylamine, N, N,dimethyldipropylenetria mine and poly (hexamethylenediisocyanat e) with a fluorine content of 59,1% -- No data"
"Food & feed packaging","Poly(hexafluoro-propylene oxide)",,,,,"25038-02-2","A.105","A.105 row: Poly(hexafluoro-propylene oxide) -- No data"
"Food & feed packaging","Polytetrafluoroethylene",,"PTFE",,,"9002-84-0,116-14-3","A.105","A.105 row: Polytetrafluoroethylene; a polymer of: tetrafluoroethylene --"
"Food & feed packaging","Potassiumperfluorobutanes ulfonate",,,,,"29420-49-3","A.105","A.105 row: Potassiumperfluorobutanes ulfonate -- No data"
"Food & feed packaging","Reaction product of hexamethylene-1,6-diisocyanate (homopolymer), converted with 3,3,4,4,5,5,6,6,7,7,8,8,8-",,,,,"647-42-7","A.105","A.105 row: Reaction product of hexamethylene-1,6-diisocyanate (homopolymer), converted with 3,3,4,4,5,5,6,6,7,7,8,8,8- -- No data"
"Food & feed packaging","Reaction product of hexamethylene-1,6-diisocyanate (homopolymer), transformed with 3,3,4,4,5,5,6,6,7,7,8,8,8-tridecafluoro-1-octanol with a fluorine content of 48%",,,,,,"A.105","A.105 row: Reaction product of hexamethylene-1,6-diisocyanate (homopolymer), transformed with 3,3,4,4,5,5,6,6,7,7,8,8,8-tridecafluoro-1-octanol with a fluorine content of 48% -- No data"
"Food & feed packaging","Siloxanes and silicones, methyl-phenyl, methyl- 3,3,3-trifluoropropyl",,,,,"1643944-25-5","A.105","A.105 row: Siloxanes and silicones, methyl-phenyl, methyl- 3,3,3-trifluoropropyl -- No data"
"Food & feed packaging","Tetrafluoroethylene-ethylene-3,3,4,4,5,5,6,6,6-nonafluoro-1-hexene terpolymer",,,,,"68258-85-5","A.105","A.105 row: Tetrafluoroethylene-ethylene-3,3,4,4,5,5,6,6,6-nonafluoro-1-hexene terpolymer -- No data"
"Food & feed packaging","Tetrafluoroethylene-hexafluoropropylene-vinylidene fluoride copolymers",,,,,"25190-89-0","A.105","A.105 row: Tetrafluoroethylene-hexafluoropropylene-vinylidene fluoride copolymers -- No data"
"Food & feed packaging","VF, HFP and tetrafluoroethylene (TFE) copolymers",,,,,"25190-89-0","A.105","A.105 row: VF, HFP and tetrafluoroethylene (TFE) copolymers --"
"Food & feed packaging","Vinylidene fluoride-hexafluoropropene copolymer",,,,,"9011-17-0","A.105","A.105 row: Vinylidene fluoride-hexafluoropropene copolymer -- No data"
"Food & feed packaging","isocyanurate and 3,3,4,4,5,5,6,6,7,7,8,8-dodecafluoro-1,9-diene, manufactured and characterised as further described in the notification.",,,,,"25190-89-0 (polymer with ethene and TFE)","A.105","A.105 row: isocyanurate and 3,3,4,4,5,5,6,6,7,7,8,8-dodecafluoro-1,9-diene, manufactured and characterised as further described in the notification. --"
"Food & feed packaging","nonafluorobutyl or tridecafluorohexyl or pentadecafluoroheptyl",,,,,"67584-51-4","A.105","A.105 row: Glycine, N-ethyl-N- [(heptadecafluorooctyl)sulf onyl]-, potassium salt, or nonafluorobutyl or tridecafluorohexyl or pentadecafluoroheptyl -- No data"
"Food packaging foils","Polytrifluoroethylene",,,,,,"A.105","A.105 row: Polytrifluoroethylene -- Food packaging foils."
"Industrial food processing and food","1-Propene,1,1,2,3,3,3-hexafluoro-polymer with 1,1-difluoroethene and TFE modified with triallyl",,,,,"25190-89-0 (polymer with ethene and TFE)","A.105","A.105 row: 1-Propene,1,1,2,3,3,3-hexafluoro-polymer with 1,1-difluoroethene and TFE modified with triallyl -- Monomers in Reg. 10/2011"
"Industrial food processing and food transport","Perfluoroethyl vinyl ether",,"PFEVE",,"Perfluoroalkyl vinyl ethers","10493-43-3","A.105","A.105 row: Perfluoroalkyl vinyl ethers: Perfluoromethyl vinyl ether Perfluoroethyl vinyl ether Perfluoropropyl vinyl ether --"
"Industrial food processing and food transport","Perfluoromethyl vinyl ether",,"PFMVE",,"Perfluoroalkyl vinyl ethers","1187-93-5","A.105","A.105 row: Perfluoroalkyl vinyl ethers: Perfluoromethyl vinyl ether Perfluoroethyl vinyl ether Perfluoropropyl vinyl ether --"
"Industrial food processing and food transport","Perfluoropropyl vinyl ether",,"PFPVE",,"Perfluoroalkyl vinyl ethers","1623-05-8","A.105","A.105 row: Perfluoroalkyl vinyl ethers: Perfluoromethyl vinyl ether Perfluoroethyl vinyl ether Perfluoropropyl vinyl ether --"
"Industrial food processing and food transport equipment","1,9- Decadiene,3,3,4,4,5,5,6,6- ,7,7,8,8-dodecafluoro-, polymer with TFE and trifluoro (trifluoromethoxy)ethene manufactured and characterized as further described in the notification.",,,,,"190062-24-9 (trifluoro ethene)","A.105","A.105 row: 1,9- Decadiene,3,3,4,4,5,5,6,6- ,7,7,8,8-dodecafluoro-, polymer with TFE and trifluoro (trifluoromethoxy)ethene manufactured and characterized as further described in the notification. -- Monomers in Reg. 10/2011"
"Industrial food processing and food transport equipment","2,3,3,3-tetrafluoro-2-heptafluoropropoxy)-propinoic acid","perfluoro[2(n-propoxy)propanoic acid]","GenX","HFPO-DA, FRD-903",,"13252-13-6","A.105","A.105 row: 2,3,3,3-tetrafluoro-2-heptafluoropropoxy)-propinoic acid; or perfluoro[2(n-propoxy)propanoic acid] --"
"Industrial food processing and food transport equipment","A copolymer of TFE and PFMVE modified with 1,3,5-triallyl isocyanurate or 1,3,5-triallyl cyanurate and 3,3,4,4,5,5,6,6,7,7,8,8-dodecafluoro-1,9-diene, manufactured and characterised as further described in the notification",,,,,"26425-79-6 (TFE and PFMVE)","A.105","A.105 row: A copolymer of TFE and PFMVE modified with 1,3,5-triallyl isocyanurate or 1,3,5-triallyl cyanurate and 3,3,4,4,5,5,6,6,7,7,8,8-dodecafluoro-1,9-diene, manufactured and characterised as further described in the notification -- Monomers in Reg. 10/2011"
"Industrial food processing and food transport equipment","A perfluorocarbon cured elastomer (PCE) produced by terpolymerizing TFE, PFMVE and perfluoro-6,6-dihydro-6-iodo-3-oxa-1-hexane, and subsequent curing of the terpolymer with triallylisocyanurate and 2,5-dimethyl-2,5-di(t-butylperoxy)hexane",,,,,"116-14-3 (TFE) 1187-93-5 (PFMVE) 106108-22-9 (perfluoro-alkane) 193018-53-0 (terpolymer) 1025-15-6 (triallylisoc yanurate) 78-63-7 (hexane)","A.105","A.105 row: A perfluorocarbon cured elastomer (PCE) produced by terpolymerizing TFE, PFMVE and perfluoro-6,6-dihydro-6-iodo-3-oxa-1-hexane, and subsequent curing of the terpolymer with triallylisocyanurate and 2,5-dimethyl-2,5-di(t-butylperoxy)hexane -- Monomers in Reg. 10/2011"
"Industrial food processing and food transport equipment","A perfluorocarbon-cured elastomer (PCE) produced by terpolymerizing TFE perfluoro (2,5-dimethyl- 3,6-dioxanone vinyl ether) and perfluoro (6,6-dihydro- 6-iodo- 3-oxa- 1-hexene) and subsequent curing of the terpolymer by crosslinking with triallylcyanurate and vulcanizing with 2,5-dimethyl- 2,5-di (t-butylperoxy) hexane, as a 68% dispersion on finely divided silica",,,,,"116-14-3 (TFE) 2599-84-0 (vinyl ether) 106108-22-9 (perfluoro alkene) 106108-23-0 (terpolymer) 101-37-1 (triallycyan urate) 78-63-7 (hexane)","A.105","A.105 row: A perfluorocarbon-cured elastomer (PCE) produced by terpolymerizing TFE perfluoro (2,5-dimethyl- 3,6-dioxanone vinyl ether) and perfluoro (6,6-dihydro- 6-iodo- 3-oxa- 1-hexene) and subsequent curing of the terpolymer by crosslinking with triallylcyanurate and vulcanizing with 2,5-dimethyl- 2,5-di (t-butylperoxy) hexane, as a 68% dispersion on finely divided silica -- Monomers in Reg. 10/2011"
"Industrial food processing and food transport equipment","A polymer produced from TFE and 1,1,2,2-tetrafluoro-2-((1,2,2-trifluoroethenyl)oxy) ethane sulfonyl fluoride. The polymer is hydrolysed and may optionally be further neutralized to its ammonium salt.",,,,,"116-14-3 (TFE) 29514-94-1 (fluoride)","A.105","A.105 row: A polymer produced from TFE and 1,1,2,2-tetrafluoro-2-((1,2,2-trifluoroethenyl)oxy) ethane sulfonyl fluoride. The polymer is hydrolysed and may optionally be further neutralized to its ammonium salt. -- Monomers in Reg. 10/2011"
"Industrial food processing and food transport equipment","Chlorotrifluoroethylene",,"ECTFE",,,"79-38-9","A.105","A.105 row: Chlorotrifluoroethylene -- Monomer in Reg. 10/2011"
"Industrial food processing and food transport equipment","Copolymer of TFE, PFMVE and 1-Butene, 4-bromo- 3,3,4,4-tetrafluoro-, polymer with ethene, 1,1,2,2-tetrafluoroethene and 1,1,2-trifluoro-2- (trifluoromethoxy)ethene. intended to be cross-linked with triallylisocyanurate",,,,,"105656-63-1","A.105","A.105 row: Copolymer of TFE, PFMVE and 1-Butene, 4-bromo- 3,3,4,4-tetrafluoro-, polymer with ethene, 1,1,2,2-tetrafluoroethene and 1,1,2-trifluoro-2- (trifluoromethoxy)ethene. intended to be cross-linked with triallylisocyanurate -- Monomers in Reg. 10/2011"
"Industrial food processing and food transport equipment","Ethene, tetrafluoro-, polymer with 1,1-difluoroethene and trifluoro(trifluoromethoxy)e thene modified with 1,3,5-triallyl isocyanurate (TAIC) and 3,3,4,4,5,5,6,6,7,7,8,8-",,,,"Ethene, tetrafluoro-, polymer with 1,1-difluoroethene and trifluoro(trifluoromethoxy)e thene modified with 1,3,5-triallyl isocyanurate (TAIC) and 3,3,4,4,5,5,6,6,7,7,8,8-","56357-87-0 (ethene","A.105","A.105 row: Ethene, tetrafluoro-, polymer with 1,1-difluoroethene and trifluoro(trifluoromethoxy)e thene modified with 1,3,5-triallyl isocyanurate (TAIC) and 3,3,4,4,5,5,6,6,7,7,8,8- -- Monomers in Reg. 10/2011"
"Industrial food processing and food transport equipment","Ethene, tetrafluoro-, polymer with 1,1-difluoroethene and trifluoro(trifluoromethoxy)e thene modified with 1,3,5-triallyl isocyanurate (TAIC) and 3,3,4,4,5,5,6,6,7,7,8,8-",,,,"Ethene, tetrafluoro-, polymer with 1,1-difluoroethene and trifluoro(trifluoromethoxy)e thene modified with 1,3,5-triallyl isocyanurate (TAIC) and 3,3,4,4,5,5,6,6,7,7,8,8-","fluoro","A.105","A.105 row: Ethene, tetrafluoro-, polymer with 1,1-difluoroethene and trifluoro(trifluoromethoxy)e thene modified with 1,3,5-triallyl isocyanurate (TAIC) and 3,3,4,4,5,5,6,6,7,7,8,8- -- Monomers in Reg. 10/2011"
"Industrial food processing and food transport equipment","Ethene, tetrafluoro-, polymer with 1,1-difluoroethene and trifluoro(trifluoromethoxy)e thene modified with 1,3,5-triallyl isocyanurate (TAIC) and 3,3,4,4,5,5,6,6,7,7,8,8-",,,,"Ethene, tetrafluoro-, polymer with 1,1-difluoroethene and trifluoro(trifluoromethoxy)e thene modified with 1,3,5-triallyl isocyanurate (TAIC) and 3,3,4,4,5,5,6,6,7,7,8,8-","polymer mixture)","A.105","A.105 row: Ethene, tetrafluoro-, polymer with 1,1-difluoroethene and trifluoro(trifluoromethoxy)e thene modified with 1,3,5-triallyl isocyanurate (TAIC) and 3,3,4,4,5,5,6,6,7,7,8,8- -- Monomers in Reg. 10/2011"
"Industrial food processing and food transport equipment","Ethylene tetrafluoroethylene copolymer",,"ETFE",,,"25038-71-5","A.105","A.105 row: Ethylene tetrafluoroethylene copolymer -- Monomer in Reg. 10/2011"
"Industrial food processing and food transport equipment","Fluorinated Ethylene Propylene (FEP)",,"FEP",,,"116-15-4","A.105","A.105 row: Perfluoroethylene propylene, or Fluorinated Ethylene Propylene (FEP); is a copolymer of: Hexafluoropropene (see above), and-tetrafluoroethylene -- Monomers in Reg. 10/2011"
"Industrial food processing and food transport equipment","Fluorocarbon cured elastomer produced by copolymerizing TFE and propylene and subsequent curing of the copolymer with triallylisocyanurate and 2,2’bis-(t-butylperoxy) diisopropylbenzene.",,,,,"116-14-3 (TFE) 115-07-1 (propylene) 27029-05-6 (copolymer) 1025-15-6 (triallylisoc yanurate) 25155-25-3 (2,2’bis-(t-butylperoxy) diisopropyl benzen)","A.105","A.105 row: Fluorocarbon cured elastomer produced by copolymerizing TFE and propylene and subsequent curing of the copolymer with triallylisocyanurate and 2,2’bis-(t-butylperoxy) diisopropylbenzene. -- Monomers in Reg. 10/2011"
"Industrial food processing and food transport equipment","Other HFP copolymers e.g. with TFE",,"HFP",,,"116-15-4","A.105","A.105 row: Other HFP copolymers e.g. with TFE -- Monomer in Reg. 10/2011"
"Industrial food processing and food transport equipment","Perfluoro acetic acid, α-substituted with the copolymer of perfluoro- 1,2-propylene glycol and perfluoro-1,1-ethylene glycol, terminated with chlorohexa-fluoropropyloxy groups",,,,,"329238-24-6","A.105","A.105 row: Perfluoro acetic acid, α-substituted with the copolymer of perfluoro- 1,2-propylene glycol and perfluoro-1,1-ethylene glycol, terminated with chlorohexa-fluoropropyloxy groups -- PPA in Reg. 10/2011 – specification: Up to 0.5% w/w in the polymerisation of fluoropolymers that are processed at temperatures at or above 340 °C and are intended"
"Industrial food processing and food transport equipment","Perfluoro[(2-ethyloxy-ethoxy)acetic acid]",,,,,,"A.105","A.105 row: Perfluoro[(2-ethyloxy-ethoxy)acetic acid] --"
"Industrial food processing and food transport equipment","Perfluoroalkoxy alkanes (PFA)",,"PFA",,,"26655-00-5, 1623-05-8,116-14-3","A.105","A.105 row: Perfluoroalkoxy alkanes (PFA); a copolymer of: Perfluoroalkyl vinyl ether, and tetrafluoroethene -- Monomer in Reg. 10/2011."
"Industrial food processing and food transport equipment","Perfluoroethylene propylene,",,"FEP",,,"25067-11-2","A.105","A.105 row: Perfluoroethylene propylene, or Fluorinated Ethylene Propylene (FEP); is a copolymer of: Hexafluoropropene (see above), and-tetrafluoroethylene -- Monomers in Reg. 10/2011"
"Industrial food processing and food transport equipment","Perfluorooctanoic acid, ammonium salt",,"PFOA",,,"3825-26-1","A.105","A.105 row: Perfluorooctanoic acid, ammonium salt --"
"Industrial food processing and food transport equipment","Polytetrafluoroethylene",,"PTFE",,,"9002-84-0,116-14-3","A.105","A.105 row: Polytetrafluoroethylene; a polymer of: tetrafluoroethylene --"
"Industrial food processing and food transport equipment","Polyvinylidene fluoride",,"PVDF",,,"24937-79-9","A.105","A.105 row: Polyvinylidene fluoride --"
"Industrial food processing and food transport equipment","VF and HFP copolymers",,,,,"9011-17-0","A.105","A.105 row: VF and HFP copolymers -- Monomers in Reg. 10/2011"
"Industrial food processing and food transport equipment","VF, HFP and tetrafluoroethylene (TFE) copolymers",,,,,"25190-89-0","A.105","A.105 row: VF, HFP and tetrafluoroethylene (TFE) copolymers -- Monomers in Reg. 10/2011"
"Non-food P&B packaging","1-Alkanesulfonamide, perfluoro-N-[2- (phosphonooxy) ethyl]-N-propyl",,,,,"64264-44-4","A.105","A.105 row: 1-Alkanesulfonamide, perfluoro-N-[2- (phosphonooxy) ethyl]-N-propyl --"
"Non-food P&B packaging","1-Propanaminium, 3- [[(perfluoroalkyl)sulfonyl]a mino]-N,N,N-trimethyl-, chloride (1:1)",,,,,"38006-74-5","A.105","A.105 row: 1-Propanaminium, 3- [[(perfluoroalkyl)sulfonyl]a mino]-N,N,N-trimethyl-, chloride (1:1) --"
"Non-food P&B packaging","1-Propanaminium, N- (carboxymethyl)-N,N-diethyl-3- [propyl[(perfluoroalkyl)sulf onyl]amino]-, inner salt",,,,,"138473-80-0","A.105","A.105 row: 1-Propanaminium, N- (carboxymethyl)-N,N-diethyl-3- [propyl[(perfluoroalkyl)sulf onyl]amino]-, inner salt --"
"Non-food P&B packaging","1-Propanaminium, N- (carboxymethyl)-N,N-dimethyl-3-[(perfluoro-1-oxoalkyl)amino]-, inner salt",,,,,"90179-39-8","A.105","A.105 row: 1-Propanaminium, N- (carboxymethyl)-N,N-dimethyl-3-[(perfluoro-1-oxoalkyl)amino]-, inner salt --"
"Non-food P&B packaging","Benzenesulfonic acid, 4- [(perfluoroalkyl)oxy]-, ammonium salt (1:1)",,,,,"138473-77-5","A.105","A.105 row: Benzenesulfonic acid, 4- [(perfluoroalkyl)oxy]-, ammonium salt (1:1) --"
"Non-food P&B packaging","Carbamic acid, [(perfluoroalkyl)sulfonyl]pr opyl-, sodium salt",,,,,"138473-78-6","A.105","A.105 row: Carbamic acid, [(perfluoroalkyl)sulfonyl]pr opyl-, sodium salt --"
"Non-food P&B packaging","Ethanol, 2,2′-iminobis-, compd. with α-fluoro-ω-[2- (phosphonooxy)ethyl]poly(difluoromethylene) (2:1)4a NH + (CH CH OH) 2,2,2 C F CH CH OPO H‒ n 2n+1,2,2,3 not specified 65530-63-4",,,,,"65530-63-4","A.105","A.105 row: Ethanol, 2,2′-iminobis-, compd. with α-fluoro-ω-[2- (phosphonooxy)ethyl]poly(difluoromethylene) (2:1)4a NH + (CH CH OH) 2,2,2 C F CH CH OPO H‒ n 2n+1,2,2,3 not specified 65530-63-4 --"
"Non-food P&B packaging","Ethanol, 2- [methyl(perfluoroalkyl)ami no]-, hydrogen phosphate (ester), ammonium salt",,,,,"138473-76-4","A.105","A.105 row: Ethanol, 2- [methyl(perfluoroalkyl)ami no]-, hydrogen phosphate (ester), ammonium salt --"
"Non-food P&B packaging","Ethanol, 2-[2- [(perfluoroalkyl)oxy]ethoxy ]-, dihydrogen phosphate, disodium salt",,,,,"138473-75-3","A.105","A.105 row: Ethanol, 2-[2- [(perfluoroalkyl)oxy]ethoxy ]-, dihydrogen phosphate, disodium salt --"
"Non-food P&B packaging","Glycine, N-ethyl-N- (perfluoro-1-oxoalkyl)-, ammonium salt",,,,,"138473-79-7","A.105","A.105 row: Glycine, N-ethyl-N- (perfluoro-1-oxoalkyl)-, ammonium salt --"
"Non-food P&B packaging","Oxirane, 2- [[(perfluoroalkyl)oxy]meth yl]-",,,,,"122193-68-4","A.105","A.105 row: Oxirane, 2- [[(perfluoroalkyl)oxy]meth yl]- --"
"Non-food P&B packaging","Piperazinium, 1-(2-hydroxyethyl)-1-methyl-4- (perfluoro-1-oxoalkyl)-, chloride (1:1)",,,,,"103555-98-2","A.105","A.105 row: Piperazinium, 1-(2-hydroxyethyl)-1-methyl-4- (perfluoro-1-oxoalkyl)-, chloride (1:1) --"
"Non-food P&B packaging","Poly(oxy-1,2-ethanediyl), α-[2- [[(pentadecafluoroheptyl) sulfonyl]propylamino]ethyl ]-ω-hydroxy",,,,,"138226-35-4","A.105","A.105 row: Poly(oxy-1,2-ethanediyl), α-[2- [[(pentadecafluoroheptyl) sulfonyl]propylamino]ethyl ]-ω-hydroxy --"
"Non-food P&B packaging","Poly(oxy-1,2-ethanediyl), α-[2-[[(perfluoroalkyl) sulfonyl]propylamino]ethyl ]-ω-[2-[[(perfluoroalkyl) sulfonyl]propylamino]ethox y]-",,,,,"138570-74-8","A.105","A.105 row: Poly(oxy-1,2-ethanediyl), α-[2-[[(perfluoroalkyl) sulfonyl]propylamino]ethyl ]-ω-[2-[[(perfluoroalkyl) sulfonyl]propylamino]ethox y]- --"
"Non-food P&B packaging","Poly(oxy-1,2-ethanediyl), α-[[4-[(perfluoroalkyl)oxy] phenyl]methyl]-ω-[[4- [(nonadecafluorononyl)oxy ] phenyl]methoxy]",,,,,"138226-36-5","A.105","A.105 row: Poly(oxy-1,2-ethanediyl), α-[[4-[(perfluoroalkyl)oxy] phenyl]methyl]-ω-[[4- [(nonadecafluorononyl)oxy ] phenyl]methoxy] --"
"Non-food P&B packaging","Poly(oxy-1,2-ethanediyl), α-sulfo-ω- [(perfluoroalkyl)oxy]-, sodium salt",,,,,"138226-34-3","A.105","A.105 row: Poly(oxy-1,2-ethanediyl), α-sulfo-ω- [(perfluoroalkyl)oxy]-, sodium salt --"
"Non-food P&B packaging","Potassium perfluoroalkane sulfonate",,,,,"2795-39-3","A.105","A.105 row: Potassium perfluoroalkane sulfonate --"
"Non-food packaging","2,3,3,4,4,5,5-Heptafluoro- 1-pentene",,,,,"1547-26-8","A.105","A.105 row: 2,3,3,4,4,5,5-Heptafluoro- 1-pentene --"
"Non-food packaging","Perfluoroalkyl phosphinic acids",,"PFPiAs",,"Perfluoroalkyl phosphinic acids","40143-77-9","A.105","A.105 row: Perfluoroalkyl phosphinic acids --"
"Non-food packaging","Perfluoroalkyl phosphinic acids",,"PFPiAs",,"Perfluoroalkyl phosphinic acids","40143-79-1","A.105","A.105 row: Perfluoroalkyl phosphinic acids --"
"Non-food packaging","Perfluoroalkyl phosphinic acids",,"PFPiAs",,"Perfluoroalkyl phosphinic acids","52299-27-1","A.105","A.105 row: Perfluoroalkyl phosphinic acids --"
"Non-food packaging","Perfluoroalkyl phosphinic acids",,"PFPiAs",,"Perfluoroalkyl phosphinic acids","63225-54-7","A.105","A.105 row: Perfluoroalkyl phosphinic acids --"
"Non-food packaging","Polychlorotrifluorethyene",,"PCTFE",,,"9002-83-9","A.105","A.105 row: Polychlorotrifluorethyene --"
"Non-food packaging","Polytetrafluoroethylene",,"PTFE",,,"9002-84-0,116-14-3","A.105","A.105 row: Polytetrafluoroethylene; a polymer of: tetrafluoroethylene --"
"PFAS that have been patented for use in paper packaging for non-food articles","Ethanol, 2,2′-iminobis-, compd. with α,α′- [phosphinicobis (oxy-2,1-ethanediyl)]bis[ω-fluoropoly(difluoromethyle ne)] (1:1)",,,,,"65530-64-5","A.105","A.105 row: Ethanol, 2,2′-iminobis-, compd. with α,α′- [phosphinicobis (oxy-2,1-ethanediyl)]bis[ω-fluoropoly(difluoromethyle ne)] (1:1) -- PFAS that have been patented for use in paper packaging for non-food articles"
"PFAS that have been patented for use in paper packaging for non-food articles","Piperazinium, 1- (2-hydroxyethyl) -1-methyl-4- (perfluoro-1-oxoalkyl) -, chloride (1:1)",,,,,"103555-98-2","A.105","A.105 row: Piperazinium, 1- (2-hydroxyethyl) -1-methyl-4- (perfluoro-1-oxoalkyl) -, chloride (1:1) -- PFAS that have been patented for use in paper packaging for non-food articles"
"Perfluoropenta acids (PFPEs) are used as lubricants during production, processing, and packaging of food","Perfluoropentanoic acid Perfluoropentadecanoic acid",,"PFPeA PFPeDA",,,"2706-90-3 and 141074-63-7","A.105","A.105 row: Perfluoropentanoic acid Perfluoropentadecanoic acid -- Perfluoropenta acids (PFPEs) are used as lubricants during production, processing, and packaging of food."
"Used as a lubricant, or a component of, bearing grease to lubricate facer roll bearings in paper and paperboard manufacturing","Siloxanes and silicones, methyl-phenyl, methyl- 3,3,3-trifluoropropyl",,,,,"1643944-25-5","A.105","A.105 row: Siloxanes and silicones, methyl-phenyl, methyl- 3,3,3-trifluoropropyl -- Used as a lubricant, or a component of, bearing grease to lubricate facer roll bearings in paper and paperboard manufacturing."
"equipment","Perfluoroethyl vinyl ether",,"PFEVE",,"Perfluoroalkyl vinyl ethers","10493-43-3","A.105","A.105 row: Perfluoroalkyl vinyl ethers: Perfluoromethyl vinyl ether Perfluoroethyl vinyl ether Perfluoropropyl vinyl ether --"
"equipment","Perfluoromethyl vinyl ether",,"PFMVE",,"Perfluoroalkyl vinyl ethers","1187-93-5","A.105","A.105 row: Perfluoroalkyl vinyl ethers: Perfluoromethyl vinyl ether Perfluoroethyl vinyl ether Perfluoropropyl vinyl ether --"
"equipment","Perfluoropropyl vinyl ether",,"PFPVE",,"Perfluoroalkyl vinyl ethers","1623-05-8","A.105","A.105 row: Perfluoroalkyl vinyl ethers: Perfluoromethyl vinyl ether Perfluoroethyl vinyl ether Perfluoropropyl vinyl ether --"
"transport equipment","isocyanurate and 3,3,4,4,5,5,6,6,7,7,8,8-dodecafluoro-1,9-diene, manufactured and characterised as further described in the notification.",,,,,"25190-89-0 (polymer with ethene and TFE)","A.105","A.105 row: isocyanurate and 3,3,4,4,5,5,6,6,7,7,8,8-dodecafluoro-1,9-diene, manufactured and characterised as further described in the notification. --"
"Consumer cookware","(Perfluorobutyl)ethyle ne",,,,,"19430-93-4","A.106","A.106 row: (Perfluorobutyl)ethyle ne"
"Consumer cookware","2,3,3,3-tetrafluoro-2-heptafluoropropoxy)-propinoic acid","perfluoro[2-(n-propoxy)propanoic acid]","GenX","HFPO-DA, FRD-903",,"13252-13-6","A.106","A.106 row: 2,3,3,3-tetrafluoro-2-heptafluoropropoxy)-propinoic acid; or perfluoro[2-(n-propoxy)propanoic acid]"
"Consumer cookware","2,3,3,4,4,5,5- Heptafluoro-1-pentene",,,,,"1547-26-8","A.106","A.106 row: 2,3,3,4,4,5,5- Heptafluoro-1-pentene"
"Consumer cookware","2H-perfluoro- [(5,8,11,14-tetramethyl)-tetraethyleneglycol ethyl propyl ether]",,,,,"37486-69-4","A.106","A.106 row: 2H-perfluoro- [(5,8,11,14-tetramethyl)-tetraethyleneglycol ethyl propyl ether]"
"Consumer cookware","3H-perfluoro-3-[(3-methoxy-propoxy)propanoic acid], ammonium salt",,"ADONA",,,"958445-44-8","A.106","A.106 row: 3H-perfluoro-3-[(3-methoxy-propoxy)propanoic acid], ammonium salt"
"Consumer cookware","Chlorotrifluoroethylen e",,,,,"79-38-9","A.106","A.106 row: Chlorotrifluoroethylen e"
"Consumer cookware","Fluorinated Ethylene Propylene (FEP)",,"FEP",,,"116-15-4","A.106","A.106 row: Perfluoroethylene propylene, or Fluorinated Ethylene Propylene (FEP); is a copolymer of: Hexafluoropropene (see above), and-tetrafluoroethylene"
"Consumer cookware","Hexafluoropropylene",,,,,"116-15-4","A.106","A.106 row: Hexafluoropropylene"
"Consumer cookware","Perfluoro acetic acid, α-substituted with the copolymer of perfluoro-1,2-propylene glycol and perfluoro-1,1-ethylene glycol, terminated with chlorohexa-fluoropropyloxy groups",,,,,"329238-24-6","A.106","A.106 row: Perfluoro acetic acid, α-substituted with the copolymer of perfluoro-1,2-propylene glycol and perfluoro-1,1-ethylene glycol, terminated with chlorohexa-fluoropropyloxy groups"
"Consumer cookware","Perfluoro[(2-ethyloxy-ethoxy)acetic acid]], ammonium salt",,,,,"908020-52-0","A.106","A.106 row: Perfluoro[(2-ethyloxy-ethoxy)acetic acid]], ammonium salt"
"Consumer cookware","Perfluoro[2-(poly(n-propoxy))propanoic acid]","perfluoropolyether carboxylic acid",,,,"51798-33-5","A.106","A.106 row: Perfluoro[2-(poly(n-propoxy))propanoic acid] or perfluoropolyether carboxylic acid"
"Consumer cookware","Perfluoroalkoxy alkanes (PFA)",,"PFA",,,"26655-00-5, 1623-05-8,116-14-3","A.106","A.106 row: Perfluoroalkoxy alkanes (PFA); a copolymer of: Perfluoroalkyl vinyl ether, and tetrafluoroethene"
"Consumer cookware","Perfluoroethyl vinyl ether",,"PFEVE",,"Perfluoroalkyl vinyl ethers","10493-43-3","A.106","A.106 row: Perfluoroalkyl vinyl ethers: Perfluoromethyl vinyl ether Perfluoroethyl vinyl ether Perfluoropropyl vinyl ether"
"Consumer cookware","Perfluoroethylene propylene,",,"FEP",,,"25067-11-2","A.106","A.106 row: Perfluoroethylene propylene, or Fluorinated Ethylene Propylene (FEP); is a copolymer of: Hexafluoropropene (see above), and-tetrafluoroethylene"
"Consumer cookware","Perfluoromethyl vinyl ether",,"PFMVE",,"Perfluoroalkyl vinyl ethers","1187-93-5","A.106","A.106 row: Perfluoroalkyl vinyl ethers: Perfluoromethyl vinyl ether Perfluoroethyl vinyl ether Perfluoropropyl vinyl ether"
"Consumer cookware","Perfluorooctanoic acid, ammonium salt",,"PFOA",,,"3825-26-1","A.106","A.106 row: Perfluorooctanoic acid, ammonium salt"
"Consumer cookware","Perfluoropropyl vinyl ether",,"PFPVE",,"Perfluoroalkyl vinyl ethers","1623-05-8","A.106","A.106 row: Perfluoroalkyl vinyl ethers: Perfluoromethyl vinyl ether Perfluoroethyl vinyl ether Perfluoropropyl vinyl ether"
"Consumer cookware","Polytetrafluoroethylen e",,"PTFE",,,"9002-84-0,116-14-3","A.106","A.106 row: Polytetrafluoroethylen e; a polymer of: tetrafluoroethylene"
"Consumer cookware","Sodium 4-perfluorononyloxy-benzenesulphonate",,,,,"59536-17-3","A.106","A.106 row: Sodium 4-perfluorononyloxy-benzenesulphonate"
"Consumer cookware","Vinylidene fluoride",,,,,"75-38-7","A.106","A.106 row: Vinylidene fluoride"
"Consumer cookware","perfluoro{acetic acid, 2-[(5-methoxy-1,3-dioxolan-4-yl)oxy]}, ammonium salt",,,,,"1190931-27-1","A.106","A.106 row: perfluoro{acetic acid, 2-[(5-methoxy-1,3-dioxolan-4-yl)oxy]}, ammonium salt"
"Manufacture of metal products","1-Propanaminium, 3-[[(perfluoroalkyl)sulfonyl]amino]-N,N,N-trimethyl-, chloride (1:1)",,,,,,"A.107","EU market: Unknown"
"Manufacture of metal products","1-Propanaminium, N-(2-carboxyethyl)-3-[[[1,2,2,3,3,4 5 5,6, 6-decafluoro-4-(trifluoromethyl)cyclohexyl]carbonyl] amino]-N,N-dimethyl-, inner salt",,,,,,"A.107","EU market: Unknown"
"Manufacture of metal products","1-Propanaminium, N-(2-carboxyethyl)-N,N-dimethyl-3- [[(1,2,2,3,3,4,4 5 5,6,6-undecafluorocyclohexyl)carbonyl]amino]- , inner salt",,,,,,"A.107","EU market: Unknown"
"Manufacture of metal products","1-Propanaminium, N-ethyl-3-[[(perfluoroalkyl)sulfonyl]amino]- N,N-dimethyl-, ethyl sulfate (1:1)",,,,,,"A.107","EU market: Unknown"
"Manufacture of metal products","3,3'-[(2-chloro-5-methyl-p-phenylene)bis[imino(1-acetyl-2-oxoethylene)azo]]bis[4-chloro-N-[2-(4-chlorophenoxy)-5- (trifluoromethyl)phenyl]benzamide]",,,,,,"A.107","EU market: 10-100 (registration dossier, volume not limited to the use of manufacture of metal products)"
"Manufacture of metal products","6:2 FTS",,"6:2 FTS",,,,"A.107","EU market: 10-100 (registration dossier, volume not limited to the use of manufacture of metal products)"
"Manufacture of metal products","Cyclohexanecarboxamide, N-[3-(dimethyl amino)propyl]- 1,2,2,3,3,4,4 5 5,6,6-undecafluoro-",,,,,,"A.107","EU market: Unknown"
"Manufacture of metal products","Cyclopentane, 1,1,2,2,3,3,4-heptafluoro",,,,,,"A.107","EU market: Unknown"
"Manufacture of metal products","Cyclopentane, 1,1,2,2,3,3,4-heptafluoro-",,,,,,"A.107","EU market: 1-10 (registration dossier, volume not limited to the use of manufacture of metal products)"
"Manufacture of metal products","Ethane, 1,1,2,2-tetrafluoro-1-(2,2,2-trifluoro ethoxy)-",,,,,,"A.107","EU market: Unkown"
"Manufacture of metal products","Ethane, 1,1,2,2-tetrafluoro-1-(2,2,2-trifluoro ethoxy-)",,,,,,"A.107","EU market: Unknown"
"Manufacture of metal products","Ethylene tetrafluoroethylene copolymer",,"ETFE",,,,"A.107","EU market: Unknown"
"Manufacture of metal products","Ethylene-chlorotrifluoroethylene copolymer",,"ECTFE",,,,"A.107","EU market: Unknown"
"Manufacture of metal products","Ethylene-hexafluoropropylene-perfluoropropyl vinyl ether-tetrafluoroethylene copolymer",,,,,,"A.107","EU market: Unknown"
"Manufacture of metal products","Ethylene-tetrafluoroethylene-hexafluoro propylene copolymer",,,,,,"A.107","EU market: Unknown"
"Manufacture of metal products","Fluorinated ethylene propylene",,"FEP",,,,"A.107","EU market: Unknown"
"Manufacture of metal products","Fluororubber (FKM, FFKM, FPM)",,,,,,"A.107","EU market: Unknown"
"Manufacture of metal products","Fluorosilicone",,"FVMQ",,,,"A.107","EU market: Unknown"
"Manufacture of metal products","Hexafluoropropylene polymer",,"HFP",,,,"A.107","EU market: Unknown"
"Manufacture of metal products","Hexafluoropropylene-perfluoropropyl vinyl ether-tetra fluoroethylene-vinylidene fluoride copolymer",,,,,,"A.107","EU market: Unknown"
"Manufacture of metal products","Hexafluoropropylene-tetrafluoroethylene-vinylidene fluoride copolymer",,"THV",,,,"A.107","EU market: Unknown"
"Manufacture of metal products","N-(2,3-dihydro-2-oxo-1H-benzimidazol-5-yl)-3-oxo-2-[[2- (trifluoromethyl)phenyl]azo] butyramide",,,,,,"A.107","EU market: 100-1 000 (registration dossier, volume not limited to the use of manufacture of metal products)"
"Manufacture of metal products","N-[3-(Dimethylamino)propyl]-N-[(perfluoroalkyl)sulfonyl]-β-alanine",,,,,,"A.107","EU market: Unknown"
"Manufacture of metal products","PFSmA polymers",,,,,,"A.107","EU market: Unknown"
"Manufacture of metal products","Pentane, 1,1,1,2,2,3,4 5 5 5-decafluoro-",,,,,,"A.107","EU market: Unknown"
"Manufacture of metal products","Pentane, 1,1,1,2,2,3,4,5,5,5-decafluoro-",,,,,,"A.107","EU market: Unknown"
"Manufacture of metal products","Perfluoralkoxy polymer",,"PFA",,,,"A.107","EU market: Unknown"
"Manufacture of metal products","Perfluoro-2-methyl-3-pentanone",,,,,,"A.107","EU market: Unknown"
"Manufacture of metal products","Perfluoropolyalkyl ether",,,,,,"A.107","EU market: Unkwnon"
"Manufacture of metal products","Poly(oxy-1,2-ethanediyl), α-[2-[ethyl[(perfluoroalkyl) sulfonyl]amino]ethyl]-ω-hydroxy",,,,,,"A.107","EU market: Unknown"
"Manufacture of metal products","Polychlorotrifluoroethylene",,"PCTFE",,,,"A.107","EU market: Unknown"
"Manufacture of metal products","Polytetrafluoroethylene",,"PTFE",,,,"A.107","EU market: Unknown"
"Manufacture of metal products","Polyvinylidene fluoride",,"PVDF",,,,"A.107","EU market: Unknown"
"Manufacture of metal products","Potassium perfluorohexane-1-sulphonate",,,,,,"A.107","EU market: Unknown"
"Manufacture of metal products","Potassium undecafluorocyclohexanesulphonate",,,,,,"A.107","EU market: Unknown"
"Manufacture of metal products","Reaction mass of ammonium(3,3,4,4 5 5,6,6,7,7,8,8,8-tridecafluorooctyl) hydrogen phosphate and ammonium bis(3,3,4,4 5 5,6,6,7,7,8,8,8-tridecafluorooctyl) phosphate",,,,,,"A.107","EU market: 1-10 (registration dossier, volume not limited to the use of manufacture of metal products)"
"Manufacture of metal products","Siloxanes and silicones, di-Me, Me 3,3,4,4 5 5,6,6,7,7,8,8,8-tridecafluorooctyl",,,,,,"A.107","EU market: Unknown"
"Manufacture of metal products","Siloxanes and silicones, di-Me, Me 3-(1,1,2,2-tetra fluoro ethoxy)propyl, Me 3,3,4,4 5 5,6,6,7,7,8,8,8-tridecafluorooctyl",,,,,,"A.107","EU market: Unknown"
"Manufacture of metal products","n:2 FT siloxanes/silicon polymers",,,,,,"A.107","EU market: Unknown"
"Manufacture of metal products","xFASAs/FASEs",,,,,,"A.107","EU market: Unknown"
"Metal plating","1-Alkanesulfonamide, N,N'-[phosphonicobis(oxy- 2,1,ethanediyl)]bis[perfluoro-N-methyl)",,,,,,"A.107","EU market: Unknown"
"Metal plating","1-Alkanesulfonamide, N,N'-bis(2,3-dihydroxy propyl)-perfluoro-",,,,,,"A.107","EU market: Unknown"
"Metal plating","3,3,4,4 5 5,6,6,7,7,8,8,8-tridecafluorooctanesulphonic acid (6:2 FTS)",,,,,,"A.107","EU market: 10-100 (registration dossier, volume not limited to the use of metal plating)"
"Metal plating","3-[(Carboxylatomethyl)[(perfluorohexyl)sulfonyl]amino]-N,N,N-trimethyl-1-propanaminium hydroxide sodium salt (1:1:1)",,,,,,"A.107","EU market: Unknown"
"Metal plating","Alkanamide, N,N-bis(2,3-dihydroxy propyl)-perfluoro",,,,,,"A.107","EU market: Unknown"
"Metal plating","Fluorinated (meth)acrylate polymers",,,,,,"A.107","EU market: Unknown"
"Metal plating","N,N,N,-triethylethanaminium 1,1,2,2,3,3,4,4,4-nonafluorobutane- 1-sulfonate (derivate of PFBS)",,,,,,"A.107","EU market: 1-10 (registration dossier, volume not limited to the use of metal plating)"
"Metal plating","N-Alkyl perfluoroalkane sulfonamides",,,,,,"A.107","EU market: Unknown"
"Metal plating","Perfluoroalkyl phosphinic acids",,,,,,"A.107","EU market: 1-10 (registration dossier, volume not limited to the use of metal plating)"
"Metal plating","Perfluorohexanesulfonamides",,,,,,"A.107","EU market: Unknown"
"Metal plating","Polytetrafluoroethylene",,"PTFE",,,,"A.107","EU market: Unknown"
"Metal plating","Potassium 1,1,2,2-tetrafluoro-2-(perfluorohexyloxo)ethane sulfonate (F-53)",,,,,,"A.107","EU market: Unknown – not registered."
"Metal plating","Potassium 2-(6-chloro-1,1,2,2,3,3,4,4 5 5,6,6-dodecafluorohexyloxy)-1,1,2,2-tetrafluoroethane sulfonate",,"F-53B",,,,"A.107","EU market: not given"
"Metal plating","Sodio(2-hydroxyethyl)[3-[(2-hydroxy-3-sulphonatopropyl)[(tridecafluorohexyl)sulphonyl]amino]propyl]di methylammonium hydroxide",,,,,,"A.107","EU market: Unknown"
"Metal plating","Sodium 3-((3- (dimethylamino)propyl)((tridecafluorohexyl)sulfonyl)amino)-2-hydroxy-1-propanesulfonate",,,,,,"A.107","EU market: Unknown"
"Metal plating","Sodium N-(2-carboxylatoethyl)-3-[(2-carboxyethyl)[(perfluorohexyl)sulfonyl]amino]-N,N-dimethyl-1-propanaminium",,,,,,"A.107","EU market: Unknown"
"Metal plating","Tridecafluoroheptanamide",,,,,,"A.107","EU market: Unknown"
"Car polish 1",,,"6:2 FTOH",,,,"A.110","6:2 FTOH = 263 (sampled 2014)"
"Car polish 1",,,"8:2 FTOH",,,,"A.110","8:2 FTOH = 3 110 (sampled 2014)"
"Car polish 1",,,"PFOA",,,,"A.110","PFOA = 0.47 (sampled 2014)"
"Car polish 2",,,"8:2 FTOH",,,,"A.110","8:2 FTOH = 31 130 (sampled 2014)"
"Car polish 2",,,"PFOA",,,,"A.110","PFOA = 0.509 (sampled 2014)"
"Car wax 1",,,"PFOA",,,,"A.110","PFOA = 1.4 (sampled 2016)"
"Car wax 2",,,"PFOA",,,,"A.110","PFOA = 2.8 (sampled 2016)"
"Dishwasher 1",,,"6:2 FTOH",,,,"A.110","6:2 FTOH = 391 (sampled 2014)"
"Dishwasher 1",,,"8:2 FTOH",,,,"A.110","8:2 FTOH = 9 290 (sampled 2014)"
"Dishwasher 1",,,"PFBA",,,,"A.110","PFBA = 1.12 (sampled 2014)"
"Dishwasher 1",,,"PFOA",,,,"A.110","PFOA = 0.555 (sampled 2014)"
"Dishwasher 2",,,"8:2 FTOH",,,,"A.110","8:2 FTOH = 2.62 (sampled 2014)"
"Floor polish",,,"6:2 FTOH",,,,"A.110","6:2 FTOH = 1834 (sampled 2016)"
"Floor polish",,,"PFBA",,,,"A.110","PFBA = 0.47 (sampled 2016)"
"Floor polish",,,"PFOA",,,,"A.110","PFOA = 0.59 (sampled 2016)"
"Rinse aid 1",,,"PFOA",,,,"A.110","PFOA = 0.75 (sampled 2016)"
"Rinse aid 2",,,"PFDA",,,,"A.110","PFDA = 0.47 (sampled 2016)"
"Rinse aid 2",,,"PFOA",,,,"A.110","PFOA = 0.75 (sampled 2016)"
"Shoe wax",,,"PFOA",,,,"A.110","PFOA = 0.53 (sampled 2016)"
"Waterproofing textiles – Wash in 1",,,"8:2 FTOH",,,,"A.110","8:2 FTOH = 630 (sampled 2014)"
"Waterproofing textiles – Wash in 2",,,"8:2 FTOH",,,,"A.110","8:2 FTOH = 680 (sampled 2014)"
"Cleanser",,,"6:2 FTOH",,,,"A.111","6:2 FTOH: 1 out of 24; content 4 mg/kg"
"Cleanser",,,"N-EtFOSE",,,,"A.111","N-EtFOSE: 1 out of 24; content 1.2 mg/kg"
"Polish",,,"6:2 FTOH",,,,"A.111","6:2 FTOH: 1 out of 18; content 26.0 mg/kg"
"Polish",,,"6:2 FTS",,,,"A.111","6:2 FTS: 1 out of 18; content 0.1 mg/kg"
"Commercial carpet care liquid (sample A1)",,,"10:2 FTOH",,,,"A.112","10:2 FTOH = 1.46 mg/kg"
"Commercial carpet care liquid (sample A1)",,,"6:2 FTOH",,,,"A.112","6:2 FTOH = 3.28 mg/kg"
"Commercial carpet care liquid (sample A1)",,,"8:2 FTOH",,,,"A.112","8:2 FTOH = 2.95 mg/kg"
"Commercial carpet care liquid (sample A2)",,,"6:2 FTOH",,,,"A.112","6:2 FTOH = 105 mg/kg"
"Commercial carpet care liquid (sample A3)",,,"8:2 FTOH",,,,"A.112","8:2 FTOH = 0.194 mg/kg"
"Floor waxes and wood/stone sealants (sample C1)",,,"6:2 FTOH",,,,"A.112","6:2 FTOH = 1.59 mg/kg"
"Floor waxes and wood/stone sealants (sample C1)",,,"8:2 FTOH",,,,"A.112","8:2 FTOH = 1.4 mg/kg"
"Floor waxes and wood/stone sealants (sample C2)",,,"6:2 FTOH",,,,"A.112","6:2 FTOH = 4.01 mg/kg"
"Floor waxes and wood/stone sealants (sample C2)",,,"8:2 FTOH",,,,"A.112","8:2 FTOH = 0.442 mg/kg"
"Floor waxes and wood/stone sealants (sample C3)",,,"6:2 FTOH",,,,"A.112","6:2 FTOH = 24.2 mg/kg"
"Floor waxes and wood/stone sealants (sample C3)",,,"8:2 FTOH",,,,"A.112","8:2 FTOH = 6.91 mg/kg"
"Floor waxes and wood/stone sealants (sample C4)",,,"6:2 FTOH",,,,"A.112","6:2 FTOH = 331 mg/kg"
"Floor waxes and wood/stone sealants (sample C4)",,,"8:2 FTOH",,,,"A.112","8:2 FTOH = 92.4 mg/kg"
"Floor waxes and wood/stone sealants (sample C5)",,,"6:2 FTOH",,,,"A.112","6:2 FTOH = 13.9 mg/kg"
"Floor waxes and wood/stone sealants (sample C5)",,,"8:2 FTOH",,,,"A.112","8:2 FTOH = 0.477 mg/kg"
"Household carpet/fabric-care liquids and foams (sample B2)",,,"8:2 FTOH",,,,"A.112","8:2 FTOH = 0.372 mg/kg"
"Air conditioning / Commercial and industrial air conditioning / Ducted self-contained units","HFC/HFO Blend (CO /HFC-32/HFO-1234yf) 2",,"R-455A",,,,"A.119","A.119 row: HFC/HFO Blend (CO /HFC-32/HFO-1234yf) 2"
"Air conditioning / Commercial and industrial air conditioning / Ducted self-contained units","HFC/HFO Blend (HFC-32 /HFO- 1234yf/1234ze(E))",,"R-459A",,,,"A.119","A.119 row: HFC/HFO Blend (HFC-32 /HFO- 1234yf/1234ze(E))"
"Air conditioning / Commercial and industrial air conditioning / Ducted self-contained units","HFC/HFO Blend (HFC-32/125/HFO-1234yf)",,"R-452B",,,,"A.119","A.119 row: HFC/HFO Blend (HFC-32/125/HFO-1234yf)"
"Air conditioning / Commercial and industrial air conditioning / Ducted self-contained units","HFC/HFO Blend (HFC-32/125/HFO-1234ze (E))",,"R-447B",,,,"A.119","A.119 row: HFC/HFO Blend (HFC-32/125/HFO-1234ze (E))"
"Air conditioning / Commercial and industrial air conditioning / Ducted self-contained units","HFC/HFO Blend (HFC-32/152a/HFO- 1234ze(E))",,"R-444B",,,,"A.119","A.119 row: HFC/HFO Blend (HFC-32/152a/HFO- 1234ze(E))"
"Air conditioning / Commercial and industrial air conditioning / Ducted self-contained units","HFC/HFO Blend (HFC-32/HFO- 1234ze(E)/600))",,"R-446A",,,,"A.119","A.119 row: HFC/HFO Blend (HFC-32/HFO- 1234ze(E)/600))"
"Air conditioning / Commercial and industrial air conditioning / Ducted self-contained units","HFC/HFO Blend (HFC-32/HFO-1234yf)",,"R-454A",,,,"A.119","A.119 row: HFC/HFO Blend (HFC-32/HFO-1234yf)"
"Air conditioning / Commercial and industrial air conditioning / Ducted self-contained units","HFC/HFO Blend (HFC-32/HFO-1234yf),",,"R-454B",,,,"A.119","A.119 row: HFC/HFO Blend (HFC-32/HFO-1234yf),"
"Air conditioning / Commercial and industrial air conditioning / Ducted self-contained units","HFC/HFO Blend HFC-32/125/HFO-1234ze",,"R-447A",,,,"A.119","A.119 row: HFC/HFO Blend HFC-32/125/HFO-1234ze"
"Cover gas / Magnesium casting","1-Ethoxy-nonafluorobutane",,"HFE-569mccc/HFE-569sf2 (HFE-7200)",,,"163702-05-4","A.119","A.119 row: 1-Ethoxy-nonafluorobutane"
"Cover gas / Magnesium casting","Methyl nonafluorobutyl ether + Methyl nonafluoroisobutyl ether",,"HFE-449mccc/HFE-449s1 (HFE-7100)",,,"163702-08-7, 163702-07-6","A.119","A.119 row: Methyl nonafluorobutyl ether + Methyl nonafluoroisobutyl ether"
"Cover gases / Magnesium casting","1,1-Difluoroethane (Not in scope)",,"HFC-152a",,,"75-37-6","A.119","A.119 row: 1,1-Difluoroethane (Not in scope)"
"Cover gases / Magnesium casting","Dodecafluoro-2-methyl-3-pentanone",,"FK-5-1-12",,,"756-13-8","A.119","A.119 row: Dodecafluoro-2-methyl-3-pentanone"
"Fire Suppressant / Local streaming agent","Dodecafluoro-2-methyl-3-pentanone",,"FK-5-1-12",,,"756-13-8","A.119","A.119 row: Dodecafluoro-2-methyl-3-pentanone"
"Fire suppressant","Pentafluoroethane (HFC-125) Carbon Dioxide",,,,,"354-33-6,124-38-9","A.119","A.119 row: Pentafluoroethane (HFC-125) Carbon Dioxide"
"Fire suppressant / Streaming agent / Niche applications aviation/military to replace halon 1211","2-Bromo-3,3,3-trifluoroprop-1-ene",,"BTP, 2-BTP, Halotron BrX",,,"1514-82-5","A.119","A.119 row: 2-Bromo-3,3,3-trifluoroprop-1-ene"
"Fire suppressant / Streaming agent / Protection of high value assets and electrical equipment. Onboard aircraft.","1,1,1,3,3,3- Hexafluoropropane",,"HFC-236fa",,,"690-39-1","A.119","A.119 row: 1,1,1,3,3,3- Hexafluoropropane"
"Fire suppressant / Total flooding agent & streaming agent / Protection of high value assets and electrical equipment.","1,1,1,2,3,3,3- Heptafluoropropane",,"HFC-227ea",,,"431-89-0","A.119","A.119 row: 1,1,1,2,3,3,3- Heptafluoropropane"
"Fire suppressant / Total flooding agent / Protection of high value assets and electrical equipment. Military aircraft engine nacelles.","Pentafluoroethane",,"HFC-125",,,"354-33-6","A.119","A.119 row: Pentafluoroethane"
"Fire suppressant / Total flooding agent / Support existing/legacy systems.","1,1,1,2-Tetrafluoroethane (HFC-134a)",,"HFC Blend B Halotron II,",,,"811-97-2","A.119","A.119 row: 1,1,1,2-Tetrafluoroethane (HFC-134a)"
"Fire suppressant / Total flooding agent / Support existing/legacy systems.","1-Chloro-1,2,2,2-tetrafluoroethane",,"HCFC-124",,,"2837-89-0","A.119","A.119 row: 1-Chloro-1,2,2,2-tetrafluoroethane"
"Fire suppressant / Total flooding agent / Support existing/legacy systems.","Difluorochloromethane (HFC-22) 1-Chloro-1,2,2,2-tetrafluoroethane (HCFC-124) 2,2-Dichloro-1,1,1-trifluoroethane (HCFC-123) d-limonene",,"HCFC Blend A, NAF-S-III",,,"75-45-6,2837-89-0,306-83-2,5989-27-5","A.119","A.119 row: Difluorochloromethane (HFC-22) 1-Chloro-1,2,2,2-tetrafluoroethane (HCFC-124) 2,2-Dichloro-1,1,1-trifluoroethane (HCFC-123) d-limonene"
"Foam-blowing Agents / Phenolic foam / Phenolic boardstock production/phenolic block foams","1,1,1,3,3-Pentafluorobutane",,"HFC-365mfc",,,"406-58-6","A.119","A.119 row: 1,1,1,3,3-Pentafluorobutane"
"Foam-blowing Agents / Polyurethane integral skin / Skin foams","1,1,1,3,3-Pentafluorobutane",,"HFC-365mfc",,,"406-58-6","A.119","A.119 row: 1,1,1,3,3-Pentafluorobutane"
"Foam-blowing Agents / Rigid Polyurethane (PU) Boardstock and Panels / Rigid boardstock, continuous panel production","1,1,1,3,3-Pentafluorobutane",,"HFC-365mfc",,,"406-58-6","A.119","A.119 row: 1,1,1,3,3-Pentafluorobutane"
"Foam-blowing Agents / Rigid polyurethane foam (commercial refrigeration and / Commercial refrigeration","1,1,1,3,3-Pentafluorobutane",,"HFC-365mfc",,,"406-58-6","A.119","A.119 row: 1,1,1,3,3-Pentafluorobutane"
"Foam-blowing Agents / Rigid polyurethane pipe-in-pipe and block foam / Block foam manufacture/pipe insulation","1,1,1,3,3-Pentafluorobutane",,"HFC-365mfc",,,"406-58-6","A.119","A.119 row: 1,1,1,3,3-Pentafluorobutane"
"Foam-blowing Agents / Rigid polyurethane spray Foam / Closed-cell spray foam","1,1,1,3,3-Pentafluorobutane",,"HFC-365mfc",,,"406-58-6","A.119","A.119 row: 1,1,1,3,3-Pentafluorobutane"
"Foam-blowing Agents / domestic appliances)","1,1,1,3,3-Pentafluorobutane",,"HFC-365mfc",,,"406-58-6","A.119","A.119 row: 1,1,1,3,3-Pentafluorobutane"
"Foam-blowing agents / Extruded polystyrene foam (XPS) / Emerging use as XPS","1,3,3,3-Tetrafluoropropene",,"HFO-1234ze(E)",,,"29118-24-9","A.119","A.119 row: 1,3,3,3-Tetrafluoropropene"
"Foam-blowing agents / Extruded polystyrene foam (XPS) / XPS","1,1-Difluoroethane (Not in scope)",,"HFC-152a",,,"75-37-6","A.119","A.119 row: 1,1-Difluoroethane (Not in scope)"
"Foam-blowing agents / Phenolic foam","1,1,1,2,3,3,3- Heptafluoropropane",,"HFC-227ea",,,"431-89-0","A.119","A.119 row: 1,1,1,2,3,3,3- Heptafluoropropane"
"Foam-blowing agents / Phenolic foam / Emerging use as phenolic","Cis-1,1,1,4,4,4-Hexafluoro- 2-butene",,"HFO-1336mzz(Z)",,,"692-49-9","A.119","A.119 row: Cis-1,1,1,4,4,4-Hexafluoro- 2-butene"
"Foam-blowing agents / Phenolic foam / Emerging use as phenolic boardstock production/ phenolic block foams","Trans-1-chloro-3,3,3-trifluoropropene",,"HCFO-1233zd(E)",,,"102687-65-0;","A.119","A.119 row: Trans-1-chloro-3,3,3-trifluoropropene"
"Foam-blowing agents / Polyurethane foam, closed cell","(E)-1,1,1,2,3,4,4,4-nonafluoro-4-(trifluoromethyl)-2-pentene",,"FA-188",,,"3709-71-5","A.119","A.119 row: (E)-1,1,1,2,3,4,4,4-nonafluoro-4-(trifluoromethyl)-2-pentene"
"Foam-blowing agents / Polyurethane integral skin","1,1,1,2,3,3,3- Heptafluoropropane",,"HFC-227ea",,,"431-89-0","A.119","A.119 row: 1,1,1,2,3,3,3- Heptafluoropropane"
"Foam-blowing agents / Rigid Polyurethane (PU Boardstock and Panels / Emerging use as rigid boardstock","Trans-1-chloro-3,3,3-trifluoropropene",,"HCFO-1233zd(E)",,,"102687-65-0;","A.119","A.119 row: Trans-1-chloro-3,3,3-trifluoropropene"
"Foam-blowing agents / Rigid Polyurethane pipe-in-pipe and block foam / Block foam manufacture/pipe insulation","1,1,1,3,3- Pentafluoropropane",,"HFC-245fa",,,"460-73-1","A.119","A.119 row: 1,1,1,3,3- Pentafluoropropane"
"Foam-blowing agents / Rigid closed-cell PU/PIR insulation foam","Perfluoro-2-methylpentane",,"Flutec RC1",,,"355-04-4","A.119","A.119 row: Perfluoro-2-methylpentane"
"Foam-blowing agents / Rigid polyurethane (PU) Boardstock and Panels / Emerging use as rigid boardstock","Cis-1,1,1,4,4,4-Hexafluoro- 2-butene",,"HFO-1336mzz(Z)",,,"692-49-9","A.119","A.119 row: Cis-1,1,1,4,4,4-Hexafluoro- 2-butene"
"Foam-blowing agents / Rigid polyurethane (PU) Boardstock and Panels / Rigid boardstock (believed to be largely phased out)","1,1-Dichloro-1-fluoroethane (Not in scope)",,"HCFC-141b",,,"1717-00-6","A.119","A.119 row: 1,1-Dichloro-1-fluoroethane (Not in scope)"
"Foam-blowing agents / Rigid polyurethane boardstock and panels / Continuous panel production","1,1,1,2-Tetrafluoroethane",,"HFC-134a",,,"811-97-2","A.119","A.119 row: 1,1,1,2-Tetrafluoroethane"
"Foam-blowing agents / Rigid polyurethane boardstock and panels / Rigid boardstock, continuous panel","1,1,1,2,3,3,3- Heptafluoropropane",,"HFC-227ea",,,"431-89-0","A.119","A.119 row: 1,1,1,2,3,3,3- Heptafluoropropane"
"Foam-blowing agents / Rigid polyurethane boardstock and panels / Rigid boardstock, continuous panel production","1,1,1,3,3- Pentafluoropropane",,"HFC-245fa",,,"460-73-1","A.119","A.119 row: 1,1,1,3,3- Pentafluoropropane"
"Foam-blowing agents / Rigid polyurethane foam (Commercial Refrigeration and Domestic Appliances) / Domestic appliances, commercial refrigeration","Cis-1,1,1,4,4,4-Hexafluoro- 2-butene",,"HFO-1336mzz(Z)",,,"692-49-9","A.119","A.119 row: Cis-1,1,1,4,4,4-Hexafluoro- 2-butene"
"Foam-blowing agents / Rigid polyurethane foam (commercial refrigeration and domestic appliances)","(Z)-1-Chloro-2,3,3,3-tetrafluoropropene",,"HCFO-1224yd(Z)",,,"111512-60-8","A.119","A.119 row: (Z)-1-Chloro-2,3,3,3-tetrafluoropropene"
"Foam-blowing agents / Rigid polyurethane foam (commercial refrigeration and domestic appliances) / Commercial refrigeration","1,1,1,2-Tetrafluoroethane",,"HFC-134a",,,"811-97-2","A.119","A.119 row: 1,1,1,2-Tetrafluoroethane"
"Foam-blowing agents / Rigid polyurethane foam (commercial refrigeration and domestic appliances) / Commercial refrigeration","1,3,3,3-Tetrafluoropropene",,"HFO-1234ze(E)",,,"29118-24-9","A.119","A.119 row: 1,3,3,3-Tetrafluoropropene"
"Foam-blowing agents / Rigid polyurethane foam (commercial refrigeration and domestic appliances) / Domestic appliances, commercial refrigeration","1,1,1,3,3- Pentafluoropropane",,"HFC-245fa",,,"460-73-1","A.119","A.119 row: 1,1,1,3,3- Pentafluoropropane"
"Foam-blowing agents / Rigid polyurethane foam (commercial refrigeration and domestic appliances) / Domestic appliances, commercial refrigeration","Trans-1-chloro-3,3,3-trifluoropropene",,"HCFO-1233zd(E)",,,"102687-65-0;","A.119","A.119 row: Trans-1-chloro-3,3,3-trifluoropropene"
"Foam-blowing agents / Rigid polyurethane pipe-in-pipe and block foam / Block foam manufacture/pipe insulation","1,1,1,2,3,3,3- Heptafluoropropane",,"HFC-227ea",,,"431-89-0","A.119","A.119 row: 1,1,1,2,3,3,3- Heptafluoropropane"
"Foam-blowing agents / Rigid polyurethane spray Foam / Closed-cell spray foam","1,1,1,3,3- Pentafluoropropane",,"HFC-245fa",,,"460-73-1","A.119","A.119 row: 1,1,1,3,3- Pentafluoropropane"
"Foam-blowing agents / Rigid polyurethane spray foam","1,1,1,2,3,3,3- Heptafluoropropane",,"HFC-227ea",,,"431-89-0","A.119","A.119 row: 1,1,1,2,3,3,3- Heptafluoropropane"
"Foam-blowing agents / Rigid polyurethane spray foam / Open cell spray foam","1,1-Difluoroethane (Not in scope)",,"HFC-152a",,,"75-37-6","A.119","A.119 row: 1,1-Difluoroethane (Not in scope)"
"Foam-blowing agents / Rigid polyurethane spray foam / Open-cell spray foam","1,1,1,2-Tetrafluoroethane",,"HFC-134a",,,"811-97-2","A.119","A.119 row: 1,1,1,2-Tetrafluoroethane"
"Foam-blowing agents / Rigid polyurethane spray foam / Open-cell spray foam","1,3,3,3-Tetrafluoropropene",,"HFO-1234ze(E)",,,"29118-24-9","A.119","A.119 row: 1,3,3,3-Tetrafluoropropene"
"Foam-blowing agents / boardstock production/phenolic block foams","Cis-1,1,1,4,4,4-Hexafluoro- 2-butene",,"HFO-1336mzz(Z)",,,"692-49-9","A.119","A.119 row: Cis-1,1,1,4,4,4-Hexafluoro- 2-butene"
"Foam-blowing agents / production","1,1,1,2,3,3,3- Heptafluoropropane",,"HFC-227ea",,,"431-89-0","A.119","A.119 row: 1,1,1,2,3,3,3- Heptafluoropropane"
"Insulating gas / Electrical switchgear (high voltage)","2,3,3,3-tetrafluoro-2-(trifluoromethyl)-propanenitrile",,"C4-FN",,,"42532-60-5","A.119","A.119 row: 2,3,3,3-tetrafluoro-2-(trifluoromethyl)-propanenitrile"
"Insulating gas / Electrical switchgear (medium voltage)","1,1,1,3,4,4,4-heptafluoro-3-(trifluoromethyl)-2-butanone",,"C5-FK",,,"756-12-7","A.119","A.119 row: 1,1,1,3,4,4,4-heptafluoro-3-(trifluoromethyl)-2-butanone"
"N/A / Refrigeration and heat pumps / Commercial refrigeration","HFC Blend (HFC-125/143a/134a)",,,,,"R-404A","A.119","A.119 row: HFC Blend (HFC-125/143a/134a)"
"Other / Debinding agent, 3D printing","Methoxytridecafluoro-heptene isomers",,"MPHE, SionTM",,,,"A.119","A.119 row: Methoxytridecafluoro-heptene isomers"
"Other / Immersion cooling of electronics","1,1,1,2,2,3,4,5,5,5- Decafluoropentane",,"HFC-43-10mee",,,"138495-42-8","A.119","A.119 row: 1,1,1,2,2,3,4,5,5,5- Decafluoropentane"
"Other / Immersion cooling of electronics","1,1,2,3,3,3-Hexafluoropropene, oxidized, polymd. (Perfluoropolyether, PFPE)",,"Galden HT-55/HT-70",,,"69991-67-9","A.119","A.119 row: 1,1,2,3,3,3-Hexafluoropropene, oxidized, polymd. (Perfluoropolyether, PFPE)"
"Other / Immersion cooling of electronics","Methyl nonafluorobutyl ether + Methyl nonafluoroisobutyl ether",,"HFE-449mccc/HFE-449s1 (HFE-7100)",,,"163702-08-7, 163702-07-6","A.119","A.119 row: Methyl nonafluorobutyl ether + Methyl nonafluoroisobutyl ether"
"Other / Immersion cooling of electronics","Perfluorotributylamine",,"FC-40/FC-3284",,,"311-89-7 (1064698-37-8)","A.119","A.119 row: Perfluorotributylamine"
"Other / Plasma coating of HDPE","1,1,1,2-Tetrafluoroethane",,"HFC-134a",,,"811-97-2","A.119","A.119 row: 1,1,1,2-Tetrafluoroethane"
"Other / Plasma coating of HDPE","2,3,3,3-Tetrafluoropropene",,"HFO-1234yf",,,"754-12-1","A.119","A.119 row: 2,3,3,3-Tetrafluoropropene"
"Propellants / Commercial and industrial / Technical uses where non-flammability and inhalation safety required – air dusters and lubricant aerosols","1,1,1,2-Tetrafluoroethane",,"HFC-134a",,,"811-97-2","A.119","A.119 row: 1,1,1,2-Tetrafluoroethane"
"Propellants / Consumer propellants","Cis-1,1,1,4,4,4-Hexafluoro- 2-butene",,"HFO-1336mzz(Z)",,,"692-49-9","A.119","A.119 row: Cis-1,1,1,4,4,4-Hexafluoro- 2-butene"
"Propellants / Consumer propellants / Consumer aerosols","1,1-Difluoroethane (Not in scope)",,"HFC-152a",,,"75-37-6","A.119","A.119 row: 1,1-Difluoroethane (Not in scope)"
"Propellants / Consumer propellants / Consumer products","1,1,1,2-Tetrafluoroethane",,"HFC-134a",,,"811-97-2","A.119","A.119 row: 1,1,1,2-Tetrafluoroethane"
"Propellants / Consumer propellants / Non-flammable propellant and novelty aerosols","1,3,3,3-Tetrafluoropropene",,"HFO-1234ze(E)",,,"29118-24-9","A.119","A.119 row: 1,3,3,3-Tetrafluoropropene"
"Refrgeration and heat pumps / Domestic and commercial air conditioning / Chillers","HFC/HFO Blend (HFC-227ea/HFO- 1234ze(E))",,"R-515B",,,,"A.119","A.119 row: HFC/HFO Blend (HFC-227ea/HFO- 1234ze(E))"
"Refrigerant / Electronics cooling, military applications","3-Ethoxyperfluoro(2-methylhexane)",,"HFE-7500",,,"297730-93-9","A.119","A.119 row: 3-Ethoxyperfluoro(2-methylhexane)"
"Refrigeration (in blend, see R- 473A)","1,1,-Difluoroethylene (Not in scope)",,"HFO-1132a",,,"75-38-7","A.119","A.119 row: 1,1,-Difluoroethylene (Not in scope)"
"Refrigeration (in blend, see R- 473A)","Fluoroform (trifluoromethane) (Not in scope)",,"HFC-23",,,"75-46-7","A.119","A.119 row: Fluoroform (trifluoromethane) (Not in scope)"
"Refrigeration / Industrial refrigeration / Large-scale food storage","HFC Blend",,"R-507A",,,,"A.119","A.119 row: HFC Blend"
"Refrigeration / Industrial refrigeration / Ultra low-temperature vaccine preservation","HFC/PFC Blend (HFC-23/PFC-116)",,"R-508B",,,,"A.119","A.119 row: HFC/PFC Blend (HFC-23/PFC-116)"
"Refrigeration / Transport and industrial refrigeration / Ultra low-temperature applications such as reefers, chemical processes and environmental simulation","HFC/CO blend 2 (CO /HFC-32/HFC-125) 2",,"R-469A",,,,"A.119","A.119 row: HFC/CO blend 2 (CO /HFC-32/HFC-125) 2"
"Refrigeration / Transport and industrial refrigeration / Ultra low-temperature applications such as reefers, chemical processes and environmental simulation","HFC/HFO/CO Blend 2 (CO /HFC-23/HFC- 2 125/HFO-1132a)",,"R-473A",,,,"A.119","A.119 row: HFC/HFO/CO Blend 2 (CO /HFC-23/HFC- 2 125/HFO-1132a)"
"Refrigeration and heat pumps","1234yf)",,,,,,"A.119","A.119 row: 1234yf)"
"Refrigeration and heat pumps / Commercial refrigeration / Bottler coolers","1,3,3,3-Tetrafluoropropene",,"HFO-1234ze(E)",,,"29118-24-9","A.119","A.119 row: 1,3,3,3-Tetrafluoropropene"
"Refrigeration and heat pumps / Commercial refrigeration / Bottler coolers","2,3,3,3-Tetrafluoropropene",,"HFO-1234yf",,,"754-12-1","A.119","A.119 row: 2,3,3,3-Tetrafluoropropene"
"Refrigeration and heat pumps / Commercial refrigeration / Condensing unit systems","HFC Blend (HFC-32/125/134a)",,"R-407A",,,,"A.119","A.119 row: HFC Blend (HFC-32/125/134a)"
"Refrigeration and heat pumps / Commercial refrigeration / Condensing unit systems","HFC Blend (HFC-32/125/134a)",,"R-407F",,,,"A.119","A.119 row: HFC Blend (HFC-32/125/134a)"
"Refrigeration and heat pumps / Commercial refrigeration / Condensing unit systems","HFC Blend (HFC-32/125/134a)",,"R-407H",,,,"A.119","A.119 row: HFC Blend (HFC-32/125/134a)"
"Refrigeration and heat pumps / Commercial refrigeration / Condensing unit systems","HFC Blend (HFC-32/HFC-125)",,"R-410A",,,,"A.119","A.119 row: HFC Blend (HFC-32/HFC-125)"
"Refrigeration and heat pumps / Commercial refrigeration / Condensing unit systems","HFC/HFO Blend (HFC-134a/HFO-1234ze(E))",,"R-450A",,,,"A.119","A.119 row: HFC/HFO Blend (HFC-134a/HFO-1234ze(E))"
"Refrigeration and heat pumps / Commercial refrigeration / Condensing unit systems","HFC/HFO Blend (HFC-32/125/134a HFO-",,"R-449B",,,,"A.119","A.119 row: HFC/HFO Blend (HFC-32/125/134a HFO-"
"Refrigeration and heat pumps / Commercial refrigeration / Condensing unit systems","HFC/HFO Blend (HFC-32/125/HFO-1234yf)",,"R-452A",,,,"A.119","A.119 row: HFC/HFO Blend (HFC-32/125/HFO-1234yf)"
"Refrigeration and heat pumps / Commercial refrigeration / Condensing unit systems, bottler coolers, ice cream cabinets, standalone plug-in displays.","1,1,1,2-Tetrafluoroethane",,"HFC-134a",,,"811-97-2","A.119","A.119 row: 1,1,1,2-Tetrafluoroethane"
"Refrigeration and heat pumps / Commercial refrigeration / Condensing unit systems, standalone display cases","HFC/HFO Blend (HFC-32 /125 /134a/HFO- 1234yf)",,"R-449A (XP40)",,,,"A.119","A.119 row: HFC/HFO Blend (HFC-32 /125 /134a/HFO- 1234yf)"
"Refrigeration and heat pumps / Commercial refrigeration / Condensing unit systems, standalone display cases","HFC/HFO Blend (HFC-32/125/134a HFO- 1234yf/1234ze(E))",,"R-448A",,,,"A.119","A.119 row: HFC/HFO Blend (HFC-32/125/134a HFO- 1234yf/1234ze(E))"
"Refrigeration and heat pumps / Commercial refrigeration / Condensing units","HFC/HFO Blend (HFO-1234yf/HFC-134a)",,"R-513A",,,,"A.119","A.119 row: HFC/HFO Blend (HFO-1234yf/HFC-134a)"
"Refrigeration and heat pumps / Domestic and commercial air conditioning","HFC Blend (HFC-32/125/134a)",,"R-407C",,,,"A.119","A.119 row: HFC Blend (HFC-32/125/134a)"
"Refrigeration and heat pumps / Domestic and commercial air conditioning","HFC Blend (HFC-32/125/134a)",,"R-407E",,,,"A.119","A.119 row: HFC Blend (HFC-32/125/134a)"
"Refrigeration and heat pumps / Domestic and commercial air conditioning / Chillers","1,1,1,3,3- Pentafluoropropane",,"HFC-245fa",,,"460-73-1","A.119","A.119 row: 1,1,1,3,3- Pentafluoropropane"
"Refrigeration and heat pumps / Domestic and commercial air conditioning / Chillers","1-Chloro-2,3,3,3-tetrafluoropropene",,"HCFO-1224yd",,,"3110-38-1","A.119","A.119 row: 1-Chloro-2,3,3,3-tetrafluoropropene"
"Refrigeration and heat pumps / Domestic and commercial air conditioning / Chillers","HCO/HFO Blend HFO-1336mzz(Z) / trans-1,2 dichloroethene (1130(E))",,"R-514A",,,,"A.119","A.119 row: HCO/HFO Blend HFO-1336mzz(Z) / trans-1,2 dichloroethene (1130(E))"
"Refrigeration and heat pumps / Domestic and commercial air conditioning / Chillers","HFC/HFO Blend (HFO-1234yf/HFC-134a)",,"R-513A",,,,"A.119","A.119 row: HFC/HFO Blend (HFO-1234yf/HFC-134a)"
"Refrigeration and heat pumps / Domestic and commercial air conditioning / Chillers","Trans-1,1,1,4,4,4-hexafluorobut-2-ene",,"HFO-1336mzz(E)",,,"66711-86-2","A.119","A.119 row: Trans-1,1,1,4,4,4-hexafluorobut-2-ene"
"Refrigeration and heat pumps / Domestic and commercial air conditioning / Chillers","Trans-1-chloro-3,3,3-trifluoropropene",,"HCFO-1233zd(E)",,,"102687-65-0;","A.119","A.119 row: Trans-1-chloro-3,3,3-trifluoropropene"
"Refrigeration and heat pumps / Domestic and commercial air conditioning / Self-contained units, Split non-ducted units, Multi-split units, Split ducted units, chillers","HFC Blend (HFC-32/HFC-125)",,"R-410A",,,,"A.119","A.119 row: HFC Blend (HFC-32/HFC-125)"
"Refrigeration and heat pumps / Domestic and commercial air conditioning / Split non-ducted units","Difluoromethane (Not in scope)",,"HFC-32",,,"75-10-5","A.119","A.119 row: Difluoromethane (Not in scope)"
"Refrigeration and heat pumps / Domestic and commercial air conditioning / Split non-ducted units – in areas with high ambient temperature, chillers","1,1,1,2-Tetrafluoroethane",,"HFC-134a",,,"811-97-2","A.119","A.119 row: 1,1,1,2-Tetrafluoroethane"
"Refrigeration and heat pumps / Domestic and commercial air conditioning / Stationary air conditioning and chillers","2,3,3,3-Tetrafluoropropene",,"HFO-1234yf",,,"754-12-1","A.119","A.119 row: 2,3,3,3-Tetrafluoropropene"
"Refrigeration and heat pumps / Domestic and commercial air conditioning / Stationary air conditioning and chillers","Trans-1,3,3,3- Tetrafluoroprop-1-ene",,"HFO-1234ze(E)",,,"1645-83-6","A.119","A.119 row: Trans-1,3,3,3- Tetrafluoroprop-1-ene"
"Refrigeration and heat pumps / Domestic refrigeration","Difluoromethane (Not in scope)",,"HFC-32",,,"75-10-5","A.119","A.119 row: Difluoromethane (Not in scope)"
"Refrigeration and heat pumps / Domestic refrigeration","HFC Blend (HFC-32/HFC-125)",,"R-410A",,,,"A.119","A.119 row: HFC Blend (HFC-32/HFC-125)"
"Refrigeration and heat pumps / Domestic refrigeration / Domestic fridge/freezer","2,3,3,3-Tetrafluoropropene",,"HFO-1234yf",,,"754-12-1","A.119","A.119 row: 2,3,3,3-Tetrafluoropropene"
"Refrigeration and heat pumps / Domestic refrigeration / Domestic fried/freezer","1,3,3,3-Tetrafluoropropene",,"HFO-1234ze(E)",,,"29118-24-9","A.119","A.119 row: 1,3,3,3-Tetrafluoropropene"
"Refrigeration and heat pumps / Electronics cooling","1,1,1,2-Tetrafluoroethane",,"HFC-134a",,,"811-97-2","A.119","A.119 row: 1,1,1,2-Tetrafluoroethane"
"Refrigeration and heat pumps / Electronics cooling","Difluoromethane (Not in scope)",,"HFC-32",,,"75-10-5","A.119","A.119 row: Difluoromethane (Not in scope)"
"Refrigeration and heat pumps / Heat pump clothes dryers","1,1,1,2-Tetrafluoroethane",,"HFC-134a",,,"811-97-2","A.119","A.119 row: 1,1,1,2-Tetrafluoroethane"
"Refrigeration and heat pumps / Heat pumps","1,1,1,3,3- Pentafluoropropane",,"HFC-245fa",,,"460-73-1","A.119","A.119 row: 1,1,1,3,3- Pentafluoropropane"
"Refrigeration and heat pumps / Heat pumps","1,1-Difluoroethane (Not in scope)",,"HFC-152a",,,"75-37-6","A.119","A.119 row: 1,1-Difluoroethane (Not in scope)"
"Refrigeration and heat pumps / Heat pumps","2,3,3,3-Tetrafluoropropene",,"HFO-1234yf",,,"754-12-1","A.119","A.119 row: 2,3,3,3-Tetrafluoropropene"
"Refrigeration and heat pumps / Heat pumps","HFC/HFO Blend (HFC-32 /125 /134a/HFO- 1234yf)",,"R-449A (XP40)",,,,"A.119","A.119 row: HFC/HFO Blend (HFC-32 /125 /134a/HFO- 1234yf)"
"Refrigeration and heat pumps / Heat pumps","HFC/HFO Blend (HFC-32/125/134a HFO- 1234yf/1234ze(E))",,"R-448A",,,,"A.119","A.119 row: HFC/HFO Blend (HFC-32/125/134a HFO- 1234yf/1234ze(E))"
"Refrigeration and heat pumps / Heat pumps","HFC/HFO Blend (HFO-1234yf/HFC-134a)",,"R-513A",,,,"A.119","A.119 row: HFC/HFO Blend (HFO-1234yf/HFC-134a)"
"Refrigeration and heat pumps / Heat pumps","Pentafluoroethane",,"HFC-125",,,"354-33-6","A.119","A.119 row: Pentafluoroethane"
"Refrigeration and heat pumps / Heat pumps / Steam production","1,3,3,3-Tetrafluoropropene",,"HFO-1234ze(E)",,,"29118-24-9","A.119","A.119 row: 1,3,3,3-Tetrafluoropropene"
"Refrigeration and heat pumps / Heat pumps / Steam production","1-Chloro-2,3,3,3-tetrafluoropropene",,"HCFO-1224yd",,,"3110-38-1","A.119","A.119 row: 1-Chloro-2,3,3,3-tetrafluoropropene"
"Refrigeration and heat pumps / Heat pumps / Steam production","Trans-1-chloro-3,3,3-trifluoropropene",,"HCFO-1233zd(E)",,,"102687-65-0;","A.119","A.119 row: Trans-1-chloro-3,3,3-trifluoropropene"
"Refrigeration and heat pumps / Industrial refrigeration","2,3,3,3-Tetrafluoropropene",,"HFO-1234yf",,,"754-12-1","A.119","A.119 row: 2,3,3,3-Tetrafluoropropene"
"Refrigeration and heat pumps / Industrial refrigeration","Difluoromethane (Not in scope)",,"HFC-32",,,"75-10-5","A.119","A.119 row: Difluoromethane (Not in scope)"
"Refrigeration and heat pumps / Industrial refrigeration / Data centre cooling","1,1,1,2-Tetrafluoroethane",,"HFC-134a",,,"811-97-2","A.119","A.119 row: 1,1,1,2-Tetrafluoroethane"
"Refrigeration and heat pumps / Industrial refrigeration / Data centre cooling","1,3,3,3-Tetrafluoropropene",,"HFO-1234ze(E)",,,"29118-24-9","A.119","A.119 row: 1,3,3,3-Tetrafluoropropene"
"Refrigeration and heat pumps / Industrial refrigeration / Data centre cooling","HFC Blend (HFC-32/HFC-125)",,"R-410A",,,,"A.119","A.119 row: HFC Blend (HFC-32/HFC-125)"
"Refrigeration and heat pumps / Industrial refrigeration / Large-scale food storage and processing","HFC Blend (HFC-125/134a/isobutane)",,"R-422A",,,,"A.119","A.119 row: HFC Blend (HFC-125/134a/isobutane)"
"Refrigeration and heat pumps / Industrial refrigeration / Large-scale food storage and processing","HFC Blend (HFC-125/134a/isobutane)",,"R-422D",,,,"A.119","A.119 row: HFC Blend (HFC-125/134a/isobutane)"
"Refrigeration and heat pumps / Industrial refrigeration / Large-scale food storage and processing","HFC Blend (HFC-125/143a/134a/ isobutane)",,"R-434A",,,,"A.119","A.119 row: HFC Blend (HFC-125/143a/134a/ isobutane)"
"Refrigeration and heat pumps / Industrial refrigeration / Large-scale food storage and processing","HFC Blend (HFC-125/143a/propane/ isobutane)",,"R-428A",,,,"A.119","A.119 row: HFC Blend (HFC-125/143a/propane/ isobutane)"
"Refrigeration and heat pumps / Industrial refrigeration / Ultra low-temperature vaccine preservation","HFC/HFO Blend (HFO-1234yf/HFC-134a)",,"R-513A",,,,"A.119","A.119 row: HFC/HFO Blend (HFO-1234yf/HFC-134a)"
"Refrigeration and heat pumps / Mobile air conditioning / New cars","2,3,3,3-Tetrafluoropropene",,"HFO-1234yf",,,"754-12-1","A.119","A.119 row: 2,3,3,3-Tetrafluoropropene"
"Refrigeration and heat pumps / Mobile air conditioning / New cars, air conditioning in trains","1,1,1,2-Tetrafluoroethane",,"HFC-134a",,,"811-97-2","A.119","A.119 row: 1,1,1,2-Tetrafluoroethane"
"Refrigeration and heat pumps / Transport refrigeration","Difluoromethane (Not in scope)",,"HFC-32",,,"75-10-5","A.119","A.119 row: Difluoromethane (Not in scope)"
"Refrigeration and heat pumps / Transport refrigeration","HFC Blend (HFC-32/HFC-125)",,"R-410A",,,,"A.119","A.119 row: HFC Blend (HFC-32/HFC-125)"
"Refrigeration and heat pumps / Transport refrigeration / Low GWP replacement in refrigerated shipping containers","HFC/HFO Blend (HFO-1234yf/HFC-134a)",,"R-513B",,,,"A.119","A.119 row: HFC/HFO Blend (HFO-1234yf/HFC-134a)"
"Refrigeration and heat pumps / Transport refrigeration / New and retrofitted vehicles, low GWP replacement in refrigerated shipping containers","HFC/HFO Blend (HFC-32/125/HFO-1234yf)",,"R-452A",,,,"A.119","A.119 row: HFC/HFO Blend (HFC-32/125/HFO-1234yf)"
"Refrigeration and heat pumps / Transport refrigeration / Reefer ships","HFC Blend (HFC-32/125/134a)",,"R-407C",,,,"A.119","A.119 row: HFC Blend (HFC-32/125/134a)"
"Refrigeration and heat pumps / Transport refrigeration / Refrigerated shipping containers","1,1,1,2-Tetrafluoroethane",,"HFC-134a",,,"811-97-2","A.119","A.119 row: 1,1,1,2-Tetrafluoroethane"
"Refrigeration and heat pumps / Transport refrigeration / Refrigerated shipping containers","HFC/HFO Blend (HFO-1234yf/HFC-134a)",,"R-513A",,,,"A.119","A.119 row: HFC/HFO Blend (HFO-1234yf/HFC-134a)"
"Refrigeration and heat pumps / Transport refrigeration / Shipping containers","HFC/HFO Blend (HFC-32/134a/HFO- 1234ze(E))",,"R-456A",,,,"A.119","A.119 row: HFC/HFO Blend (HFC-32/134a/HFO- 1234ze(E))"
"Refrigeration and heat pumps / Variable Refrigerant Flow (VRF) air conditioning system","HFC Blend (HFC-32/HFC-125)",,"R-410A",,,,"A.119","A.119 row: HFC Blend (HFC-32/HFC-125)"
"Refrigeration and heat pumps / Water and space heating heat pumps","(Z)-1-Chloro-2,3,3,3-tetrafluoropropene",,"HCFO-1224yd(Z)",,,"111512-60-8","A.119","A.119 row: (Z)-1-Chloro-2,3,3,3-tetrafluoropropene"
"Refrigeration and heat pumps / Water and space heating heat pumps","1,1,1,2-Tetrafluoroethane",,"HFC-134a",,,"811-97-2","A.119","A.119 row: 1,1,1,2-Tetrafluoroethane"
"Refrigeration and heat pumps / Water and space heating heat pumps","Difluoromethane (Not in scope)",,"HFC-32",,,"75-10-5","A.119","A.119 row: Difluoromethane (Not in scope)"
"Refrigeration and heat pumps / Water and space heating heat pumps","HFC Blend (HFC-32/HFC-125)",,"R-410A",,,,"A.119","A.119 row: HFC Blend (HFC-32/HFC-125)"
"Refrigeration and heat pumps / Water and space heating heat pumps","Trans-1,1,1,4,4,4-hexafluorobut-2-ene",,"HFO-1336mzz(E)",,,"66711-86-2","A.119","A.119 row: Trans-1,1,1,4,4,4-hexafluorobut-2-ene"
"Solvents","3-Methoxyperfluoro(2-methylpentane)",,"HFE-7300",,,"132182-92-4","A.119","A.119 row: 3-Methoxyperfluoro(2-methylpentane)"
"Solvents / 3D printing processing liquid","Hexafluoroisopropanol",,"HFIP",,,"920-66-1","A.119","A.119 row: Hexafluoroisopropanol"
"Solvents / Carrier solvent & lubricants","Methyl perfluoropropyl ether",,"HFE-7000",,,"375-03-1","A.119","A.119 row: Methyl perfluoropropyl ether"
"Solvents / Commercial & industrial cleaning","3-Ethoxyperfluoro(2-methylhexane)",,"HFE-7500",,,"297730-93-9","A.119","A.119 row: 3-Ethoxyperfluoro(2-methylhexane)"
"Solvents / Cultural heritage paper preservation","Methyl nonafluorobutyl ether + Methyl nonafluoroisobutyl ether",,"HFE-449mccc/HFE-449s1 (HFE-7100)",,,"163702-08-7, 163702-07-6","A.119","A.119 row: Methyl nonafluorobutyl ether + Methyl nonafluoroisobutyl ether"
"Solvents / Cultural heritage paper preservation","Perfluorohexane (n- and iso-)",,"FC-72/PF-5060",,,"1064697-81-9","A.119","A.119 row: Perfluorohexane (n- and iso-)"
"Solvents / Heat transfer agent","Perfluoro-N-propyl-morpholine (mixture of isomers)",,"FC-770",,,"1093615-61-2","A.119","A.119 row: Perfluoro-N-propyl-morpholine (mixture of isomers)"
"Solvents / Heat transfer agent","Perfluorohexane (n- and iso-)",,"FC-72/PF-5060",,,"1064697-81-9","A.119","A.119 row: Perfluorohexane (n- and iso-)"
"Solvents / Heat transfer agent","Perfluorotributylamine",,"FC-40/FC-3284",,,"311-89-7 (1064698-37-8)","A.119","A.119 row: Perfluorotributylamine"
"Solvents / Heat transfer agent","Perfluorotripropylamine (perfluamine)",,"FC-3283",,,"338-83-0","A.119","A.119 row: Perfluorotripropylamine (perfluamine)"
"Solvents / Precision & electronics cleaning, commercial & industrial cleaning","1,1,2,2-Tetrafluoro-1-(2,2,2-trifluoroethoxy)ethane",,"HFE-347pc-f2",,,"406-78-0","A.119","A.119 row: 1,1,2,2-Tetrafluoro-1-(2,2,2-trifluoroethoxy)ethane"
"Solvents / Precision & electronics cleaning, commercial & industrial cleaning and carrier solvent & lubricants","1,1,1,2,2,3,4,5,5,5- Decafluoropentane",,"HFC-43-10mee",,,"138495-42-8","A.119","A.119 row: 1,1,1,2,2,3,4,5,5,5- Decafluoropentane"
"Solvents / Precision & electronics cleaning, commercial & industrial cleaning and carrier solvent & lubricants","1-Ethoxy-nonafluorobutane",,"HFE-569mccc/HFE-569sf2 (HFE-7200)",,,"163702-05-4","A.119","A.119 row: 1-Ethoxy-nonafluorobutane"
"Solvents / Precision & electronics cleaning, commercial & industrial cleaning and carrier solvent & lubricants","Methoxytridecafluoro-heptene isomers",,"MPHE, SionTM",,,,"A.119","A.119 row: Methoxytridecafluoro-heptene isomers"
"Solvents / Precision & electronics cleaning, commercial & industrial cleaning and carrier solvent & lubricants","Methyl nonafluorobutyl ether + Methyl nonafluoroisobutyl ether",,"HFE-449mccc/HFE-449s1 (HFE-7100)",,,"163702-08-7, 163702-07-6","A.119","A.119 row: Methyl nonafluorobutyl ether + Methyl nonafluoroisobutyl ether"
"Solvents / Solvent in aerosols; Precision & electronics cleaning, commercial & industrial cleaning and carrier solvent & lubricants","(Z)-1-Chloro-2,3,3,3-tetrafluoropropene",,"HCFO-1224yd(Z)",,,"111512-60-8","A.119","A.119 row: (Z)-1-Chloro-2,3,3,3-tetrafluoropropene"
"Solvents / Solvent in aerosols; Precision & electronics cleaning, commercial & industrial cleaning and carrier solvent & lubricants","Cis-1,1,1,4,4,4-Hexafluoro- 2-butene",,"HFO-1336mzz(Z)",,,"692-49-9","A.119","A.119 row: Cis-1,1,1,4,4,4-Hexafluoro- 2-butene"
"Solvents / Solvent in aerosols; precision & electronics cleaning and commercial & industrial cleaning","1,1,1,3,3- Pentafluoropropane",,"HFC-245fa",,,"460-73-1","A.119","A.119 row: 1,1,1,3,3- Pentafluoropropane"
"Solvents / Solvent in aerosols; precision & electronics cleaning and commercial & industrial cleaning","1,1,1,3,3-Pentafluorobutane",,"HFC-365mfc",,,"406-58-6","A.119","A.119 row: 1,1,1,3,3-Pentafluorobutane"
"Solvents / Solvent in aerosols; precision & electronics cleaning and commercial & industrial cleaning / Largely phased out.","1,1-Dichloro-1-fluoroethane (Not in scope)",,"HCFC-141b",,,"1717-00-6","A.119","A.119 row: 1,1-Dichloro-1-fluoroethane (Not in scope)"
"Solvents / Solvent in aerosols; precision & electronics cleaning and commercial & industrial cleaning / Largely phased out.","3,3-Dichloro-1,1,1,2,2-pentafluoropropane",,"HCFC-225ca/cb",,,"422-56-0","A.119","A.119 row: 3,3-Dichloro-1,1,1,2,2-pentafluoropropane"
"Used in blends (see below)","1,1,1-Trifluoroethane",,"HFC-143a",,,"420-46-2","A.119","A.119 row: 1,1,1-Trifluoroethane"
"and heat pumps / and processing","(HFC-125/143a)",,,,,,"A.119","A.119 row: (HFC-125/143a)"
"Central venous access device",,,"PTFE",,,,"A.123","A.123 row (Central venous access device): marks = ✓"
"Epidural catheters",,,"PTFE",,,,"A.123","A.123 row (Epidural catheters): marks = ✓"
"Implantable pulse generator for deep brain stimulation",,,"PTFE",,,,"A.123","A.123 row (Implantable pulse generator for deep brain stimulation): marks = ✓"
"Orthopedic implants",,,"PTFE",,,,"A.123","A.123 row (Orthopedic implants): marks = ✓"
"Pacemaker",,,"PTFE",,,,"A.123","A.123 row (Pacemaker): marks = ✓"
"Penile implants",,,"PTFE",,,,"A.123","A.123 row (Penile implants): marks = ✓"
"Synthetic blood vessels",,,"PTFE",,,,"A.123","A.123 row (Synthetic blood vessels): marks = ✓"
"artificial blood vessels",,,"PTFE",,,,"A.123","A.123 row (artificial blood vessels): marks = ✓"
"artificial inocular lens",,,"PTFE",,,,"A.123","A.123 row (artificial inocular lens): marks = ✓"
"artificial urinary sphincter implant",,,"PTFE",,,,"A.123","A.123 row (artificial urinary sphincter implant): marks = ✓"
"breast implants",,,"PTFE",,,,"A.123","A.123 row (breast implants): marks = ✓"
"catheters",,,"PTFE",,,,"A.123","A.123 row (catheters): marks = ✓"
"cheek",,,"PTFE",,,,"A.123","A.123 row (cheek): marks = ✓"
"chin implants",,,"PTFE",,,,"A.123","A.123 row (chin implants): marks = ✓"
"clamps for high frequency surgery",,,"PTFE",,,,"A.123","A.123 row (clamps for high frequency surgery): marks = ✓"
"cognitive protheses",,,"PTFE",,,,"A.123","A.123 row (cognitive protheses): marks = ✓"
"dexamethasone intravitreal implant",,,"PTFE",,,,"A.123","A.123 row (dexamethasone intravitreal implant): marks = ✓"
"fluocinolone ophthalmic implant",,,"PTFE",,,,"A.123","A.123 row (fluocinolone ophthalmic implant): marks = ✓"
"foley catheter",,,"PTFE",,,,"A.123","A.123 row (foley catheter): marks = ✓"
"glaucoma valve",,,"PTFE",,,,"A.123","A.123 row (glaucoma valve): marks = ✓"
"heart valves",,,"PTFE",,,,"A.123","A.123 row (heart valves): marks = ✓"
"hernia or vaginal mesh",,,"PTFE",,,,"A.123","A.123 row (hernia or vaginal mesh): marks = ✓"
"hip implant",,,"PTFE",,,,"A.123","A.123 row (hip implant): marks = ✓"
"implantable defibrillator/cardioverter",,,"PTFE",,,,"A.123","A.123 row (implantable defibrillator/cardioverter): marks = ✓"
"jaw",,,"PTFE",,,,"A.123","A.123 row (jaw): marks = ✓"
"left ventricular assist device",,,"PTFE",,,,"A.123","A.123 row (left ventricular assist device): marks = ✓"
"lip implant",,,"PTFE",,,,"A.123","A.123 row (lip implant): marks = ✓"
"medical splints",,,"PTFE",,,,"A.123","A.123 row (medical splints): marks = ✓"
"neuroprosthetiocs",,,"PTFE",,,,"A.123","A.123 row (neuroprosthetiocs): marks = ✓"
"neurostimulator in sacral nerve stimulation",,,"PTFE",,,,"A.123","A.123 row (neurostimulator in sacral nerve stimulation): marks = ✓"
"orbital implant",,,"PTFE",,,,"A.123","A.123 row (orbital implant): marks = ✓"
"peripherally inserted central catheter",,,"PTFE",,,,"A.123","A.123 row (peripherally inserted central catheter): marks = ✓"
"pledgets",,,"PTFE",,,,"A.123","A.123 row (pledgets): marks = ✓"
"retinal prothesis",,,"PTFE",,,,"A.123","A.123 row (retinal prothesis): marks = ✓"
"suture material",,,"PTFE",,,,"A.123","A.123 row (suture material): marks = ✓"
"titanium surgical implants",,,"PTFE",,,,"A.123","A.123 row (titanium surgical implants): marks = ✓"
"Medical devices (incl. medical device production)","1-Propene, 1,1,2,3,3,3-hexafluoro-, polymer with 1,1-difluoroethene and tetrafluoroethene",,"THV",,,"25190-89-0","A.125","A.125 row: 1-Propene, 1,1,2,3,3,3-hexafluoro-, polymer with 1,1-difluoroethene and tetrafluoroethene"
"Medical devices (incl. medical device production)","1-propene, 1,1,2,3,3,3-hexafluoro-, polymer with 1,1-difluoroethene, 1,1,1,2,2,3,3-heptafluoro-3- [(trifluoroethenyl)oxy]propane and tetrafluoroethene",,"THVP",,,"68182-34-3","A.125","A.125 row: 1-propene, 1,1,2,3,3,3-hexafluoro-, polymer with 1,1-difluoroethene, 1,1,1,2,2,3,3-heptafluoro-3- [(trifluoroethenyl)oxy]propane and tetrafluoroethene"
"Medical devices (incl. medical device production)","fluoroelastomers",,"FKM",,,"Multiple nr’s","A.125","A.125 row: fluoroelastomers"
"Medical devices (incl. medical device production)","fluorosilicone rubber",,"FVQM",,,"64706-30-5","A.125","A.125 row: fluorosilicone rubber"
"Medical devices (incl. medical device production)","fluorosilicones",,"FVQM",,,"63148-56-1","A.125","A.125 row: fluorosilicones"
"Medical devices (incl. medical device production)","perfluoroelastomer",,"FFKM",,,,"A.125","A.125 row: perfluoroelastomer"
"Medical devices (incl. medical device production)","poly(ethene-co-chlorotrifluoroethene)",,"ECTFE",,,"25101-45-5","A.125","A.125 row: poly(ethene-co-chlorotrifluoroethene)"
"Medical devices (incl. medical device production)","poly(ethylene-co-tetrafluoroethylene)",,"ETFE",,,"25038-71-5","A.125","A.125 row: poly(ethylene-co-tetrafluoroethylene)"
"Medical devices (incl. medical device production)","poly(tetrafluoroethylene-co-perfluoro(propylvinyl ether))",,,,,"26655-005","A.125","A.125 row: poly(tetrafluoroethylene-co-perfluoro(propylvinyl ether))"
"Medical devices (incl. medical device production)","polytetrafluorethene",,"PTFE",,,"9002-84-0","A.125","A.125 row: polytetrafluorethene"
"Medical devices (incl. medical device production)","polyvinylidene fluoride",,"PVDF",,,"9011-17-0","A.125","A.125 row: polyvinylidene fluoride"
"Medical devices (incl. medical device production)","tetrafluoroethylene-hexafluoropropene copolymer",,"FEP",,,"25067-11-2","A.125","A.125 row: tetrafluoroethylene-hexafluoropropene copolymer"
"Pharmaceutical packaging","polychlorotrifluoroethylene",,"PCTFE",,,"9002-83-9a","A.125","A.125 row: polychlorotrifluoroethylene"
"Analytical instruments/measurement devices, tubes, for sealing applications, for laboratory liquid handling equipment","Fluorinated ethylene propylene",,"FEP",,,,"A.126","A.126 row: Fluorinated ethylene propylene (FEP)"
"Analytical instruments/measurement devices, tubes, seals, bushes","Polyvinylidene fluoride",,"PVDF",,,,"A.126","A.126 row: Polyvinylidene fluoride (PVDF)"
"Laboratory, analytical and medical equipment, internal connection parts in chemical resistant vacuum pumps, chemical resistant diaphragm pumps, housing cover, diaphragms, hoses, valves","Ethylenetetrafluoroethylene",,"ETFE",,,,"A.126","A.126 row: Ethylenetetrafluoroethylene (ETFE)"
"Laboratory, analytical and medical equipment, internal connection parts in vacuum pumps, diaphragm pumps, tubes, seals, bushes, cables and valves","Ethylenechlorotrifluoroethylene",,"ECTFE",,,,"A.126","A.126 row: Ethylenechlorotrifluoroethylene (ECTFE)"
"Pharmaceutical consumables and equipment, tubes, seals and bushes. Liquid handling instrument parts in contact with media, water purification systems in dialysis","Fluoromethacrylate",,,,,,"A.126","A.126 row: Fluoromethacrylate"
"Lubricant additive","1-Propene, 1,1,2,3,3,3-hexafluoro-, oxidized, Polymerized, reduced hydrolyzed",,,,,"161075-14-5","A.129","A.129 row: 1-Propene, 1,1,2,3,3,3-hexafluoro-, oxidized, Polymerized, reduced hydrolyzed"
"Lubricant additive","1-Propene, 1,1,2,3,3,3-hexafluoro-, oxidized, polymd., reduced, hydrolysed reaction products with ammonia",,,,,"370097-12-4","A.129","A.129 row: 1-Propene, 1,1,2,3,3,3-hexafluoro-, oxidized, polymd., reduced, hydrolysed reaction products with ammonia"
"Lubricant additive","Cycloalkanesulfonic acid, perfluoro(pentafluoroethyl)-, potassium salt (1:1)",,,,,"67584-42-3a","A.129","A.129 row: Cycloalkanesulfonic acid, perfluoro(pentafluoroethyl)-, potassium salt (1:1)"
"Lubricant additive","Poly(1,1,2,2-tetrafluoroethylene) (PTFE)",,,,,"9002-84-0","A.129","A.129 row: Poly(1,1,2,2-tetrafluoroethylene) (PTFE)"
"Lubricant additive (surfactant)","Poly[oxy[trifluoro(trifluoromethyl)- 1,2-ethane diyl]], α-(1-carboxy- 1,2,2,2-tetrafluoroethyl)-ω- [tetrafluoro (trifluoromethyl)ethoxy]-",,,,,"51798-33-5","A.129","A.129 row: Poly[oxy[trifluoro(trifluoromethyl)- 1,2-ethane diyl]], α-(1-carboxy- 1,2,2,2-tetrafluoroethyl)-ω- [tetrafluoro (trifluoromethyl)ethoxy]-"
"Lubricant base oil","1-Propene, 1,1,2,3,3,3-hexafluoro-, oxidized, polymd.",,,,,"69991-67-9","A.129","A.129 row: 1-Propene, 1,1,2,3,3,3-hexafluoro-, oxidized, polymd."
"Lubricant base oil","Ethene, 1,1,2,2-tetrafluoro-, oxidized, polymd.",,,,,"69991-61-3","A.129","A.129 row: Ethene, 1,1,2,2-tetrafluoro-, oxidized, polymd."
"Lubricant base oil","Oxetane, 2,2,3,3-tetrafluoro-, homoPolymer, fluorinated",,,,,"113114-19-5","A.129","A.129 row: Oxetane, 2,2,3,3-tetrafluoro-, homoPolymer, fluorinated"
"Lubricant base oil","Poly[oxy[trifluoro(trifluoromethyl)- 1,2-ethanediyl]], α-(1,1,2,2,2-pentafluoroethyl)-ω-",,,,,"60164-51-4","A.129","A.129 row: Poly[oxy[trifluoro(trifluoromethyl)- 1,2-ethanediyl]], α-(1,1,2,2,2-pentafluoroethyl)-ω-"
"Lubricant base oil/Additive","Polychlorotrifluoroethylene",,,,,"9002-83-9","A.129","A.129 row: Polychlorotrifluoroethylene"
"Lubricant base oil/Additive","Siloxanes and Silicones, Me 3,3,3-trifluoropropyl",,,,,"63148-56-1","A.129","A.129 row: Siloxanes and Silicones, Me 3,3,3-trifluoropropyl"
"Lubricant solvent","Ethyl nonafluorbutyl ether","Ethyl perfluoroalkyl ether",,,,"163702-05-4","A.129","A.129 row: Ethyl nonafluorbutyl ether OR Ethyl perfluoroalkyl ether"
"Lubricant solvent","Ethyl nonafluorisobutyl ether","Ethyl perfluoroisobutyl ether",,,,"163702-06-5","A.129","A.129 row: Ethyl nonafluorisobutyl ether OR Ethyl perfluoroisobutyl ether"
"Lubricant solvent","Methyl nonafluorobutyl ether","Methyl perfluoroalkyl ether",,,,"163702-07-6","A.129","A.129 row: Methyl nonafluorobutyl ether OR Methyl perfluoroalkyl ether"
"Lubricant solvent","Propane, 2-(difluoromethoxymethyl)- 1,1,1,2,3,3,3-heptafluoro-","Methyl perfluoroisoalkyl ether",,,,"163702-08-7","A.129","A.129 row: Propane, 2-(difluoromethoxymethyl)- 1,1,1,2,3,3,3-heptafluoro- OR Methyl perfluoroisoalkyl ether"
"Active substance in biocidal and plant protection products","Bifenthrin (ISO); (2-methylbiphenyl-3-yl)methyl rel-(1R,3R)-3-[(1Z)-2-chloro- 3,3,3-trifluoroprop-1-en-1-yl]- 2,2-dimethylcyclopropanecarboxylat e;",,,,,"82657-04-3","A.130","A.130 row: Bifenthrin (ISO); (2-methylbiphenyl-3-yl)methyl rel-(1R,3R)-3-[(1Z)-2-chloro- 3,3,3-trifluoroprop-1-en-1-yl]- 2,2-dimethylcyclopropanecarboxylat e;"
"Active substance in biocidal and plant protection products","Fipronil (ISO); (±)-5-amino-1-(2,6-dichloro- α,α,α-trifluoro-para-tolyl)-4-trifluoromethylsulfinyl-pyrazole- 3-carbonitrile",,,,,"120068-37-3","A.130","A.130 row: Fipronil (ISO); (±)-5-amino-1-(2,6-dichloro- α,α,α-trifluoro-para-tolyl)-4-trifluoromethylsulfinyl-pyrazole- 3-carbonitrile"
"Active substance in biocidal and plant protection products","Tritosulfuron (ISO) (containing ≤0.02% 2-amino-4-methoxy-6- (trifluormethyl)-1,3,5-triazine); 1-[4-methoxy-6- (trifluoromethyl)-1,3,5-triazin- 2-yl]-3-[2- (trifluoromethyl)benzenesulfony l]urea (containing ≤0.02% 2-amino-4-methoxy-6- (trifluoromethyl)-1,3,5-triazine)",,,,,"142469-14-5","A.130","A.130 row: Tritosulfuron (ISO) (containing ≤0.02% 2-amino-4-methoxy-6- (trifluormethyl)-1,3,5-triazine); 1-[4-methoxy-6- (trifluoromethyl)-1,3,5-triazin- 2-yl]-3-[2- (trifluoromethyl)benzenesulfony l]urea (containing ≤0.02% 2-amino-4-methoxy-6- (trifluoromethyl)-1,3,5-triazine)"
"Active substance in biocidal and plant protection products","lambda-Cyhalothrin; [(R)-cyano-(3-phenoxyphenyl)methyl] (1S,3S)-3-[(Z)-2-chloro-3,3,3-trifluoroprop-1-enyl]-2,2-dimethylcyclopropane-1-carboxylate",,,,,"91465-08-6","A.130","A.130 row: lambda-Cyhalothrin; [(R)-cyano-(3-phenoxyphenyl)methyl] (1S,3S)-3-[(Z)-2-chloro-3,3,3-trifluoroprop-1-enyl]-2,2-dimethylcyclopropane-1-carboxylate"
"Active substance in plant protection products","Acrinathrin; (S)-Cyano(3-phenoxyphenyl)methyl (Z)- (1R,3S)-2,2-dimethyl[2-(2,2,2-trifluoro-1-trifluoromethylethoxycarb onyl)vinyl]-cyclopropanecarboxylate",,,,,"101007-06-1","A.130","A.130 row: Acrinathrin; (S)-Cyano(3-phenoxyphenyl)methyl (Z)- (1R,3S)-2,2-dimethyl[2-(2,2,2-trifluoro-1-trifluoromethylethoxycarb onyl)vinyl]-cyclopropanecarboxylate"
"Active substance in plant protection products","Beflubutamid; N-benzyl-2-[4-fluoro-3- (trifluoromethyl)phenoxy]butan amide",,,,,"113614-08-7","A.130","A.130 row: Beflubutamid; N-benzyl-2-[4-fluoro-3- (trifluoromethyl)phenoxy]butan amide"
"Active substance in plant protection products","Benfluralin",,,,,"1861-40-1","A.130","A.130 row: Benfluralin"
"Active substance in plant protection products","Cyflufenamid; N-[(Z)-N-(cyclopropylmethoxy)- C-[2,3-difluoro-6- (trifluoromethyl)phenyl]carboni midoyl]-2-phenylacetamide",,,,,"180409-60-3","A.130","A.130 row: Cyflufenamid; N-[(Z)-N-(cyclopropylmethoxy)- C-[2,3-difluoro-6- (trifluoromethyl)phenyl]carboni midoyl]-2-phenylacetamide"
"Active substance in plant protection products","Cyflumetofen (ISO); 2-methoxyethyl (RS)-2-(4-tert-butylphenyl)-2-cyano-3-oxo-3- (α,α,α-trifluoro-o-tolyl)propionate",,,,,"400882-07-7","A.130","A.130 row: Cyflumetofen (ISO); 2-methoxyethyl (RS)-2-(4-tert-butylphenyl)-2-cyano-3-oxo-3- (α,α,α-trifluoro-o-tolyl)propionate"
"Active substance in plant protection products","Diflufenican (ISO); N-(2,4-difluorophenyl)-2-[3- (trifluoromethyl)phenoxy]-3-pyridinecarboxamide",,,,,"83164-33-4","A.130","A.130 row: Diflufenican (ISO); N-(2,4-difluorophenyl)-2-[3- (trifluoromethyl)phenoxy]-3-pyridinecarboxamide"
"Active substance in plant protection products","Flazasulfuron (ISO); 1-(4,6-dimethoxypyrimidin-2-yl)-3-(3-trifluoromethyl-2-pyridylsulfonyl)urea",,,,,"104040-78-0","A.130","A.130 row: Flazasulfuron (ISO); 1-(4,6-dimethoxypyrimidin-2-yl)-3-(3-trifluoromethyl-2-pyridylsulfonyl)urea"
"Active substance in plant protection products","Flonicamid (ISO); N-(cyanomethyl)-4- (trifluoromethyl)pyridine-3-carboxamide;",,,,,"158062-67-0","A.130","A.130 row: Flonicamid (ISO); N-(cyanomethyl)-4- (trifluoromethyl)pyridine-3-carboxamide;"
"Active substance in plant protection products","Fluazinam (ISO); 3-chloro-N-[3-chloro-2,6-dinitro-4- (trifluoromethyl)phenyl]-5- (trifluoromethyl)pyridin-2-amine;",,,,,"79622-59-6","A.130","A.130 row: Fluazinam (ISO); 3-chloro-N-[3-chloro-2,6-dinitro-4- (trifluoromethyl)phenyl]-5- (trifluoromethyl)pyridin-2-amine;"
"Active substance in plant protection products","Flubendiamide; 3-iodo-N'-(2-mesyl-1,1-dimethylethyl)-N-(](4-[1,2,2,2-tetrafluoro-1- (trifluoromethyl)ethyl]-o-tolyl)[)phthalamide",,,,,"272451-65-7","A.130","A.130 row: Flubendiamide; 3-iodo-N'-(2-mesyl-1,1-dimethylethyl)-N-(](4-[1,2,2,2-tetrafluoro-1- (trifluoromethyl)ethyl]-o-tolyl)[)phthalamide"
"Active substance in plant protection products","Flufenacet; N-(4-Fluorophenyl)-N-(propan- 2-yl)-2-(]([5-(trifluoromethyl)- 1,3,4-thiadiazol-2-yl]oxy)[)acetamide",,,,,"142459-58-3","A.130","A.130 row: Flufenacet; N-(4-Fluorophenyl)-N-(propan- 2-yl)-2-(]([5-(trifluoromethyl)- 1,3,4-thiadiazol-2-yl]oxy)[)acetamide"
"Active substance in plant protection products","Flufenoxuron; () 1-(4-(2-cloro-α,α,α-p-trifluorotolyloxy)-2-fluorophenyl)-3-(2,6-difluorobenzolyl)urea",,,,,"101463-69-8","A.130","A.130 row: Flufenoxuron; () 1-(4-(2-cloro-α,α,α-p-trifluorotolyloxy)-2-fluorophenyl)-3-(2,6-difluorobenzolyl)urea"
"Active substance in plant protection products","Flumetralin; N-(2-chloro-6-fluorobenzyl)-N-ethyl-α,α,α-trifluoro-2,6-dinitro-p-toluidine; flumetralin (ISO)",,,,,"62924-70-3","A.130","A.130 row: Flumetralin; N-(2-chloro-6-fluorobenzyl)-N-ethyl-α,α,α-trifluoro-2,6-dinitro-p-toluidine; flumetralin (ISO)"
"Active substance in plant protection products","Fluometuron; 1,1-Dimethyl-3-[3- (trifluoromethyl)phenyl]urea",,,,,"2164-17-2","A.130","A.130 row: Fluometuron; 1,1-Dimethyl-3-[3- (trifluoromethyl)phenyl]urea"
"Active substance in plant protection products","Fluopicolide (ISO); 2,6-dichloro-N-[3-chloro-5- (trifluoromethyl)-2-pyridylmethyl]benzamide",,,,,"239110-15-7","A.130","A.130 row: Fluopicolide (ISO); 2,6-dichloro-N-[3-chloro-5- (trifluoromethyl)-2-pyridylmethyl]benzamide"
"Active substance in plant protection products","Fluopyram (ISO); N-(](2-[3-chloro-5- (trifluoromethyl)pyridin-2-yl]ethyl)[)-2- (trifluoromethyl)benzamide;",,,,,"658066-35-4","A.130","A.130 row: Fluopyram (ISO); N-(](2-[3-chloro-5- (trifluoromethyl)pyridin-2-yl]ethyl)[)-2- (trifluoromethyl)benzamide;"
"Active substance in plant protection products","Flurochloridone (ISO); 3-chloro-4-(chloromethyl)-1-[3-",,,,,"61213-25-0","A.130","A.130 row: Flurochloridone (ISO); 3-chloro-4-(chloromethyl)-1-[3-"
"Active substance in plant protection products","Flutianil (ISO); (2Z)-(]([2-fluoro-5- (trifluoromethyl)phenyl]thio)[)[ 3-(2-methoxyphenyl)-1,3-thiazolidin-2-ylidene]acetonitrile",,,,,"958647-10-4","A.130","A.130 row: Flutianil (ISO); (2Z)-(]([2-fluoro-5- (trifluoromethyl)phenyl]thio)[)[ 3-(2-methoxyphenyl)-1,3-thiazolidin-2-ylidene]acetonitrile"
"Active substance in plant protection products","Flutolanil (ISO); N-[3-(propan-2-yloxy)phenyl]- 2-(trifluoromethyl)benzamide; α,α,α-trifluoro-3′-isopropoxy-o-toluanilide",,,,,"66332-96-5","A.130","A.130 row: Flutolanil (ISO); N-[3-(propan-2-yloxy)phenyl]- 2-(trifluoromethyl)benzamide; α,α,α-trifluoro-3′-isopropoxy-o-toluanilide"
"Active substance in plant protection products","Gamma-Cyhalothrin; (S)-a-cyano-3-phenoxybenzyl (Z)-(1R,3R)-3-(2-chloro-3,3,3-trifluoropropenyl)-2,2-dimethylcyclopropanecarboxylat e",,,,,"76703-62-3","A.130","A.130 row: Gamma-Cyhalothrin; (S)-a-cyano-3-phenoxybenzyl (Z)-(1R,3R)-3-(2-chloro-3,3,3-trifluoropropenyl)-2,2-dimethylcyclopropanecarboxylat e"
"Active substance in plant protection products","Haloxyfop-P (R)-2-(](4-[3-chloro-5- (trifluoromethyl)- 2-pyridyloxy]phenoxy)[)propanoic acid",,,,,"95977-29-0","A.130","A.130 row: Haloxyfop-P (R)-2-(](4-[3-chloro-5- (trifluoromethyl)- 2-pyridyloxy]phenoxy)[)propanoic acid"
"Active substance in plant protection products","Isoxaflutole (ISO); 5-cyclopropyl-1,2-oxazol-4-yl α,α,α-trifluoro-2-mesyl-p-tolyl ketone",,,,,"141112-29-0","A.130","A.130 row: Isoxaflutole (ISO); 5-cyclopropyl-1,2-oxazol-4-yl α,α,α-trifluoro-2-mesyl-p-tolyl ketone"
"Active substance in plant protection products","Mefentrifluconazole; (2RS)-2-[4-(4-chlorophenoxy)- 2-(trifluoromethyl)phenyl]-1- (1H-1,2,4-triazol-1-yl)propan- 2-ol;",,,,,"1417782-03-6","A.130","A.130 row: Mefentrifluconazole; (2RS)-2-[4-(4-chlorophenoxy)- 2-(trifluoromethyl)phenyl]-1- (1H-1,2,4-triazol-1-yl)propan- 2-ol;"
"Active substance in plant protection products","Metaflumizone (ISO); 1-[[](Z)-[[]2-(4-cyanophenyl)- 1-[[]3- (trifluoromethyl)phenyl]ethylide ne]amino]-1-[[]4- (trifluoromethoxy)phenyl]urea",,,,,"139968-49-3","A.130","A.130 row: Metaflumizone (ISO); 1-[[](Z)-[[]2-(4-cyanophenyl)- 1-[[]3- (trifluoromethyl)phenyl]ethylide ne]amino]-1-[[]4- (trifluoromethoxy)phenyl]urea"
"Active substance in plant protection products","Oxathiapiprolin (ISO); 1-(4-(](4-[[]5-(2,6-difluorophenyl)-4,5-dihydro- 1,2-oxazol-3-yl]-1,3-thiazol-2-yl)[)piperidin-1-yl)-2-[[]5-methyl-3-(trifluoromethyl)-1H-pyrazol-1-yl]ethan-1-one",,,,,"1003318-67-9","A.130","A.130 row: Oxathiapiprolin (ISO); 1-(4-(](4-[[]5-(2,6-difluorophenyl)-4,5-dihydro- 1,2-oxazol-3-yl]-1,3-thiazol-2-yl)[)piperidin-1-yl)-2-[[]5-methyl-3-(trifluoromethyl)-1H-pyrazol-1-yl]ethan-1-one"
"Active substance in plant protection products","Oxyfluorfen; 2-chloro-1-(3-ethoxy-4-nitrophenoxy)-4- (trifluoromethyl)benzene",,,,,"42874-03-3","A.130","A.130 row: Oxyfluorfen; 2-chloro-1-(3-ethoxy-4-nitrophenoxy)-4- (trifluoromethyl)benzene"
"Active substance in plant protection products","Penoxsulam; 2-(2,2-difluoroethoxy)-N-(5,8-dimethoxy-[1,2,4]triazolo[1,5-c]pyrimidin-2-yl)-6- (trifluoromethyl)benzenesulfona mide",,,,,"219714-96-2","A.130","A.130 row: Penoxsulam; 2-(2,2-difluoroethoxy)-N-(5,8-dimethoxy-[1,2,4]triazolo[1,5-c]pyrimidin-2-yl)-6- (trifluoromethyl)benzenesulfona mide"
"Active substance in plant protection products","Penthiopyrad (ISO); (RS)-N-[2-(1,3-dimethylbutyl)- 3-thienyl]-1-methyl-3- (trifluoromethyl)pyrazole-4-carboxamide",,,,,"183675-82-3","A.130","A.130 row: Penthiopyrad (ISO); (RS)-N-[2-(1,3-dimethylbutyl)- 3-thienyl]-1-methyl-3- (trifluoromethyl)pyrazole-4-carboxamide"
"Active substance in plant protection products","Picolinafen (ISO); N-(4-fluorophenyl)-6-[3- (trifluoromethyl)phenoxy]pyridi ne-2-carboxamide; 4′-fluoro-6- [(α,α,α-trifluoro-m-tolyl)oxy]picolinanilide",,,,,"137641-05-5","A.130","A.130 row: Picolinafen (ISO); N-(4-fluorophenyl)-6-[3- (trifluoromethyl)phenoxy]pyridi ne-2-carboxamide; 4′-fluoro-6- [(α,α,α-trifluoro-m-tolyl)oxy]picolinanilide"
"Active substance in plant protection products","Picoxystrobin (ISO); methyl (2E)-3-methoxy-2-[2- ((]([6-(trifluoromethyl)pyridin- 2-yl]oxy)[)methyl)phenyl]acrylate",,,,,"117428-22-5","A.130","A.130 row: Picoxystrobin (ISO); methyl (2E)-3-methoxy-2-[2- ((]([6-(trifluoromethyl)pyridin- 2-yl]oxy)[)methyl)phenyl]acrylate"
"Active substance in plant protection products","Prosulfuron N-[(4-methoxy-6-methyl-1,3,5-triazin-2-yl)carbamoyl]-2- (3,3,3-trifluoropropyl)benzenesulfona mide","1-(4-methoxy-6-methyl-1,3,5-triazin-2-yl)-3-[2-(3,3,3-trifluoropropyl)phenylsulfonyl]ur ea",,,,"94125-34-5","A.130","A.130 row: Prosulfuron N-[(4-methoxy-6-methyl-1,3,5-triazin-2-yl)carbamoyl]-2- (3,3,3-trifluoropropyl)benzenesulfona mide or 1-(4-methoxy-6-methyl-1,3,5-triazin-2-yl)-3-[2-(3,3,3-trifluoropropyl)phenylsulfonyl]ur ea"
"Active substance in plant protection products","Pyridalyl (ISO); 2,6-dichloro-4-(3,3-dichloroallyloxy)phenyl 3-[5- (trifluoromethyl)-2-pyridyloxy]propyl ether",,,,,"179101-81-6","A.130","A.130 row: Pyridalyl (ISO); 2,6-dichloro-4-(3,3-dichloroallyloxy)phenyl 3-[5- (trifluoromethyl)-2-pyridyloxy]propyl ether"
"Active substance in plant protection products","Pyroxsulam (ISO); N-(5,7-dimethoxy[1,2,4]triazolo[1,5-a]pyrimidin-2-yl)-2-methoxy-4- (trifluoromethyl) pyridine-3-sulfonamide",,,,,"422556-08-9","A.130","A.130 row: Pyroxsulam (ISO); N-(5,7-dimethoxy[1,2,4]triazolo[1,5-a]pyrimidin-2-yl)-2-methoxy-4- (trifluoromethyl) pyridine-3-sulfonamide"
"Active substance in plant protection products","Sulfoxaflor (ISO); [methyl(oxo)(](1-[6- (trifluoromethyl)-3-pyridyl]ethyl)[)-λ6-sulfanylidene]cyanamide;",,,,,"946578-00-3","A.130","A.130 row: Sulfoxaflor (ISO); [methyl(oxo)(](1-[6- (trifluoromethyl)-3-pyridyl]ethyl)[)-λ6-sulfanylidene]cyanamide;"
"Active substance in plant protection products","Tau-Fluvalinate; [cyano-(3-phenoxyphenyl)methyl] (2R)-2- [2-chloro-4- (trifluoromethyl)anilino]-3-methylbutanoate",,,,,"102851-06-9","A.130","A.130 row: Tau-Fluvalinate; [cyano-(3-phenoxyphenyl)methyl] (2R)-2- [2-chloro-4- (trifluoromethyl)anilino]-3-methylbutanoate"
"Active substance in plant protection products","Tefluthrin (ISO); 2,3,5,6-tetrafluoro-4-methylbenzyl (1RS,3RS)-3- [(Z)-2-chloro-3,3,3-trifluoroprop-1-enyl]-2,2-dimethylcyclopropanecarboxylat e",,,,,"79538-32-2","A.130","A.130 row: Tefluthrin (ISO); 2,3,5,6-tetrafluoro-4-methylbenzyl (1RS,3RS)-3- [(Z)-2-chloro-3,3,3-trifluoroprop-1-enyl]-2,2-dimethylcyclopropanecarboxylat e"
"Active substance in plant protection products","Tembotrione (ISO); 2-(](2-chloro-4- (methylsulfonyl)-3-[(2,2,2-trifluoroethoxy)methyl]benzoyl) [)cyclohexane-1,3-dione;",,,,,"335104-84-2","A.130","A.130 row: Tembotrione (ISO); 2-(](2-chloro-4- (methylsulfonyl)-3-[(2,2,2-trifluoroethoxy)methyl]benzoyl) [)cyclohexane-1,3-dione;"
"Active substance in plant protection products","Tetraconazole; (+/-)-2-(2,4-Dichlorophenyl)-3- (1H-1,2,4-triazole-1-ylpropyl)- 1,1,2,2-tetrafluorethyl ether",,,,,"112281-77-3","A.130","A.130 row: Tetraconazole; (+/-)-2-(2,4-Dichlorophenyl)-3- (1H-1,2,4-triazole-1-ylpropyl)- 1,1,2,2-tetrafluorethyl ether"
"Active substance in plant protection products","Trifloxystrobin(ISO); methyl (E)-methoxyimino- (]((E)-α-[1-(α,α,α-trifluoro-m-tolyl)ethylideneaminooxy]-o-tolyl)[)acetate",,,,,"141517-21-7","A.130","A.130 row: Trifloxystrobin(ISO); methyl (E)-methoxyimino- (]((E)-α-[1-(α,α,α-trifluoro-m-tolyl)ethylideneaminooxy]-o-tolyl)[)acetate"
"Active substance in plant protection products","Triflumizole (ISO); (1E)-N-[4-chloro-2- (trifluoromethyl)phenyl]-1-(1H-imidazol-1-yl)-2-propoxyethanimine; (ISO)",,,,,"68694-11-1","A.130","A.130 row: Triflumizole (ISO); (1E)-N-[4-chloro-2- (trifluoromethyl)phenyl]-1-(1H-imidazol-1-yl)-2-propoxyethanimine; (ISO)"
"Active substance in plant protection products","Triflusulfuron-methyl; methyl 2-((]([4- (dimethylamino)-6-(2,2,2-",,,,,"126535-15-7","A.130","A.130 row: Triflusulfuron-methyl; methyl 2-((]([4- (dimethylamino)-6-(2,2,2-"
"Active substance in plant protection products","fluazifop-P; (2R)-2-(4-([5- (trifluoromethyl)pyridin-2-yl]oxy)phenoxy)propanoic acid",,,,,"83066-88-0","A.130","A.130 row: fluazifop-P; (2R)-2-(4-([5- (trifluoromethyl)pyridin-2-yl]oxy)phenoxy)propanoic acid"
"PT08-Wood preservatives","Bifenthrin",,,,,"82657-04-3","A.131","A.131 row: Bifenthrin"
"PT08-Wood preservatives","Chlorfenapyr; (ISO)4-bromo-2- (4-chlorophenyl)- 1-ethoxy methyl- 5-trifluoromethylpy rrole-3-carbonitrile",,,,,"122453-73-0","A.131","A.131 row: Chlorfenapyr; (ISO)4-bromo-2- (4-chlorophenyl)- 1-ethoxy methyl- 5-trifluoromethylpy rrole-3-carbonitrile"
"PT14-Rodenticides","Flocoumafen",,,,,"90035-08-8","A.131","A.131 row: Flocoumafen"
"PT18-Insecticides, acaricides and products to control other arthropods","Chlorfenapyr; (ISO)4-bromo-2- (4-chlorophenyl)- 1-ethoxy methyl- 5-trifluoromethylpy rrole-3-carbonitrile",,,,,"122453-73-0","A.131","A.131 row: Chlorfenapyr; (ISO)4-bromo-2- (4-chlorophenyl)- 1-ethoxy methyl- 5-trifluoromethylpy rrole-3-carbonitrile"
"PT18-Insecticides, acaricides and products to control other arthropods","Fipronil",,,,,"120068-37-3","A.131","A.131 row: Fipronil"
"PT18-Insecticides, acaricides and products to control other arthropods","Hexaflumuron; 1-(3,5-dichloro- 4-(1,1,2,2-tetrafluoroethoxy)phenyl)-3-(2,6-difluorobenzoyl) urea",,,,,"86479-06-3","A.131","A.131 row: Hexaflumuron; 1-(3,5-dichloro- 4-(1,1,2,2-tetrafluoroethoxy)phenyl)-3-(2,6-difluorobenzoyl) urea"
"PT18-Insecticides, acaricides and products to control other arthropods","lambda- Cyhalothrin; [(R)-cyano-(3-phenoxyphenyl) methyl] (1S,3S)- 3-[(Z)-2-chloro- 3,3,3-trifluoroprop-1-enyl]-2,2-dimethylcyclopro pane-1-carboxylate",,,,,"91465-08-6","A.131","A.131 row: lambda- Cyhalothrin; [(R)-cyano-(3-phenoxyphenyl) methyl] (1S,3S)- 3-[(Z)-2-chloro- 3,3,3-trifluoroprop-1-enyl]-2,2-dimethylcyclopro pane-1-carboxylate"
"PT21-Antifouling products","Tralopyril",,,,,"122454-29-9","A.131","A.131 row: Tralopyril"
"Balls for check valves (Automotive)","Fluoroelastomers",,"FKM",,,,"A.14","Table A.14 title: Fluoroelastomers - non-exhaustive overview over specific uses and applications sectors"
"Bellows for turbocharger (Automotive)","Fluoroelastomers",,"FKM",,,,"A.14","Table A.14 title: Fluoroelastomers - non-exhaustive overview over specific uses and applications sectors"
"Check valve balls (Industrial)","Fluoroelastomers",,"FKM",,,,"A.14","Table A.14 title: Fluoroelastomers - non-exhaustive overview over specific uses and applications sectors"
"Clips for jet engines (Aerospace)","Fluoroelastomers",,"FKM",,,,"A.14","Table A.14 title: Fluoroelastomers - non-exhaustive overview over specific uses and applications sectors"
"Diaphragms (Industrial)","Fluoroelastomers",,"FKM",,,,"A.14","Table A.14 title: Fluoroelastomers - non-exhaustive overview over specific uses and applications sectors"
"Electrical connectors (Aerospace)","Fluoroelastomers",,"FKM",,,,"A.14","Table A.14 title: Fluoroelastomers - non-exhaustive overview over specific uses and applications sectors"
"Electrical connectors (Industrial)","Fluoroelastomers",,"FKM",,,,"A.14","Table A.14 title: Fluoroelastomers - non-exhaustive overview over specific uses and applications sectors"
"Engine head gaskets (Automotive)","Fluoroelastomers",,"FKM",,,,"A.14","Table A.14 title: Fluoroelastomers - non-exhaustive overview over specific uses and applications sectors"
"Engine lube siphon hose (Aerospace)","Fluoroelastomers",,"FKM",,,,"A.14","Table A.14 title: Fluoroelastomers - non-exhaustive overview over specific uses and applications sectors"
"Firewall seals (Aerospace)","Fluoroelastomers",,"FKM",,,,"A.14","Table A.14 title: Fluoroelastomers - non-exhaustive overview over specific uses and applications sectors"
"Flue duct expansion joints (Industrial)","Fluoroelastomers",,"FKM",,,,"A.14","Table A.14 title: Fluoroelastomers - non-exhaustive overview over specific uses and applications sectors"
"Fuel hoses and fuel hose liner (Automotive)","Fluoroelastomers",,"FKM",,,,"A.14","Table A.14 title: Fluoroelastomers - non-exhaustive overview over specific uses and applications sectors"
"Fuel injector O-rings (Automotive)","Fluoroelastomers",,"FKM",,,,"A.14","Table A.14 title: Fluoroelastomers - non-exhaustive overview over specific uses and applications sectors"
"Fuel tank bladders (Aerospace)","Fluoroelastomers",,"FKM",,,,"A.14","Table A.14 title: Fluoroelastomers - non-exhaustive overview over specific uses and applications sectors"
"Gaskets (valve and manifold) (Automotive)","Fluoroelastomers",,"FKM",,,,"A.14","Table A.14 title: Fluoroelastomers - non-exhaustive overview over specific uses and applications sectors"
"Heat-sealable tubing for wire and cable insulation (Aerospace)","Fluoroelastomers",,"FKM",,,,"A.14","Table A.14 title: Fluoroelastomers - non-exhaustive overview over specific uses and applications sectors"
"Heat-sealable tubing for wire insulation (Automotive)","Fluoroelastomers",,"FKM",,,,"A.14","Table A.14 title: Fluoroelastomers - non-exhaustive overview over specific uses and applications sectors"
"Hydraulic O-ring seals (Industrial)","Fluoroelastomers",,"FKM",,,,"A.14","Table A.14 title: Fluoroelastomers - non-exhaustive overview over specific uses and applications sectors"
"In-tank and quick connect fuel system seals (Automotive)","Fluoroelastomers",,"FKM",,,,"A.14","Table A.14 title: Fluoroelastomers - non-exhaustive overview over specific uses and applications sectors"
"Industrial roll covers (100% FKM or laminates with other elastomers) (Industrial)","Fluoroelastomers",,"FKM",,,,"A.14","Table A.14 title: Fluoroelastomers - non-exhaustive overview over specific uses and applications sectors"
"Lathe cut gaskets (Automotive)","Fluoroelastomers",,"FKM",,,,"A.14","Table A.14 title: Fluoroelastomers - non-exhaustive overview over specific uses and applications sectors"
"Manifold gaskets (Aerospace)","Fluoroelastomers",,"FKM",,,,"A.14","Table A.14 title: Fluoroelastomers - non-exhaustive overview over specific uses and applications sectors"
"Military flare binders (Industrial)","Fluoroelastomers",,"FKM",,,,"A.14","Table A.14 title: Fluoroelastomers - non-exhaustive overview over specific uses and applications sectors"
"O-ring seals in fuel, lubrication, and hydraulic systems (Aerospace)","Fluoroelastomers",,"FKM",,,,"A.14","Table A.14 title: Fluoroelastomers - non-exhaustive overview over specific uses and applications sectors"
"Safety clothing and gloves (Industrial)","Fluoroelastomers",,"FKM",,,,"A.14","Table A.14 title: Fluoroelastomers - non-exhaustive overview over specific uses and applications sectors"
"Shaft seals (Aerospace)","Fluoroelastomers",,"FKM",,,,"A.14","Table A.14 title: Fluoroelastomers - non-exhaustive overview over specific uses and applications sectors"
"Shaft seals (Automotive)","Fluoroelastomers",,"FKM",,,,"A.14","Table A.14 title: Fluoroelastomers - non-exhaustive overview over specific uses and applications sectors"
"Tire valve stem seals (Aerospace)","Fluoroelastomers",,"FKM",,,,"A.14","Table A.14 title: Fluoroelastomers - non-exhaustive overview over specific uses and applications sectors"
"Traps for hot engine lubricants (Aerospace)","Fluoroelastomers",,"FKM",,,,"A.14","Table A.14 title: Fluoroelastomers - non-exhaustive overview over specific uses and applications sectors"
"US FDA approved seals in food handling processes (Industrial)","Fluoroelastomers",,"FKM",,,,"A.14","Table A.14 title: Fluoroelastomers - non-exhaustive overview over specific uses and applications sectors"
"V-ring packers (Industrial)","Fluoroelastomers",,"FKM",,,,"A.14","Table A.14 title: Fluoroelastomers - non-exhaustive overview over specific uses and applications sectors"
"Valve liners (Industrial)","Fluoroelastomers",,"FKM",,,,"A.14","Table A.14 title: Fluoroelastomers - non-exhaustive overview over specific uses and applications sectors"
"Valve stem and valve seals (Automotive)","Fluoroelastomers",,"FKM",,,,"A.14","Table A.14 title: Fluoroelastomers - non-exhaustive overview over specific uses and applications sectors"
"Architectural polyester/PVC fabrics as fluoropolymers","Fluoropolymers (unspecified)",,,,,,"A.17","<1% as a protection of polyester PVC fabrics"
"Chemical protective suits","Fluorosilicone",,,,,,"A.17","PTFE (max 1%), THV (max 1%) or FKM or Fluorosilicone (50-90%)"
"Chemical protective suits",,,"FKM",,,,"A.17","PTFE (max 1%), THV (max 1%) or FKM or Fluorosilicone (50-90%)"
"Chemical protective suits",,,"PTFE",,,,"A.17","PTFE (max 1%), THV (max 1%) or FKM or Fluorosilicone (50-90%)"
"Chemical protective suits",,,"THV",,,,"A.17","PTFE (max 1%), THV (max 1%) or FKM or Fluorosilicone (50-90%)"
"High performance upholstery","C6 side-chain fluorinated polymer",,"C6 SCFP",,,,"A.17","<0.1% C6 SCFP in final textile product"
"Medical gowns, drapes and PPE","C6 side-chain fluorinated polymer (unspecified)",,"C6 SCFP",,,,"A.17","C6 concentration average for all products <0.5%"
"Membrane","C6 side-chain fluorinated polymer (unspecified)",,"C6 SCFP",,,,"A.17","C6 PFAS represent approximately less than 1% of total weight of the membrane"
"Outdoor textiles","Perfluoroalkyl acid (unspecified)",,"PFAA",,,,"A.17","2% of FEP/PFAA in final product"
"Outdoor textiles",,,"FEP",,,,"A.17","2% of FEP/PFAA in final product"
"Protective and technical textiles where PTFE is used as a membrane material",,,"PTFE",,,,"A.17","100% of membrane is PTFE"
"Within some face masks","Expanded PTFE",,"ePTFE",,,,"A.17","1.9% of ePTFE in final products (by weight)"
"Grease-proof paper (FCM flexible packaging)","2-Propenoic acid, 2-methyl-, polymer with 2-hydroxyethyl 2-methyl-2-propenoate, α-(1-oxo-2-propen-1-yl)-ω-hydroxypoly(oxy- 1,2-ethanediyl) and 3,3,4,4,5,5,6,6,7,7,8,8,8-tridecafluorooctyl 2-propenoate, sodium salt",,,,,"1158951-86-0","A.21","A.21 row: Polymeric PFAS: 2-Propenoic acid, 2-methyl-, polymer with 2-hydroxyethyl 2-methyl-2-propenoate, α-(1-oxo-2-propen-1-yl)-ω-hydroxypoly(oxy- 1,2-ethanediyl) and 3,3,4,4,5,5,6,6,7,7,8,8,8-tridecafluorooctyl 2-propenoate, sodium salt"
"Grease-proof paper (FCM flexible packaging)","C6-based PFAS",,,,,,"A.21","A.21 row: PFAA and PFAA precursors: C6-based PFAS"
"Grease-proof paper (FCM flexible packaging)","Diphosphoric acid, polymers with ethoxylated reduced methyl esters of reduced polymerized oxidized tetrafluoroethylene",,,,,"200013-65-6","A.21","A.21 row: Polymeric PFAS: Diphosphoric acid, polymers with ethoxylated reduced methyl esters of reduced polymerized oxidized tetrafluoroethylene"
"Grease-proof paper (FCM flexible packaging)","Perfluoroalkylethyl acrylate (mixture)",,,,,"65605-70-1","A.21","A.21 row: Polymeric PFAS: Perfluoroalkylethyl acrylate (mixture)"
"Grease-proof paper (FCM flexible packaging)","short chain PFAS",,,,,,"A.21","A.21 row: PFAA and PFAA precursors: short chain PFAS"
"Flexible packaging (FCM) -- PTFE Wax","Poly(tetrafluoroethylene)",,,,,"9002-84-0","A.25","A.25 row: Poly(tetrafluoroethylene) [PTFE Wax]"
"Flexible packaging (FCM) -- Printing ink","Poly(tetrafluoroethylene)",,,,,"9002-84-0","A.25","A.25 row: Poly(tetrafluoroethylene) [Printing ink]"
"Flexible packaging (FCM) -- Printing ink","Poly[trifluoropropyl (methyl)siloxane]",,,,,"63148-56-1","A.25","A.25 row: Poly[trifluoropropyl (methyl)siloxane] [Printing ink]"
"Flexible packaging (FCM) -- lacquer","Poly(tetrafluoroethylene)",,,,,"9002-84-0","A.25","A.25 row: Poly(tetrafluoroethylene) [lacquer]"
"(Vacuum) Vapor Phase soldering / Condensatio n soldering: Heat transfer fluid/mediu m",,,"PFPE",,,,"A.51","Polymeric PFAS: PFPE"
"Coating / film of electronic components: Coatings","1,1",,,,,,"A.51","Polymeric PFAS: PTFE, PVDF, FEP and PFA, PFPE, ETFE, FEVE, Non-polymeric PFAS: 2-(perfluorohexyl)ethyl acrylate, 2- (Difluoromethoxymethyl)- 1,1,1,2,3,3,3-heptafluoro-propane, 1,1,1,2,2,3,3,4,4- Nonafluoro-4-methoxy-butane, PFHxA, C6 side-chain fluorinated polymers, Polyfluoroalkyl (meth)acrylate."
"Coating / film of electronic components: Coatings","1,2",,,,,,"A.51","Polymeric PFAS: PTFE, PVDF, FEP and PFA, PFPE, ETFE, FEVE, Non-polymeric PFAS: 2-(perfluorohexyl)ethyl acrylate, 2- (Difluoromethoxymethyl)- 1,1,1,2,3,3,3-heptafluoro-propane, 1,1,1,2,2,3,3,4,4- Nonafluoro-4-methoxy-butane, PFHxA, C6 side-chain fluorinated polymers, Polyfluoroalkyl (meth)acrylate."
"Coating / film of electronic components: Coatings","2,2",,,,,,"A.51","Polymeric PFAS: PTFE, PVDF, FEP and PFA, PFPE, ETFE, FEVE, Non-polymeric PFAS: 2-(perfluorohexyl)ethyl acrylate, 2- (Difluoromethoxymethyl)- 1,1,1,2,3,3,3-heptafluoro-propane, 1,1,1,2,2,3,3,4,4- Nonafluoro-4-methoxy-butane, PFHxA, C6 side-chain fluorinated polymers, Polyfluoroalkyl (meth)acrylate."
"Coating / film of electronic components: Coatings","2- (Difluoromethoxymethyl)- 1,1",,,,,,"A.51","Polymeric PFAS: PTFE, PVDF, FEP and PFA, PFPE, ETFE, FEVE, Non-polymeric PFAS: 2-(perfluorohexyl)ethyl acrylate, 2- (Difluoromethoxymethyl)- 1,1,1,2,3,3,3-heptafluoro-propane, 1,1,1,2,2,3,3,4,4- Nonafluoro-4-methoxy-butane, PFHxA, C6 side-chain fluorinated polymers, Polyfluoroalkyl (meth)acrylate."
"Coating / film of electronic components: Coatings","2-(perfluorohexyl)ethyl acrylate",,,,,,"A.51","Polymeric PFAS: PTFE, PVDF, FEP and PFA, PFPE, ETFE, FEVE, Non-polymeric PFAS: 2-(perfluorohexyl)ethyl acrylate, 2- (Difluoromethoxymethyl)- 1,1,1,2,3,3,3-heptafluoro-propane, 1,1,1,2,2,3,3,4,4- Nonafluoro-4-methoxy-butane, PFHxA, C6 side-chain fluorinated polymers, Polyfluoroalkyl (meth)acrylate."
"Coating / film of electronic components: Coatings","3,3",,,,,,"A.51","Polymeric PFAS: PTFE, PVDF, FEP and PFA, PFPE, ETFE, FEVE, Non-polymeric PFAS: 2-(perfluorohexyl)ethyl acrylate, 2- (Difluoromethoxymethyl)- 1,1,1,2,3,3,3-heptafluoro-propane, 1,1,1,2,2,3,3,4,4- Nonafluoro-4-methoxy-butane, PFHxA, C6 side-chain fluorinated polymers, Polyfluoroalkyl (meth)acrylate."
"Coating / film of electronic components: Coatings","3-heptafluoro-propane,1",,,,,,"A.51","Polymeric PFAS: PTFE, PVDF, FEP and PFA, PFPE, ETFE, FEVE, Non-polymeric PFAS: 2-(perfluorohexyl)ethyl acrylate, 2- (Difluoromethoxymethyl)- 1,1,1,2,3,3,3-heptafluoro-propane, 1,1,1,2,2,3,3,4,4- Nonafluoro-4-methoxy-butane, PFHxA, C6 side-chain fluorinated polymers, Polyfluoroalkyl (meth)acrylate."
"Coating / film of electronic components: Coatings","4- Nonafluoro-4-methoxy-butane",,"PFHxA",,,,"A.51","Polymeric PFAS: PTFE, PVDF, FEP and PFA, PFPE, ETFE, FEVE, Non-polymeric PFAS: 2-(perfluorohexyl)ethyl acrylate, 2- (Difluoromethoxymethyl)- 1,1,1,2,3,3,3-heptafluoro-propane, 1,1,1,2,2,3,3,4,4- Nonafluoro-4-methoxy-butane, PFHxA, C6 side-chain fluorinated polymers, Polyfluoroalkyl (meth)acrylate."
"Coating / film of electronic components: Coatings","C6 side-chain fluorinated polymers",,,,,,"A.51","Polymeric PFAS: PTFE, PVDF, FEP and PFA, PFPE, ETFE, FEVE, Non-polymeric PFAS: 2-(perfluorohexyl)ethyl acrylate, 2- (Difluoromethoxymethyl)- 1,1,1,2,3,3,3-heptafluoro-propane, 1,1,1,2,2,3,3,4,4- Nonafluoro-4-methoxy-butane, PFHxA, C6 side-chain fluorinated polymers, Polyfluoroalkyl (meth)acrylate."
"Coating / film of electronic components: Coatings","FEP and PFA",,"PFPE",,,,"A.51","Polymeric PFAS: PTFE, PVDF, FEP and PFA, PFPE, ETFE, FEVE, Non-polymeric PFAS: 2-(perfluorohexyl)ethyl acrylate, 2- (Difluoromethoxymethyl)- 1,1,1,2,3,3,3-heptafluoro-propane, 1,1,1,2,2,3,3,4,4- Nonafluoro-4-methoxy-butane, PFHxA, C6 side-chain fluorinated polymers, Polyfluoroalkyl (meth)acrylate."
"Coating / film of electronic components: Coatings","Polyfluoroalkyl (meth)acrylate.",,,,,,"A.51","Polymeric PFAS: PTFE, PVDF, FEP and PFA, PFPE, ETFE, FEVE, Non-polymeric PFAS: 2-(perfluorohexyl)ethyl acrylate, 2- (Difluoromethoxymethyl)- 1,1,1,2,3,3,3-heptafluoro-propane, 1,1,1,2,2,3,3,4,4- Nonafluoro-4-methoxy-butane, PFHxA, C6 side-chain fluorinated polymers, Polyfluoroalkyl (meth)acrylate."
"Coating / film of electronic components: Coatings",,,"ETFE",,,,"A.51","Polymeric PFAS: PTFE, PVDF, FEP and PFA, PFPE, ETFE, FEVE, Non-polymeric PFAS: 2-(perfluorohexyl)ethyl acrylate, 2- (Difluoromethoxymethyl)- 1,1,1,2,3,3,3-heptafluoro-propane, 1,1,1,2,2,3,3,4,4- Nonafluoro-4-methoxy-butane, PFHxA, C6 side-chain fluorinated polymers, Polyfluoroalkyl (meth)acrylate."
"Coating / film of electronic components: Coatings",,,"FEVE",,,,"A.51","Polymeric PFAS: PTFE, PVDF, FEP and PFA, PFPE, ETFE, FEVE, Non-polymeric PFAS: 2-(perfluorohexyl)ethyl acrylate, 2- (Difluoromethoxymethyl)- 1,1,1,2,3,3,3-heptafluoro-propane, 1,1,1,2,2,3,3,4,4- Nonafluoro-4-methoxy-butane, PFHxA, C6 side-chain fluorinated polymers, Polyfluoroalkyl (meth)acrylate."
"Coating / film of electronic components: Coatings",,,"PTFE",,,,"A.51","Polymeric PFAS: PTFE, PVDF, FEP and PFA, PFPE, ETFE, FEVE, Non-polymeric PFAS: 2-(perfluorohexyl)ethyl acrylate, 2- (Difluoromethoxymethyl)- 1,1,1,2,3,3,3-heptafluoro-propane, 1,1,1,2,2,3,3,4,4- Nonafluoro-4-methoxy-butane, PFHxA, C6 side-chain fluorinated polymers, Polyfluoroalkyl (meth)acrylate."
"Coating / film of electronic components: Coatings",,,"PVDF",,,,"A.51","Polymeric PFAS: PTFE, PVDF, FEP and PFA, PFPE, ETFE, FEVE, Non-polymeric PFAS: 2-(perfluorohexyl)ethyl acrylate, 2- (Difluoromethoxymethyl)- 1,1,1,2,3,3,3-heptafluoro-propane, 1,1,1,2,2,3,3,4,4- Nonafluoro-4-methoxy-butane, PFHxA, C6 side-chain fluorinated polymers, Polyfluoroalkyl (meth)acrylate."
"Coating / film of electronic components: Film","PVDF co-polymer (P",,"VDF-TrFE",,,,"A.51","Polymeric PFAS: fluoropolymers e.g. PTFE, PVDF, PVDF co-polymer (P(VDF-TrFE), or P(VDF-TrFE- CTFE/CFE), PFPE"
"Coating / film of electronic components: Film","fluoropolymers e.g. PTFE",,"PVDF",,,,"A.51","Polymeric PFAS: fluoropolymers e.g. PTFE, PVDF, PVDF co-polymer (P(VDF-TrFE), or P(VDF-TrFE- CTFE/CFE), PFPE"
"Coating / film of electronic components: Film","or P(VDF-TrFE- CTFE/CFE)",,"PFPE",,,,"A.51","Polymeric PFAS: fluoropolymers e.g. PTFE, PVDF, PVDF co-polymer (P(VDF-TrFE), or P(VDF-TrFE- CTFE/CFE), PFPE"
"Coating / film of electronic components: Foldable film","Fluorinated polyimide",,,,,,"A.51","Non-polymeric PFAS: Fluorinated polyimide"
"Coating / film of electronic components: Resin","Fluoropolymer e.g. PFA",,,,,,"A.51","Polymeric PFAS: Fluoropolymer e.g. PFA"
"Electrical heat tracing systems: Heating elements. Electrical insulations and tubes","ETFE and PVDF",,,,,,"A.51","Polymeric PFAS: PTFE, PFA, FEP, ETFE and PVDF"
"Electrical heat tracing systems: Heating elements. Electrical insulations and tubes",,,"FEP",,,,"A.51","Polymeric PFAS: PTFE, PFA, FEP, ETFE and PVDF"
"Electrical heat tracing systems: Heating elements. Electrical insulations and tubes",,,"PFA",,,,"A.51","Polymeric PFAS: PTFE, PFA, FEP, ETFE and PVDF"
"Electrical heat tracing systems: Heating elements. Electrical insulations and tubes",,,"PTFE",,,,"A.51","Polymeric PFAS: PTFE, PFA, FEP, ETFE and PVDF"
"Electronic components",,,"FEP",,,,"A.51","Polymeric PFAS: PTFE, PFA, FEP"
"Electronic components",,,"PFA",,,,"A.51","Polymeric PFAS: PTFE, PFA, FEP"
"Electronic components",,,"PTFE",,,,"A.51","Polymeric PFAS: PTFE, PFA, FEP"
"Electronic components: (Printed) circuit boards (PCB)","fluorinated polyimide",,,,,,"A.51","Polymeric PFAS: PFA, PTFE, FEP, fluorinated polyimide"
"Electronic components: (Printed) circuit boards (PCB)",,,"FEP",,,,"A.51","Polymeric PFAS: PFA, PTFE, FEP, fluorinated polyimide"
"Electronic components: (Printed) circuit boards (PCB)",,,"PFA",,,,"A.51","Polymeric PFAS: PFA, PTFE, FEP, fluorinated polyimide"
"Electronic components: (Printed) circuit boards (PCB)",,,"PTFE",,,,"A.51","Polymeric PFAS: PFA, PTFE, FEP, fluorinated polyimide"
"Electronic components: Antennas (incl. film)",,,"FEP",,,,"A.51","Polymeric PFAS: PTFE, PFA, FEP"
"Electronic components: Antennas (incl. film)",,,"PFA",,,,"A.51","Polymeric PFAS: PTFE, PFA, FEP"
"Electronic components: Antennas (incl. film)",,,"PTFE",,,,"A.51","Polymeric PFAS: PTFE, PFA, FEP"
"Electronic components: Capacitors","PTFE co-polymer",,,,,,"A.51","Polymeric PFAS: PTFE, PTFE co-polymer, Poly(difluoromethylene), PFPE"
"Electronic components: Capacitors","Poly(difluoromethylene)",,"PFPE",,,,"A.51","Polymeric PFAS: PTFE, PTFE co-polymer, Poly(difluoromethylene), PFPE"
"Electronic components: Capacitors",,,"PTFE",,,,"A.51","Polymeric PFAS: PTFE, PTFE co-polymer, Poly(difluoromethylene), PFPE"
"Electronic components: Electric microphones",,,"FEP",,,,"A.51","Polymeric PFAS: FEP, PTFE"
"Electronic components: Electric microphones",,,"PTFE",,,,"A.51","Polymeric PFAS: FEP, PTFE"
"Electronic components: Electrochemi cal devices (dye","Non-polymeric PFAS e.g. LiTFSI",,,,,,"A.51","Non-polymeric PFAS: Non-polymeric PFAS e.g. LiTFSI"
"Electronic components: Piezzoelectri c devices","PFPE e.g. CAS no. 69991-67-9",,,,,,"A.51","Polymeric PFAS: PVDF and co-polymers, PFPE e.g. CAS no. 69991-67-9"
"Electronic components: Piezzoelectri c devices","PVDF and co-polymers",,,,,,"A.51","Polymeric PFAS: PVDF and co-polymers, PFPE e.g. CAS no. 69991-67-9"
"Electronic components: Radiofrequen cy (RF) and microwave filters",,,"PTFE",,,,"A.51","Polymeric PFAS: PTFE"
"Electronic components: Release film/tape","Fluorinated oligomers",,,,,,"A.51","Polymeric PFAS: Fluorinated oligomers"
"Electronic components: Resisters","C6 side-chain fluorinated polymers",,,,,,"A.51","Non-polymeric PFAS; C6 side-chain fluorinated polymers"
"Electronic components: Resisters","Non-polymeric PFAS",,,,,,"A.51","Non-polymeric PFAS; C6 side-chain fluorinated polymers"
"Electronic components: Sensors / indicators / radars",,,"ETFE",,,,"A.51","Polymeric PFAS: ePTFE, PTFE, ETFE, FEP, PFA Non-polymeric PFAS: PFSA"
"Electronic components: Sensors / indicators / radars",,,"FEP",,,,"A.51","Polymeric PFAS: ePTFE, PTFE, ETFE, FEP, PFA Non-polymeric PFAS: PFSA"
"Electronic components: Sensors / indicators / radars",,,"PFA",,,,"A.51","Polymeric PFAS: ePTFE, PTFE, ETFE, FEP, PFA Non-polymeric PFAS: PFSA"
"Electronic components: Sensors / indicators / radars",,,"PFSA",,,,"A.51","Polymeric PFAS: ePTFE, PTFE, ETFE, FEP, PFA Non-polymeric PFAS: PFSA"
"Electronic components: Sensors / indicators / radars",,,"PTFE",,,,"A.51","Polymeric PFAS: ePTFE, PTFE, ETFE, FEP, PFA Non-polymeric PFAS: PFSA"
"Electronic components: Sensors / indicators / radars",,,"ePTFE",,,,"A.51","Polymeric PFAS: ePTFE, PTFE, ETFE, FEP, PFA Non-polymeric PFAS: PFSA"
"Electronic components: Tactile switch components",,,"PTFE",,,,"A.51","Polymeric PFAS: PTFE"
"Electronic components: Thermistors",,,"ETFE",,,,"A.51","Polymeric PFAS: ETFE, FEP, PTFE"
"Electronic components: Thermistors",,,"FEP",,,,"A.51","Polymeric PFAS: ETFE, FEP, PTFE"
"Electronic components: Thermistors",,,"PTFE",,,,"A.51","Polymeric PFAS: ETFE, FEP, PTFE"
"Electronic components: Trimmers",,,"PTFE",,,,"A.51","Polymeric PFAS: PTFE"
"Electronic components: Waveguides","CF3 fluorinated polyimide",,"C6F13",,,,"A.51","Non-polymeric PFAS: CF3 fluorinated polyimide, C6F13"
"Electronic components: diodes",,,"PTFE",,,,"A.51","Polymeric PFAS: PTFE"
"Electronic components: solvent and cleaning)","Non-polymeric PFAS e.g. LiTFSI",,,,,,"A.51","Non-polymeric PFAS: Non-polymeric PFAS e.g. LiTFSI"
"Electronic components: tuners and",,,"PTFE",,,,"A.51","Polymeric PFAS: PTFE"
"Electronic data storage: Absorber molecule for data storage","CF -SO 3 2",,,,,,"A.51","Non-polymeric PFAS: CF -SO 3 2"
"Electronic data storage: Coating and adhesive","Fluoropolymers",,"PFCA",,,,"A.51","Polymeric PFAS: Fluoropolymers Non-polymeric PFAS: PFCA"
"Heat: Liquid",,,"PFPE",,,,"A.51","Polymeric PFAS: PFPE"
"Imaging (medical imaging): -","Fluorinated PI.",,,,,,"A.51","Polymeric PFAS: PTFE, Fluorinated PI."
"Imaging (medical imaging): -",,,"PTFE",,,,"A.51","Polymeric PFAS: PTFE, Fluorinated PI."
"Insulation of electronic components (ex. wires and cables): Electrical insulation","FFKM)",,"PVDF",,,,"A.51","Polymeric PFAS: PTFE, ETFE, fluoroelastomers (FKM, FFKM), PVDF"
"Insulation of electronic components (ex. wires and cables): Electrical insulation","fluoroelastomers (FKM",,,,,,"A.51","Polymeric PFAS: PTFE, ETFE, fluoroelastomers (FKM, FFKM), PVDF"
"Insulation of electronic components (ex. wires and cables): Electrical insulation",,,"ETFE",,,,"A.51","Polymeric PFAS: PTFE, ETFE, fluoroelastomers (FKM, FFKM), PVDF"
"Insulation of electronic components (ex. wires and cables): Electrical insulation",,,"PTFE",,,,"A.51","Polymeric PFAS: PTFE, ETFE, fluoroelastomers (FKM, FFKM), PVDF"
"Insulation of electronic components (ex. wires and cables): Electrical insulators in transducers",,,"PTFE",,,,"A.51","Polymeric PFAS: PTFE"
"Insulation of electronic components (ex. wires and cables): Induction coil insulation",,,"PTFE",,,,"A.51","Polymeric PFAS: PTFE"
"Insulation of electronic components (ex. wires and cables): Insulation in Surge protection devices",,,"FKM",,,,"A.51","Polymeric PFAS: PTFE, FKM"
"Insulation of electronic components (ex. wires and cables): Insulation in Surge protection devices",,,"PTFE",,,,"A.51","Polymeric PFAS: PTFE, FKM"
"Photonics and related uses: Liquid crystal displays (LCD) – Inter layer","Non-polymeric PFASs",,"PFHxA",,,,"A.51","Non-polymeric PFASs, PFHxA, fluorinated polyimide."
"Photonics and related uses: Liquid crystal displays (LCD) – Inter layer","fluorinated polyimide.",,,,,,"A.51","Non-polymeric PFASs, PFHxA, fluorinated polyimide."
"Photonics and related uses: Liquid crystal displays (LCD) – coating / film","Fluoroalkyl acrylate",,,,,,"A.51","Non-polymeric PFAS: Fluoroalkyl acrylate"
"Photonics and related uses: Liquid crystal displays (LCD)-modules/pan els","Non",,,,,,"A.51","Non polymeric PFAS: Non-polymeric e.g. PFHxA, fluorinated polyimides."
"Photonics and related uses: Liquid crystal displays (LCD)-modules/pan els","Non-polymeric e.g. PFHxA",,,,,,"A.51","Non polymeric PFAS: Non-polymeric e.g. PFHxA, fluorinated polyimides."
"Photonics and related uses: Liquid crystal displays (LCD)-modules/pan els","fluorinated polyimides.",,,,,,"A.51","Non polymeric PFAS: Non-polymeric e.g. PFHxA, fluorinated polyimides."
"Photonics and related uses: Optical additives","CF3 fluorinated PI",,,,,,"A.51","Non-polymeric PFAS: CF3 fluorinated PI, PA or PET, surfactant containing CF3 or CF2"
"Photonics and related uses: Optical additives","PA or PET",,,,,,"A.51","Non-polymeric PFAS: CF3 fluorinated PI, PA or PET, surfactant containing CF3 or CF2"
"Photonics and related uses: Optical additives","surfactant containing CF3 or CF2",,,,,,"A.51","Non-polymeric PFAS: CF3 fluorinated PI, PA or PET, surfactant containing CF3 or CF2"
"Photonics and related uses: Optical coating","Fluoroacrylate",,,,,,"A.51","Polymeric PFAS: PTFE Non-polymeric PFAS: Fluoroacrylate"
"Photonics and related uses: Optical coating",,,"PTFE",,,,"A.51","Polymeric PFAS: PTFE Non-polymeric PFAS: Fluoroacrylate"
"Photonics and related uses: Optical fibres (Polymer optical fiber) incl. glass fibres","Fluoropolymers e.g. ETFE",,,,,,"A.51","Polymeric PFAS: Fluoropolymers e.g. ETFE, PMMA copolymer (THV (tetrafluoroethylene-hexafluoropropylene-vinylidene fluoride)) Nonpolymeric PFAS: C6F12O, Side-chain fluorinated polymers e.g. F-PMMA"
"Photonics and related uses: Optical fibres (Polymer optical fiber) incl. glass fibres","PMMA copolymer (THV (tetrafluoroethylene-hexafluoropropylene-vinylidene fluoride)) Non",,"C6F12O",,,,"A.51","Polymeric PFAS: Fluoropolymers e.g. ETFE, PMMA copolymer (THV (tetrafluoroethylene-hexafluoropropylene-vinylidene fluoride)) Nonpolymeric PFAS: C6F12O, Side-chain fluorinated polymers e.g. F-PMMA"
"Photonics and related uses: Optical fibres (Polymer optical fiber) incl. glass fibres","Side-chain fluorinated polymers e.g. F-PMMA",,,,,,"A.51","Polymeric PFAS: Fluoropolymers e.g. ETFE, PMMA copolymer (THV (tetrafluoroethylene-hexafluoropropylene-vinylidene fluoride)) Nonpolymeric PFAS: C6F12O, Side-chain fluorinated polymers e.g. F-PMMA"
"Photonics and related uses: Optical filter incl. color filter / lenses","4-phenylene)bis[4-[[2-chloro-5- (trifluoromethyl)phenyl]azo]-3-hydroxynaphthalene-2-carboxamide (52238-92-3)",,,,,,"A.51","Non-polymeric PFAS: N,N'- (2,5-dichloro-1,4-phenylene)bis[4-[[2-chloro-5- (trifluoromethyl)phenyl]azo]-3-hydroxynaphthalene-2-carboxamide (52238-92-3)"
"Photonics and related uses: Optical filter incl. color filter / lenses","5-dichloro-1",,,,,,"A.51","Non-polymeric PFAS: N,N'- (2,5-dichloro-1,4-phenylene)bis[4-[[2-chloro-5- (trifluoromethyl)phenyl]azo]-3-hydroxynaphthalene-2-carboxamide (52238-92-3)"
"Photonics and related uses: Optical filter incl. color filter / lenses","N'- (2",,,,,,"A.51","Non-polymeric PFAS: N,N'- (2,5-dichloro-1,4-phenylene)bis[4-[[2-chloro-5- (trifluoromethyl)phenyl]azo]-3-hydroxynaphthalene-2-carboxamide (52238-92-3)"
"Photonics and related uses: Organic light-emitting diode (OLED)","Non-polymeric PFASs",,"PFHxA",,,,"A.51","Non-polymeric PFAS: Non-polymeric PFASs, PFHxA, fluorinated polyimide"
"Photonics and related uses: Organic light-emitting diode (OLED)","fluorinated polyimide",,,,,,"A.51","Non-polymeric PFAS: Non-polymeric PFASs, PFHxA, fluorinated polyimide"
"Photonics and related uses: Other optical applications",,,"PTFE",,,,"A.51","Polymeric PFAS: PTFE"
"Photonics and related uses: Rod lenses","Fluorinated Methacrylate esters",,"F-PMMA",,,,"A.51","Non-polymeric PFAS: Fluorinated Methacrylate esters; F-PMMA"
"Plastic additives: Anti-drip agent / flame retardant additive in plastics","1,2",,,,,,"A.51","Polymeric PFAS: PTFE, 1-Propene, 1,1,2,3,3,3-hexafluoro-, polymer with 1,1-difluoroethene and tetrafluoroethene Non-polymeric PFAS: K-PFBS (Potassium 1,1,2,2,3,3,4,4,4-nonafluorobutane-1-sulphonate, PFBS"
"Plastic additives: Anti-drip agent / flame retardant additive in plastics","1-Propene,1",,,,,,"A.51","Polymeric PFAS: PTFE, 1-Propene, 1,1,2,3,3,3-hexafluoro-, polymer with 1,1-difluoroethene and tetrafluoroethene Non-polymeric PFAS: K-PFBS (Potassium 1,1,2,2,3,3,4,4,4-nonafluorobutane-1-sulphonate, PFBS"
"Plastic additives: Anti-drip agent / flame retardant additive in plastics","1-difluoroethene and tetrafluoroethene",,,,,,"A.51","Polymeric PFAS: PTFE, 1-Propene, 1,1,2,3,3,3-hexafluoro-, polymer with 1,1-difluoroethene and tetrafluoroethene Non-polymeric PFAS: K-PFBS (Potassium 1,1,2,2,3,3,4,4,4-nonafluorobutane-1-sulphonate, PFBS"
"Plastic additives: Anti-drip agent / flame retardant additive in plastics","2,2",,,,,,"A.51","Polymeric PFAS: PTFE, 1-Propene, 1,1,2,3,3,3-hexafluoro-, polymer with 1,1-difluoroethene and tetrafluoroethene Non-polymeric PFAS: K-PFBS (Potassium 1,1,2,2,3,3,4,4,4-nonafluorobutane-1-sulphonate, PFBS"
"Plastic additives: Anti-drip agent / flame retardant additive in plastics","3,3",,,,,,"A.51","Polymeric PFAS: PTFE, 1-Propene, 1,1,2,3,3,3-hexafluoro-, polymer with 1,1-difluoroethene and tetrafluoroethene Non-polymeric PFAS: K-PFBS (Potassium 1,1,2,2,3,3,4,4,4-nonafluorobutane-1-sulphonate, PFBS"
"Plastic additives: Anti-drip agent / flame retardant additive in plastics","3-hexafluoro-",,,,,,"A.51","Polymeric PFAS: PTFE, 1-Propene, 1,1,2,3,3,3-hexafluoro-, polymer with 1,1-difluoroethene and tetrafluoroethene Non-polymeric PFAS: K-PFBS (Potassium 1,1,2,2,3,3,4,4,4-nonafluorobutane-1-sulphonate, PFBS"
"Plastic additives: Anti-drip agent / flame retardant additive in plastics","4,4",,,,,,"A.51","Polymeric PFAS: PTFE, 1-Propene, 1,1,2,3,3,3-hexafluoro-, polymer with 1,1-difluoroethene and tetrafluoroethene Non-polymeric PFAS: K-PFBS (Potassium 1,1,2,2,3,3,4,4,4-nonafluorobutane-1-sulphonate, PFBS"
"Plastic additives: Anti-drip agent / flame retardant additive in plastics","4-nonafluorobutane-1-sulphonate",,"PFBS",,,,"A.51","Polymeric PFAS: PTFE, 1-Propene, 1,1,2,3,3,3-hexafluoro-, polymer with 1,1-difluoroethene and tetrafluoroethene Non-polymeric PFAS: K-PFBS (Potassium 1,1,2,2,3,3,4,4,4-nonafluorobutane-1-sulphonate, PFBS"
"Plastic additives: Anti-drip agent / flame retardant additive in plastics","K-PFBS (Potassium 1,1",,,,,,"A.51","Polymeric PFAS: PTFE, 1-Propene, 1,1,2,3,3,3-hexafluoro-, polymer with 1,1-difluoroethene and tetrafluoroethene Non-polymeric PFAS: K-PFBS (Potassium 1,1,2,2,3,3,4,4,4-nonafluorobutane-1-sulphonate, PFBS"
"Plastic additives: Anti-drip agent / flame retardant additive in plastics","polymer with 1",,,,,,"A.51","Polymeric PFAS: PTFE, 1-Propene, 1,1,2,3,3,3-hexafluoro-, polymer with 1,1-difluoroethene and tetrafluoroethene Non-polymeric PFAS: K-PFBS (Potassium 1,1,2,2,3,3,4,4,4-nonafluorobutane-1-sulphonate, PFBS"
"Plastic additives: Anti-drip agent / flame retardant additive in plastics",,,"PTFE",,,,"A.51","Polymeric PFAS: PTFE, 1-Propene, 1,1,2,3,3,3-hexafluoro-, polymer with 1,1-difluoroethene and tetrafluoroethene Non-polymeric PFAS: K-PFBS (Potassium 1,1,2,2,3,3,4,4,4-nonafluorobutane-1-sulphonate, PFBS"
"Plastic additives: Clarity additive","Non-polymeric: PFBS",,,,,,"A.51","Non-polymeric: PFBS"
"Plastic additives: Liquid crystal polymer",,,"PTFE",,,,"A.51","Polymeric PFAS: PTFE"
"Power electronics: Power supply (e.g. generator)",,,"PTFE",,,,"A.51","Polymeric PFAS: PTFE"
"Wires and cables","(E)-,1",,,,,,"A.51","cyclopentane, Tetraethylammonium heptadecafluorooctanesulphon ate, Tetraethylazanium nonafluorobutane-1-sulfonate, Propene, 1,3,3,3,-tetrafluoro- ,(E)-, 1,1,1,2- Tetrafluoroethane, 1,1,1,2,2,3,4,5,5,5-decafluoro- 3-methoxy-4- (trifluoromethyl)pentane, 1-ethoxynonafluorobutane etc."
"Wires and cables","-tetrafluoro-",,,,,,"A.51","cyclopentane, Tetraethylammonium heptadecafluorooctanesulphon ate, Tetraethylazanium nonafluorobutane-1-sulfonate, Propene, 1,3,3,3,-tetrafluoro- ,(E)-, 1,1,1,2- Tetrafluoroethane, 1,1,1,2,2,3,4,5,5,5-decafluoro- 3-methoxy-4- (trifluoromethyl)pentane, 1-ethoxynonafluorobutane etc."
"Wires and cables","1,1",,,,,,"A.51","cyclopentane, Tetraethylammonium heptadecafluorooctanesulphon ate, Tetraethylazanium nonafluorobutane-1-sulfonate, Propene, 1,3,3,3,-tetrafluoro- ,(E)-, 1,1,1,2- Tetrafluoroethane, 1,1,1,2,2,3,4,5,5,5-decafluoro- 3-methoxy-4- (trifluoromethyl)pentane, 1-ethoxynonafluorobutane etc."
"Wires and cables","1-ethoxynonafluorobutane etc.",,,,,,"A.51","cyclopentane, Tetraethylammonium heptadecafluorooctanesulphon ate, Tetraethylazanium nonafluorobutane-1-sulfonate, Propene, 1,3,3,3,-tetrafluoro- ,(E)-, 1,1,1,2- Tetrafluoroethane, 1,1,1,2,2,3,4,5,5,5-decafluoro- 3-methoxy-4- (trifluoromethyl)pentane, 1-ethoxynonafluorobutane etc."
"Wires and cables","2,2",,,,,,"A.51","cyclopentane, Tetraethylammonium heptadecafluorooctanesulphon ate, Tetraethylazanium nonafluorobutane-1-sulfonate, Propene, 1,3,3,3,-tetrafluoro- ,(E)-, 1,1,1,2- Tetrafluoroethane, 1,1,1,2,2,3,4,5,5,5-decafluoro- 3-methoxy-4- (trifluoromethyl)pentane, 1-ethoxynonafluorobutane etc."
"Wires and cables","2- Tetrafluoroethane,1",,,,,,"A.51","cyclopentane, Tetraethylammonium heptadecafluorooctanesulphon ate, Tetraethylazanium nonafluorobutane-1-sulfonate, Propene, 1,3,3,3,-tetrafluoro- ,(E)-, 1,1,1,2- Tetrafluoroethane, 1,1,1,2,2,3,4,5,5,5-decafluoro- 3-methoxy-4- (trifluoromethyl)pentane, 1-ethoxynonafluorobutane etc."
"Wires and cables","3,3",,,,,,"A.51","cyclopentane, Tetraethylammonium heptadecafluorooctanesulphon ate, Tetraethylazanium nonafluorobutane-1-sulfonate, Propene, 1,3,3,3,-tetrafluoro- ,(E)-, 1,1,1,2- Tetrafluoroethane, 1,1,1,2,2,3,4,5,5,5-decafluoro- 3-methoxy-4- (trifluoromethyl)pentane, 1-ethoxynonafluorobutane etc."
"Wires and cables","3,4",,,,,,"A.51","cyclopentane, Tetraethylammonium heptadecafluorooctanesulphon ate, Tetraethylazanium nonafluorobutane-1-sulfonate, Propene, 1,3,3,3,-tetrafluoro- ,(E)-, 1,1,1,2- Tetrafluoroethane, 1,1,1,2,2,3,4,5,5,5-decafluoro- 3-methoxy-4- (trifluoromethyl)pentane, 1-ethoxynonafluorobutane etc."
"Wires and cables","5,5",,,,,,"A.51","cyclopentane, Tetraethylammonium heptadecafluorooctanesulphon ate, Tetraethylazanium nonafluorobutane-1-sulfonate, Propene, 1,3,3,3,-tetrafluoro- ,(E)-, 1,1,1,2- Tetrafluoroethane, 1,1,1,2,2,3,4,5,5,5-decafluoro- 3-methoxy-4- (trifluoromethyl)pentane, 1-ethoxynonafluorobutane etc."
"Wires and cables","5-decafluoro- 3-methoxy-4- (trifluoromethyl)pentane",,,,,,"A.51","cyclopentane, Tetraethylammonium heptadecafluorooctanesulphon ate, Tetraethylazanium nonafluorobutane-1-sulfonate, Propene, 1,3,3,3,-tetrafluoro- ,(E)-, 1,1,1,2- Tetrafluoroethane, 1,1,1,2,2,3,4,5,5,5-decafluoro- 3-methoxy-4- (trifluoromethyl)pentane, 1-ethoxynonafluorobutane etc."
"Wires and cables","Propene,1",,,,,,"A.51","cyclopentane, Tetraethylammonium heptadecafluorooctanesulphon ate, Tetraethylazanium nonafluorobutane-1-sulfonate, Propene, 1,3,3,3,-tetrafluoro- ,(E)-, 1,1,1,2- Tetrafluoroethane, 1,1,1,2,2,3,4,5,5,5-decafluoro- 3-methoxy-4- (trifluoromethyl)pentane, 1-ethoxynonafluorobutane etc."
"Wires and cables","Tetraethylammonium heptadecafluorooctanesulphon ate",,,,,,"A.51","cyclopentane, Tetraethylammonium heptadecafluorooctanesulphon ate, Tetraethylazanium nonafluorobutane-1-sulfonate, Propene, 1,3,3,3,-tetrafluoro- ,(E)-, 1,1,1,2- Tetrafluoroethane, 1,1,1,2,2,3,4,5,5,5-decafluoro- 3-methoxy-4- (trifluoromethyl)pentane, 1-ethoxynonafluorobutane etc."
"Wires and cables","Tetraethylazanium nonafluorobutane-1-sulfonate",,,,,,"A.51","cyclopentane, Tetraethylammonium heptadecafluorooctanesulphon ate, Tetraethylazanium nonafluorobutane-1-sulfonate, Propene, 1,3,3,3,-tetrafluoro- ,(E)-, 1,1,1,2- Tetrafluoroethane, 1,1,1,2,2,3,4,5,5,5-decafluoro- 3-methoxy-4- (trifluoromethyl)pentane, 1-ethoxynonafluorobutane etc."
"Wires and cables","cyclopentane",,,,,,"A.51","cyclopentane, Tetraethylammonium heptadecafluorooctanesulphon ate, Tetraethylazanium nonafluorobutane-1-sulfonate, Propene, 1,3,3,3,-tetrafluoro- ,(E)-, 1,1,1,2- Tetrafluoroethane, 1,1,1,2,2,3,4,5,5,5-decafluoro- 3-methoxy-4- (trifluoromethyl)pentane, 1-ethoxynonafluorobutane etc."
"Wires and cables: Connectors","1,2",,,,,,"A.51","Polymeric PFAS: PTFE, FVMQ (CAS 63148-56-1/ 68037-87-6), PVDF copolymer, PFPE etc. Non-polymeric PFAS: HFP, 1,1,2,2,3,3,4-hepta fluoro"
"Wires and cables: Connectors","2,3",,,,,,"A.51","Polymeric PFAS: PTFE, FVMQ (CAS 63148-56-1/ 68037-87-6), PVDF copolymer, PFPE etc. Non-polymeric PFAS: HFP, 1,1,2,2,3,3,4-hepta fluoro"
"Wires and cables: Connectors","4-hepta fluoro",,,,,,"A.51","Polymeric PFAS: PTFE, FVMQ (CAS 63148-56-1/ 68037-87-6), PVDF copolymer, PFPE etc. Non-polymeric PFAS: HFP, 1,1,2,2,3,3,4-hepta fluoro"
"Wires and cables: Connectors","CAS 63148-56-1/ 68037-87-6",,"FVMQ",,,,"A.51","Polymeric PFAS: PTFE, FVMQ (CAS 63148-56-1/ 68037-87-6), PVDF copolymer, PFPE etc. Non-polymeric PFAS: HFP, 1,1,2,2,3,3,4-hepta fluoro"
"Wires and cables: Connectors","PFPE etc. (HFP),1",,,,,,"A.51","Polymeric PFAS: PTFE, FVMQ (CAS 63148-56-1/ 68037-87-6), PVDF copolymer, PFPE etc. Non-polymeric PFAS: HFP, 1,1,2,2,3,3,4-hepta fluoro"
"Wires and cables: Connectors","PVDF copolymer",,,,,,"A.51","Polymeric PFAS: PTFE, FVMQ (CAS 63148-56-1/ 68037-87-6), PVDF copolymer, PFPE etc. Non-polymeric PFAS: HFP, 1,1,2,2,3,3,4-hepta fluoro"
"Wires and cables: Connectors",,,"PTFE",,,,"A.51","Polymeric PFAS: PTFE, FVMQ (CAS 63148-56-1/ 68037-87-6), PVDF copolymer, PFPE etc. Non-polymeric PFAS: HFP, 1,1,2,2,3,3,4-hepta fluoro"
"Wires and cables: Insulation",,,"ECTFE",,,,"A.51","Polymeric PFAS: PTFE, PFA, ETFE, FEP, FEPM, PFPE, PVDF, ECTFE, PEP, FKM, FMVQ"
"Wires and cables: Insulation",,,"ETFE",,,,"A.51","Polymeric PFAS: PTFE, PFA, ETFE, FEP, FEPM, PFPE, PVDF, ECTFE, PEP, FKM, FMVQ"
"Wires and cables: Insulation",,,"FEP",,,,"A.51","Polymeric PFAS: PTFE, PFA, ETFE, FEP, FEPM, PFPE, PVDF, ECTFE, PEP, FKM, FMVQ"
"Wires and cables: Insulation",,,"FEPM",,,,"A.51","Polymeric PFAS: PTFE, PFA, ETFE, FEP, FEPM, PFPE, PVDF, ECTFE, PEP, FKM, FMVQ"
"Wires and cables: Insulation",,,"FKM",,,,"A.51","Polymeric PFAS: PTFE, PFA, ETFE, FEP, FEPM, PFPE, PVDF, ECTFE, PEP, FKM, FMVQ"
"Wires and cables: Insulation",,,"FMVQ",,,,"A.51","Polymeric PFAS: PTFE, PFA, ETFE, FEP, FEPM, PFPE, PVDF, ECTFE, PEP, FKM, FMVQ"
"Wires and cables: Insulation",,,"PEP",,,,"A.51","Polymeric PFAS: PTFE, PFA, ETFE, FEP, FEPM, PFPE, PVDF, ECTFE, PEP, FKM, FMVQ"
"Wires and cables: Insulation",,,"PFA",,,,"A.51","Polymeric PFAS: PTFE, PFA, ETFE, FEP, FEPM, PFPE, PVDF, ECTFE, PEP, FKM, FMVQ"
"Wires and cables: Insulation",,,"PFPE",,,,"A.51","Polymeric PFAS: PTFE, PFA, ETFE, FEP, FEPM, PFPE, PVDF, ECTFE, PEP, FKM, FMVQ"
"Wires and cables: Insulation",,,"PTFE",,,,"A.51","Polymeric PFAS: PTFE, PFA, ETFE, FEP, FEPM, PFPE, PVDF, ECTFE, PEP, FKM, FMVQ"
"Wires and cables: Insulation",,,"PVDF",,,,"A.51","Polymeric PFAS: PTFE, PFA, ETFE, FEP, FEPM, PFPE, PVDF, ECTFE, PEP, FKM, FMVQ"
"Wires and cables: binders",,,"ECTFE",,,,"A.51","Polymeric PFAS: PTFE, PFA, ETFE, FEP, FEPM, PFPE, PVDF, ECTFE, PEP, FKM, FMVQ"
"Wires and cables: binders",,,"ETFE",,,,"A.51","Polymeric PFAS: PTFE, PFA, ETFE, FEP, FEPM, PFPE, PVDF, ECTFE, PEP, FKM, FMVQ"
"Wires and cables: binders",,,"FEP",,,,"A.51","Polymeric PFAS: PTFE, PFA, ETFE, FEP, FEPM, PFPE, PVDF, ECTFE, PEP, FKM, FMVQ"
"Wires and cables: binders",,,"FEPM",,,,"A.51","Polymeric PFAS: PTFE, PFA, ETFE, FEP, FEPM, PFPE, PVDF, ECTFE, PEP, FKM, FMVQ"
"Wires and cables: binders",,,"FKM",,,,"A.51","Polymeric PFAS: PTFE, PFA, ETFE, FEP, FEPM, PFPE, PVDF, ECTFE, PEP, FKM, FMVQ"
"Wires and cables: binders",,,"FMVQ",,,,"A.51","Polymeric PFAS: PTFE, PFA, ETFE, FEP, FEPM, PFPE, PVDF, ECTFE, PEP, FKM, FMVQ"
"Wires and cables: binders",,,"PEP",,,,"A.51","Polymeric PFAS: PTFE, PFA, ETFE, FEP, FEPM, PFPE, PVDF, ECTFE, PEP, FKM, FMVQ"
"Wires and cables: binders",,,"PFA",,,,"A.51","Polymeric PFAS: PTFE, PFA, ETFE, FEP, FEPM, PFPE, PVDF, ECTFE, PEP, FKM, FMVQ"
"Wires and cables: binders",,,"PFPE",,,,"A.51","Polymeric PFAS: PTFE, PFA, ETFE, FEP, FEPM, PFPE, PVDF, ECTFE, PEP, FKM, FMVQ"
"Wires and cables: binders",,,"PTFE",,,,"A.51","Polymeric PFAS: PTFE, PFA, ETFE, FEP, FEPM, PFPE, PVDF, ECTFE, PEP, FKM, FMVQ"
"Wires and cables: binders",,,"PVDF",,,,"A.51","Polymeric PFAS: PTFE, PFA, ETFE, FEP, FEPM, PFPE, PVDF, ECTFE, PEP, FKM, FMVQ"
"Wires and cables: jackets",,,"ECTFE",,,,"A.51","Polymeric PFAS: PTFE, PFA, ETFE, FEP, FEPM, PFPE, PVDF, ECTFE, PEP, FKM, FMVQ"
"Wires and cables: jackets",,,"ETFE",,,,"A.51","Polymeric PFAS: PTFE, PFA, ETFE, FEP, FEPM, PFPE, PVDF, ECTFE, PEP, FKM, FMVQ"
"Wires and cables: jackets",,,"FEP",,,,"A.51","Polymeric PFAS: PTFE, PFA, ETFE, FEP, FEPM, PFPE, PVDF, ECTFE, PEP, FKM, FMVQ"
"Wires and cables: jackets",,,"FEPM",,,,"A.51","Polymeric PFAS: PTFE, PFA, ETFE, FEP, FEPM, PFPE, PVDF, ECTFE, PEP, FKM, FMVQ"
"Wires and cables: jackets",,,"FKM",,,,"A.51","Polymeric PFAS: PTFE, PFA, ETFE, FEP, FEPM, PFPE, PVDF, ECTFE, PEP, FKM, FMVQ"
"Wires and cables: jackets",,,"FMVQ",,,,"A.51","Polymeric PFAS: PTFE, PFA, ETFE, FEP, FEPM, PFPE, PVDF, ECTFE, PEP, FKM, FMVQ"
"Wires and cables: jackets",,,"PEP",,,,"A.51","Polymeric PFAS: PTFE, PFA, ETFE, FEP, FEPM, PFPE, PVDF, ECTFE, PEP, FKM, FMVQ"
"Wires and cables: jackets",,,"PFA",,,,"A.51","Polymeric PFAS: PTFE, PFA, ETFE, FEP, FEPM, PFPE, PVDF, ECTFE, PEP, FKM, FMVQ"
"Wires and cables: jackets",,,"PFPE",,,,"A.51","Polymeric PFAS: PTFE, PFA, ETFE, FEP, FEPM, PFPE, PVDF, ECTFE, PEP, FKM, FMVQ"
"Wires and cables: jackets",,,"PTFE",,,,"A.51","Polymeric PFAS: PTFE, PFA, ETFE, FEP, FEPM, PFPE, PVDF, ECTFE, PEP, FKM, FMVQ"
"Wires and cables: jackets",,,"PVDF",,,,"A.51","Polymeric PFAS: PTFE, PFA, ETFE, FEP, FEPM, PFPE, PVDF, ECTFE, PEP, FKM, FMVQ"
"Wires and cables: sheaths",,,"ECTFE",,,,"A.51","Polymeric PFAS: PTFE, PFA, ETFE, FEP, FEPM, PFPE, PVDF, ECTFE, PEP, FKM, FMVQ"
"Wires and cables: sheaths",,,"ETFE",,,,"A.51","Polymeric PFAS: PTFE, PFA, ETFE, FEP, FEPM, PFPE, PVDF, ECTFE, PEP, FKM, FMVQ"
"Wires and cables: sheaths",,,"FEP",,,,"A.51","Polymeric PFAS: PTFE, PFA, ETFE, FEP, FEPM, PFPE, PVDF, ECTFE, PEP, FKM, FMVQ"
"Wires and cables: sheaths",,,"FEPM",,,,"A.51","Polymeric PFAS: PTFE, PFA, ETFE, FEP, FEPM, PFPE, PVDF, ECTFE, PEP, FKM, FMVQ"
"Wires and cables: sheaths",,,"FKM",,,,"A.51","Polymeric PFAS: PTFE, PFA, ETFE, FEP, FEPM, PFPE, PVDF, ECTFE, PEP, FKM, FMVQ"
"Wires and cables: sheaths",,,"FMVQ",,,,"A.51","Polymeric PFAS: PTFE, PFA, ETFE, FEP, FEPM, PFPE, PVDF, ECTFE, PEP, FKM, FMVQ"
"Wires and cables: sheaths",,,"PEP",,,,"A.51","Polymeric PFAS: PTFE, PFA, ETFE, FEP, FEPM, PFPE, PVDF, ECTFE, PEP, FKM, FMVQ"
"Wires and cables: sheaths",,,"PFA",,,,"A.51","Polymeric PFAS: PTFE, PFA, ETFE, FEP, FEPM, PFPE, PVDF, ECTFE, PEP, FKM, FMVQ"
"Wires and cables: sheaths",,,"PFPE",,,,"A.51","Polymeric PFAS: PTFE, PFA, ETFE, FEP, FEPM, PFPE, PVDF, ECTFE, PEP, FKM, FMVQ"
"Wires and cables: sheaths",,,"PTFE",,,,"A.51","Polymeric PFAS: PTFE, PFA, ETFE, FEP, FEPM, PFPE, PVDF, ECTFE, PEP, FKM, FMVQ"
"Wires and cables: sheaths",,,"PVDF",,,,"A.51","Polymeric PFAS: PTFE, PFA, ETFE, FEP, FEPM, PFPE, PVDF, ECTFE, PEP, FKM, FMVQ"
"Wires and cables: sleeves",,,"ECTFE",,,,"A.51","Polymeric PFAS: PTFE, PFA, ETFE, FEP, FEPM, PFPE, PVDF, ECTFE, PEP, FKM, FMVQ"
"Wires and cables: sleeves",,,"ETFE",,,,"A.51","Polymeric PFAS: PTFE, PFA, ETFE, FEP, FEPM, PFPE, PVDF, ECTFE, PEP, FKM, FMVQ"
"Wires and cables: sleeves",,,"FEP",,,,"A.51","Polymeric PFAS: PTFE, PFA, ETFE, FEP, FEPM, PFPE, PVDF, ECTFE, PEP, FKM, FMVQ"
"Wires and cables: sleeves",,,"FEPM",,,,"A.51","Polymeric PFAS: PTFE, PFA, ETFE, FEP, FEPM, PFPE, PVDF, ECTFE, PEP, FKM, FMVQ"
"Wires and cables: sleeves",,,"FKM",,,,"A.51","Polymeric PFAS: PTFE, PFA, ETFE, FEP, FEPM, PFPE, PVDF, ECTFE, PEP, FKM, FMVQ"
"Wires and cables: sleeves",,,"FMVQ",,,,"A.51","Polymeric PFAS: PTFE, PFA, ETFE, FEP, FEPM, PFPE, PVDF, ECTFE, PEP, FKM, FMVQ"
"Wires and cables: sleeves",,,"PEP",,,,"A.51","Polymeric PFAS: PTFE, PFA, ETFE, FEP, FEPM, PFPE, PVDF, ECTFE, PEP, FKM, FMVQ"
"Wires and cables: sleeves",,,"PFA",,,,"A.51","Polymeric PFAS: PTFE, PFA, ETFE, FEP, FEPM, PFPE, PVDF, ECTFE, PEP, FKM, FMVQ"
"Wires and cables: sleeves",,,"PFPE",,,,"A.51","Polymeric PFAS: PTFE, PFA, ETFE, FEP, FEPM, PFPE, PVDF, ECTFE, PEP, FKM, FMVQ"
"Wires and cables: sleeves",,,"PTFE",,,,"A.51","Polymeric PFAS: PTFE, PFA, ETFE, FEP, FEPM, PFPE, PVDF, ECTFE, PEP, FKM, FMVQ"
"Wires and cables: sleeves",,,"PVDF",,,,"A.51","Polymeric PFAS: PTFE, PFA, ETFE, FEP, FEPM, PFPE, PVDF, ECTFE, PEP, FKM, FMVQ"
"Wires and cables: tapes",,,"ECTFE",,,,"A.51","Polymeric PFAS: PTFE, PFA, ETFE, FEP, FEPM, PFPE, PVDF, ECTFE, PEP, FKM, FMVQ"
"Wires and cables: tapes",,,"ETFE",,,,"A.51","Polymeric PFAS: PTFE, PFA, ETFE, FEP, FEPM, PFPE, PVDF, ECTFE, PEP, FKM, FMVQ"
"Wires and cables: tapes",,,"FEP",,,,"A.51","Polymeric PFAS: PTFE, PFA, ETFE, FEP, FEPM, PFPE, PVDF, ECTFE, PEP, FKM, FMVQ"
"Wires and cables: tapes",,,"FEPM",,,,"A.51","Polymeric PFAS: PTFE, PFA, ETFE, FEP, FEPM, PFPE, PVDF, ECTFE, PEP, FKM, FMVQ"
"Wires and cables: tapes",,,"FKM",,,,"A.51","Polymeric PFAS: PTFE, PFA, ETFE, FEP, FEPM, PFPE, PVDF, ECTFE, PEP, FKM, FMVQ"
"Wires and cables: tapes",,,"FMVQ",,,,"A.51","Polymeric PFAS: PTFE, PFA, ETFE, FEP, FEPM, PFPE, PVDF, ECTFE, PEP, FKM, FMVQ"
"Wires and cables: tapes",,,"PEP",,,,"A.51","Polymeric PFAS: PTFE, PFA, ETFE, FEP, FEPM, PFPE, PVDF, ECTFE, PEP, FKM, FMVQ"
"Wires and cables: tapes",,,"PFA",,,,"A.51","Polymeric PFAS: PTFE, PFA, ETFE, FEP, FEPM, PFPE, PVDF, ECTFE, PEP, FKM, FMVQ"
"Wires and cables: tapes",,,"PFPE",,,,"A.51","Polymeric PFAS: PTFE, PFA, ETFE, FEP, FEPM, PFPE, PVDF, ECTFE, PEP, FKM, FMVQ"
"Wires and cables: tapes",,,"PTFE",,,,"A.51","Polymeric PFAS: PTFE, PFA, ETFE, FEP, FEPM, PFPE, PVDF, ECTFE, PEP, FKM, FMVQ"
"Wires and cables: tapes",,,"PVDF",,,,"A.51","Polymeric PFAS: PTFE, PFA, ETFE, FEP, FEPM, PFPE, PVDF, ECTFE, PEP, FKM, FMVQ"
"transfer fluid","1,2",,,,,,"A.51","R1233zd, R1336mzz or 1,1,1,2,2,3,3-Heptafluoro-3-methoxy-propane (HFE-7000)"
"transfer fluid","2,3",,,,,,"A.51","R1233zd, R1336mzz or 1,1,1,2,2,3,3-Heptafluoro-3-methoxy-propane (HFE-7000)"
"transfer fluid","3-Heptafluoro-3-methoxy-propane",,"HFE-7000",,,,"A.51","R1233zd, R1336mzz or 1,1,1,2,2,3,3-Heptafluoro-3-methoxy-propane (HFE-7000)"
"transfer fluid","R1233zd",,,,,,"A.51","R1233zd, R1336mzz or 1,1,1,2,2,3,3-Heptafluoro-3-methoxy-propane (HFE-7000)"
"transfer fluid","R1336mzz or 1,1",,,,,,"A.51","R1233zd, R1336mzz or 1,1,1,2,2,3,3-Heptafluoro-3-methoxy-propane (HFE-7000)"
"transfer fluid: Engineered fluid (indirect cooling","FK 5-1-12 (Perfluoro(2-methyl- 3-pentanone)",,,,,,"A.51","Non-polymeric PFAS: FK 5-1-12 (Perfluoro(2-methyl- 3-pentanone)"
"transfer fluid: Thermal management systems","Hydrofluoroleofins (HFOs) e.g. HFO 1336mzz-Z and Hydrofluoroethers",,"HFEs",,,,"A.51","Fluorinated gases: Hydrofluoroleofins (HFOs) e.g. HFO 1336mzz-Z and Hydrofluoroethers (HFEs)"
"transfer fluid: cold plate)","FK 5-1-12 (Perfluoro(2-methyl- 3-pentanone)",,,,,,"A.51","Non-polymeric PFAS: FK 5-1-12 (Perfluoro(2-methyl- 3-pentanone)"
"transfer fluid: immersion cooling","1,1",,,,,,"A.51","Fluorinated gases: HFO and HFE. HFO e.g. (Z)-1,1,1,4,4,4-Hexafluoro-2-buten, HFE e.g. Butane, 1-ethoxy-1,1,2,2,3,3,4,4,4-nonafluoro-, 2,3,3,4,4-pentafluoro-5-methoxy-2,5-bis[1,2,2,2-tetrafluoro-1- (trifluoromethyl)ethyl]tetrahyd rofuran, 1,1,1,2,2,4,5,5,5-nonafluoro- 4-(trifluoromethyl)-3-pentanone, 2-(Trifluoromethyl)-3-ethoxydodecafluorohexane, HFE-7100; CAS No. 163702-08-7, HFE-7200; CAS No. 163702-05-4, HFE-7300; CAS No. 132182-92-4, HFE-7500; CAS No. 297730-93-9, HFE- 356mec; CAS No. 382-34-3 Non-polymeric PFAS: Perfluamine, Reaction mass of 1,1,2,2,3,3,4,4,4-nonafluoro- N,N-bis(nonafluorobutyl)butan- 1-amine and 1,1,2,2,3,3,4,4,4-nonafluoro-N-[1,1,2,3,3-hexafluoro-2- (trifluoromethyl)propyl]-N- (1,1,2,2,3,3,4,4,4-nonafluorobutyl)butan-1-amine, nonafluoro-2-trifluoromethyl-3-pentanone (CAS number 756-13-8)"
"transfer fluid: immersion cooling","1,4",,,,,,"A.51","Fluorinated gases: HFO and HFE. HFO e.g. (Z)-1,1,1,4,4,4-Hexafluoro-2-buten, HFE e.g. Butane, 1-ethoxy-1,1,2,2,3,3,4,4,4-nonafluoro-, 2,3,3,4,4-pentafluoro-5-methoxy-2,5-bis[1,2,2,2-tetrafluoro-1- (trifluoromethyl)ethyl]tetrahyd rofuran, 1,1,1,2,2,4,5,5,5-nonafluoro- 4-(trifluoromethyl)-3-pentanone, 2-(Trifluoromethyl)-3-ethoxydodecafluorohexane, HFE-7100; CAS No. 163702-08-7, HFE-7200; CAS No. 163702-05-4, HFE-7300; CAS No. 132182-92-4, HFE-7500; CAS No. 297730-93-9, HFE- 356mec; CAS No. 382-34-3 Non-polymeric PFAS: Perfluamine, Reaction mass of 1,1,2,2,3,3,4,4,4-nonafluoro- N,N-bis(nonafluorobutyl)butan- 1-amine and 1,1,2,2,3,3,4,4,4-nonafluoro-N-[1,1,2,3,3-hexafluoro-2- (trifluoromethyl)propyl]-N- (1,1,2,2,3,3,4,4,4-nonafluorobutyl)butan-1-amine, nonafluoro-2-trifluoromethyl-3-pentanone (CAS number 756-13-8)"
"transfer fluid: immersion cooling","1-ethoxy-1,1",,,,,,"A.51","Fluorinated gases: HFO and HFE. HFO e.g. (Z)-1,1,1,4,4,4-Hexafluoro-2-buten, HFE e.g. Butane, 1-ethoxy-1,1,2,2,3,3,4,4,4-nonafluoro-, 2,3,3,4,4-pentafluoro-5-methoxy-2,5-bis[1,2,2,2-tetrafluoro-1- (trifluoromethyl)ethyl]tetrahyd rofuran, 1,1,1,2,2,4,5,5,5-nonafluoro- 4-(trifluoromethyl)-3-pentanone, 2-(Trifluoromethyl)-3-ethoxydodecafluorohexane, HFE-7100; CAS No. 163702-08-7, HFE-7200; CAS No. 163702-05-4, HFE-7300; CAS No. 132182-92-4, HFE-7500; CAS No. 297730-93-9, HFE- 356mec; CAS No. 382-34-3 Non-polymeric PFAS: Perfluamine, Reaction mass of 1,1,2,2,3,3,4,4,4-nonafluoro- N,N-bis(nonafluorobutyl)butan- 1-amine and 1,1,2,2,3,3,4,4,4-nonafluoro-N-[1,1,2,3,3-hexafluoro-2- (trifluoromethyl)propyl]-N- (1,1,2,2,3,3,4,4,4-nonafluorobutyl)butan-1-amine, nonafluoro-2-trifluoromethyl-3-pentanone (CAS number 756-13-8)"
"transfer fluid: immersion cooling","2,2",,,,,,"A.51","Fluorinated gases: HFO and HFE. HFO e.g. (Z)-1,1,1,4,4,4-Hexafluoro-2-buten, HFE e.g. Butane, 1-ethoxy-1,1,2,2,3,3,4,4,4-nonafluoro-, 2,3,3,4,4-pentafluoro-5-methoxy-2,5-bis[1,2,2,2-tetrafluoro-1- (trifluoromethyl)ethyl]tetrahyd rofuran, 1,1,1,2,2,4,5,5,5-nonafluoro- 4-(trifluoromethyl)-3-pentanone, 2-(Trifluoromethyl)-3-ethoxydodecafluorohexane, HFE-7100; CAS No. 163702-08-7, HFE-7200; CAS No. 163702-05-4, HFE-7300; CAS No. 132182-92-4, HFE-7500; CAS No. 297730-93-9, HFE- 356mec; CAS No. 382-34-3 Non-polymeric PFAS: Perfluamine, Reaction mass of 1,1,2,2,3,3,4,4,4-nonafluoro- N,N-bis(nonafluorobutyl)butan- 1-amine and 1,1,2,2,3,3,4,4,4-nonafluoro-N-[1,1,2,3,3-hexafluoro-2- (trifluoromethyl)propyl]-N- (1,1,2,2,3,3,4,4,4-nonafluorobutyl)butan-1-amine, nonafluoro-2-trifluoromethyl-3-pentanone (CAS number 756-13-8)"
"transfer fluid: immersion cooling","2,3",,,,,,"A.51","Fluorinated gases: HFO and HFE. HFO e.g. (Z)-1,1,1,4,4,4-Hexafluoro-2-buten, HFE e.g. Butane, 1-ethoxy-1,1,2,2,3,3,4,4,4-nonafluoro-, 2,3,3,4,4-pentafluoro-5-methoxy-2,5-bis[1,2,2,2-tetrafluoro-1- (trifluoromethyl)ethyl]tetrahyd rofuran, 1,1,1,2,2,4,5,5,5-nonafluoro- 4-(trifluoromethyl)-3-pentanone, 2-(Trifluoromethyl)-3-ethoxydodecafluorohexane, HFE-7100; CAS No. 163702-08-7, HFE-7200; CAS No. 163702-05-4, HFE-7300; CAS No. 132182-92-4, HFE-7500; CAS No. 297730-93-9, HFE- 356mec; CAS No. 382-34-3 Non-polymeric PFAS: Perfluamine, Reaction mass of 1,1,2,2,3,3,4,4,4-nonafluoro- N,N-bis(nonafluorobutyl)butan- 1-amine and 1,1,2,2,3,3,4,4,4-nonafluoro-N-[1,1,2,3,3-hexafluoro-2- (trifluoromethyl)propyl]-N- (1,1,2,2,3,3,4,4,4-nonafluorobutyl)butan-1-amine, nonafluoro-2-trifluoromethyl-3-pentanone (CAS number 756-13-8)"
"transfer fluid: immersion cooling","2-(Trifluoromethyl)-3-ethoxydodecafluorohexane",,"HFE-7100",,,,"A.51","Fluorinated gases: HFO and HFE. HFO e.g. (Z)-1,1,1,4,4,4-Hexafluoro-2-buten, HFE e.g. Butane, 1-ethoxy-1,1,2,2,3,3,4,4,4-nonafluoro-, 2,3,3,4,4-pentafluoro-5-methoxy-2,5-bis[1,2,2,2-tetrafluoro-1- (trifluoromethyl)ethyl]tetrahyd rofuran, 1,1,1,2,2,4,5,5,5-nonafluoro- 4-(trifluoromethyl)-3-pentanone, 2-(Trifluoromethyl)-3-ethoxydodecafluorohexane, HFE-7100; CAS No. 163702-08-7, HFE-7200; CAS No. 163702-05-4, HFE-7300; CAS No. 132182-92-4, HFE-7500; CAS No. 297730-93-9, HFE- 356mec; CAS No. 382-34-3 Non-polymeric PFAS: Perfluamine, Reaction mass of 1,1,2,2,3,3,4,4,4-nonafluoro- N,N-bis(nonafluorobutyl)butan- 1-amine and 1,1,2,2,3,3,4,4,4-nonafluoro-N-[1,1,2,3,3-hexafluoro-2- (trifluoromethyl)propyl]-N- (1,1,2,2,3,3,4,4,4-nonafluorobutyl)butan-1-amine, nonafluoro-2-trifluoromethyl-3-pentanone (CAS number 756-13-8)"
"transfer fluid: immersion cooling","2-tetrafluoro-1- (trifluoromethyl)ethyl]tetrahyd rofuran,1",,,,,,"A.51","Fluorinated gases: HFO and HFE. HFO e.g. (Z)-1,1,1,4,4,4-Hexafluoro-2-buten, HFE e.g. Butane, 1-ethoxy-1,1,2,2,3,3,4,4,4-nonafluoro-, 2,3,3,4,4-pentafluoro-5-methoxy-2,5-bis[1,2,2,2-tetrafluoro-1- (trifluoromethyl)ethyl]tetrahyd rofuran, 1,1,1,2,2,4,5,5,5-nonafluoro- 4-(trifluoromethyl)-3-pentanone, 2-(Trifluoromethyl)-3-ethoxydodecafluorohexane, HFE-7100; CAS No. 163702-08-7, HFE-7200; CAS No. 163702-05-4, HFE-7300; CAS No. 132182-92-4, HFE-7500; CAS No. 297730-93-9, HFE- 356mec; CAS No. 382-34-3 Non-polymeric PFAS: Perfluamine, Reaction mass of 1,1,2,2,3,3,4,4,4-nonafluoro- N,N-bis(nonafluorobutyl)butan- 1-amine and 1,1,2,2,3,3,4,4,4-nonafluoro-N-[1,1,2,3,3-hexafluoro-2- (trifluoromethyl)propyl]-N- (1,1,2,2,3,3,4,4,4-nonafluorobutyl)butan-1-amine, nonafluoro-2-trifluoromethyl-3-pentanone (CAS number 756-13-8)"
"transfer fluid: immersion cooling","3,3",,,,,,"A.51","Fluorinated gases: HFO and HFE. HFO e.g. (Z)-1,1,1,4,4,4-Hexafluoro-2-buten, HFE e.g. Butane, 1-ethoxy-1,1,2,2,3,3,4,4,4-nonafluoro-, 2,3,3,4,4-pentafluoro-5-methoxy-2,5-bis[1,2,2,2-tetrafluoro-1- (trifluoromethyl)ethyl]tetrahyd rofuran, 1,1,1,2,2,4,5,5,5-nonafluoro- 4-(trifluoromethyl)-3-pentanone, 2-(Trifluoromethyl)-3-ethoxydodecafluorohexane, HFE-7100; CAS No. 163702-08-7, HFE-7200; CAS No. 163702-05-4, HFE-7300; CAS No. 132182-92-4, HFE-7500; CAS No. 297730-93-9, HFE- 356mec; CAS No. 382-34-3 Non-polymeric PFAS: Perfluamine, Reaction mass of 1,1,2,2,3,3,4,4,4-nonafluoro- N,N-bis(nonafluorobutyl)butan- 1-amine and 1,1,2,2,3,3,4,4,4-nonafluoro-N-[1,1,2,3,3-hexafluoro-2- (trifluoromethyl)propyl]-N- (1,1,2,2,3,3,4,4,4-nonafluorobutyl)butan-1-amine, nonafluoro-2-trifluoromethyl-3-pentanone (CAS number 756-13-8)"
"transfer fluid: immersion cooling","3-hexafluoro-2- (trifluoromethyl)propyl]-N- (1,1",,,,,,"A.51","Fluorinated gases: HFO and HFE. HFO e.g. (Z)-1,1,1,4,4,4-Hexafluoro-2-buten, HFE e.g. Butane, 1-ethoxy-1,1,2,2,3,3,4,4,4-nonafluoro-, 2,3,3,4,4-pentafluoro-5-methoxy-2,5-bis[1,2,2,2-tetrafluoro-1- (trifluoromethyl)ethyl]tetrahyd rofuran, 1,1,1,2,2,4,5,5,5-nonafluoro- 4-(trifluoromethyl)-3-pentanone, 2-(Trifluoromethyl)-3-ethoxydodecafluorohexane, HFE-7100; CAS No. 163702-08-7, HFE-7200; CAS No. 163702-05-4, HFE-7300; CAS No. 132182-92-4, HFE-7500; CAS No. 297730-93-9, HFE- 356mec; CAS No. 382-34-3 Non-polymeric PFAS: Perfluamine, Reaction mass of 1,1,2,2,3,3,4,4,4-nonafluoro- N,N-bis(nonafluorobutyl)butan- 1-amine and 1,1,2,2,3,3,4,4,4-nonafluoro-N-[1,1,2,3,3-hexafluoro-2- (trifluoromethyl)propyl]-N- (1,1,2,2,3,3,4,4,4-nonafluorobutyl)butan-1-amine, nonafluoro-2-trifluoromethyl-3-pentanone (CAS number 756-13-8)"
"transfer fluid: immersion cooling","4,4",,,,,,"A.51","Fluorinated gases: HFO and HFE. HFO e.g. (Z)-1,1,1,4,4,4-Hexafluoro-2-buten, HFE e.g. Butane, 1-ethoxy-1,1,2,2,3,3,4,4,4-nonafluoro-, 2,3,3,4,4-pentafluoro-5-methoxy-2,5-bis[1,2,2,2-tetrafluoro-1- (trifluoromethyl)ethyl]tetrahyd rofuran, 1,1,1,2,2,4,5,5,5-nonafluoro- 4-(trifluoromethyl)-3-pentanone, 2-(Trifluoromethyl)-3-ethoxydodecafluorohexane, HFE-7100; CAS No. 163702-08-7, HFE-7200; CAS No. 163702-05-4, HFE-7300; CAS No. 132182-92-4, HFE-7500; CAS No. 297730-93-9, HFE- 356mec; CAS No. 382-34-3 Non-polymeric PFAS: Perfluamine, Reaction mass of 1,1,2,2,3,3,4,4,4-nonafluoro- N,N-bis(nonafluorobutyl)butan- 1-amine and 1,1,2,2,3,3,4,4,4-nonafluoro-N-[1,1,2,3,3-hexafluoro-2- (trifluoromethyl)propyl]-N- (1,1,2,2,3,3,4,4,4-nonafluorobutyl)butan-1-amine, nonafluoro-2-trifluoromethyl-3-pentanone (CAS number 756-13-8)"
"transfer fluid: immersion cooling","4,5",,,,,,"A.51","Fluorinated gases: HFO and HFE. HFO e.g. (Z)-1,1,1,4,4,4-Hexafluoro-2-buten, HFE e.g. Butane, 1-ethoxy-1,1,2,2,3,3,4,4,4-nonafluoro-, 2,3,3,4,4-pentafluoro-5-methoxy-2,5-bis[1,2,2,2-tetrafluoro-1- (trifluoromethyl)ethyl]tetrahyd rofuran, 1,1,1,2,2,4,5,5,5-nonafluoro- 4-(trifluoromethyl)-3-pentanone, 2-(Trifluoromethyl)-3-ethoxydodecafluorohexane, HFE-7100; CAS No. 163702-08-7, HFE-7200; CAS No. 163702-05-4, HFE-7300; CAS No. 132182-92-4, HFE-7500; CAS No. 297730-93-9, HFE- 356mec; CAS No. 382-34-3 Non-polymeric PFAS: Perfluamine, Reaction mass of 1,1,2,2,3,3,4,4,4-nonafluoro- N,N-bis(nonafluorobutyl)butan- 1-amine and 1,1,2,2,3,3,4,4,4-nonafluoro-N-[1,1,2,3,3-hexafluoro-2- (trifluoromethyl)propyl]-N- (1,1,2,2,3,3,4,4,4-nonafluorobutyl)butan-1-amine, nonafluoro-2-trifluoromethyl-3-pentanone (CAS number 756-13-8)"
"transfer fluid: immersion cooling","4-Hexafluoro-2-buten",,,,,,"A.51","Fluorinated gases: HFO and HFE. HFO e.g. (Z)-1,1,1,4,4,4-Hexafluoro-2-buten, HFE e.g. Butane, 1-ethoxy-1,1,2,2,3,3,4,4,4-nonafluoro-, 2,3,3,4,4-pentafluoro-5-methoxy-2,5-bis[1,2,2,2-tetrafluoro-1- (trifluoromethyl)ethyl]tetrahyd rofuran, 1,1,1,2,2,4,5,5,5-nonafluoro- 4-(trifluoromethyl)-3-pentanone, 2-(Trifluoromethyl)-3-ethoxydodecafluorohexane, HFE-7100; CAS No. 163702-08-7, HFE-7200; CAS No. 163702-05-4, HFE-7300; CAS No. 132182-92-4, HFE-7500; CAS No. 297730-93-9, HFE- 356mec; CAS No. 382-34-3 Non-polymeric PFAS: Perfluamine, Reaction mass of 1,1,2,2,3,3,4,4,4-nonafluoro- N,N-bis(nonafluorobutyl)butan- 1-amine and 1,1,2,2,3,3,4,4,4-nonafluoro-N-[1,1,2,3,3-hexafluoro-2- (trifluoromethyl)propyl]-N- (1,1,2,2,3,3,4,4,4-nonafluorobutyl)butan-1-amine, nonafluoro-2-trifluoromethyl-3-pentanone (CAS number 756-13-8)"
"transfer fluid: immersion cooling","4-nonafluoro- N",,,,,,"A.51","Fluorinated gases: HFO and HFE. HFO e.g. (Z)-1,1,1,4,4,4-Hexafluoro-2-buten, HFE e.g. Butane, 1-ethoxy-1,1,2,2,3,3,4,4,4-nonafluoro-, 2,3,3,4,4-pentafluoro-5-methoxy-2,5-bis[1,2,2,2-tetrafluoro-1- (trifluoromethyl)ethyl]tetrahyd rofuran, 1,1,1,2,2,4,5,5,5-nonafluoro- 4-(trifluoromethyl)-3-pentanone, 2-(Trifluoromethyl)-3-ethoxydodecafluorohexane, HFE-7100; CAS No. 163702-08-7, HFE-7200; CAS No. 163702-05-4, HFE-7300; CAS No. 132182-92-4, HFE-7500; CAS No. 297730-93-9, HFE- 356mec; CAS No. 382-34-3 Non-polymeric PFAS: Perfluamine, Reaction mass of 1,1,2,2,3,3,4,4,4-nonafluoro- N,N-bis(nonafluorobutyl)butan- 1-amine and 1,1,2,2,3,3,4,4,4-nonafluoro-N-[1,1,2,3,3-hexafluoro-2- (trifluoromethyl)propyl]-N- (1,1,2,2,3,3,4,4,4-nonafluorobutyl)butan-1-amine, nonafluoro-2-trifluoromethyl-3-pentanone (CAS number 756-13-8)"
"transfer fluid: immersion cooling","4-nonafluoro-,2",,,,,,"A.51","Fluorinated gases: HFO and HFE. HFO e.g. (Z)-1,1,1,4,4,4-Hexafluoro-2-buten, HFE e.g. Butane, 1-ethoxy-1,1,2,2,3,3,4,4,4-nonafluoro-, 2,3,3,4,4-pentafluoro-5-methoxy-2,5-bis[1,2,2,2-tetrafluoro-1- (trifluoromethyl)ethyl]tetrahyd rofuran, 1,1,1,2,2,4,5,5,5-nonafluoro- 4-(trifluoromethyl)-3-pentanone, 2-(Trifluoromethyl)-3-ethoxydodecafluorohexane, HFE-7100; CAS No. 163702-08-7, HFE-7200; CAS No. 163702-05-4, HFE-7300; CAS No. 132182-92-4, HFE-7500; CAS No. 297730-93-9, HFE- 356mec; CAS No. 382-34-3 Non-polymeric PFAS: Perfluamine, Reaction mass of 1,1,2,2,3,3,4,4,4-nonafluoro- N,N-bis(nonafluorobutyl)butan- 1-amine and 1,1,2,2,3,3,4,4,4-nonafluoro-N-[1,1,2,3,3-hexafluoro-2- (trifluoromethyl)propyl]-N- (1,1,2,2,3,3,4,4,4-nonafluorobutyl)butan-1-amine, nonafluoro-2-trifluoromethyl-3-pentanone (CAS number 756-13-8)"
"transfer fluid: immersion cooling","4-nonafluoro-N-[1,1",,,,,,"A.51","Fluorinated gases: HFO and HFE. HFO e.g. (Z)-1,1,1,4,4,4-Hexafluoro-2-buten, HFE e.g. Butane, 1-ethoxy-1,1,2,2,3,3,4,4,4-nonafluoro-, 2,3,3,4,4-pentafluoro-5-methoxy-2,5-bis[1,2,2,2-tetrafluoro-1- (trifluoromethyl)ethyl]tetrahyd rofuran, 1,1,1,2,2,4,5,5,5-nonafluoro- 4-(trifluoromethyl)-3-pentanone, 2-(Trifluoromethyl)-3-ethoxydodecafluorohexane, HFE-7100; CAS No. 163702-08-7, HFE-7200; CAS No. 163702-05-4, HFE-7300; CAS No. 132182-92-4, HFE-7500; CAS No. 297730-93-9, HFE- 356mec; CAS No. 382-34-3 Non-polymeric PFAS: Perfluamine, Reaction mass of 1,1,2,2,3,3,4,4,4-nonafluoro- N,N-bis(nonafluorobutyl)butan- 1-amine and 1,1,2,2,3,3,4,4,4-nonafluoro-N-[1,1,2,3,3-hexafluoro-2- (trifluoromethyl)propyl]-N- (1,1,2,2,3,3,4,4,4-nonafluorobutyl)butan-1-amine, nonafluoro-2-trifluoromethyl-3-pentanone (CAS number 756-13-8)"
"transfer fluid: immersion cooling","4-nonafluorobutyl)butan-1-amine",,,,,,"A.51","Fluorinated gases: HFO and HFE. HFO e.g. (Z)-1,1,1,4,4,4-Hexafluoro-2-buten, HFE e.g. Butane, 1-ethoxy-1,1,2,2,3,3,4,4,4-nonafluoro-, 2,3,3,4,4-pentafluoro-5-methoxy-2,5-bis[1,2,2,2-tetrafluoro-1- (trifluoromethyl)ethyl]tetrahyd rofuran, 1,1,1,2,2,4,5,5,5-nonafluoro- 4-(trifluoromethyl)-3-pentanone, 2-(Trifluoromethyl)-3-ethoxydodecafluorohexane, HFE-7100; CAS No. 163702-08-7, HFE-7200; CAS No. 163702-05-4, HFE-7300; CAS No. 132182-92-4, HFE-7500; CAS No. 297730-93-9, HFE- 356mec; CAS No. 382-34-3 Non-polymeric PFAS: Perfluamine, Reaction mass of 1,1,2,2,3,3,4,4,4-nonafluoro- N,N-bis(nonafluorobutyl)butan- 1-amine and 1,1,2,2,3,3,4,4,4-nonafluoro-N-[1,1,2,3,3-hexafluoro-2- (trifluoromethyl)propyl]-N- (1,1,2,2,3,3,4,4,4-nonafluorobutyl)butan-1-amine, nonafluoro-2-trifluoromethyl-3-pentanone (CAS number 756-13-8)"
"transfer fluid: immersion cooling","4-pentafluoro-5-methoxy-2",,,,,,"A.51","Fluorinated gases: HFO and HFE. HFO e.g. (Z)-1,1,1,4,4,4-Hexafluoro-2-buten, HFE e.g. Butane, 1-ethoxy-1,1,2,2,3,3,4,4,4-nonafluoro-, 2,3,3,4,4-pentafluoro-5-methoxy-2,5-bis[1,2,2,2-tetrafluoro-1- (trifluoromethyl)ethyl]tetrahyd rofuran, 1,1,1,2,2,4,5,5,5-nonafluoro- 4-(trifluoromethyl)-3-pentanone, 2-(Trifluoromethyl)-3-ethoxydodecafluorohexane, HFE-7100; CAS No. 163702-08-7, HFE-7200; CAS No. 163702-05-4, HFE-7300; CAS No. 132182-92-4, HFE-7500; CAS No. 297730-93-9, HFE- 356mec; CAS No. 382-34-3 Non-polymeric PFAS: Perfluamine, Reaction mass of 1,1,2,2,3,3,4,4,4-nonafluoro- N,N-bis(nonafluorobutyl)butan- 1-amine and 1,1,2,2,3,3,4,4,4-nonafluoro-N-[1,1,2,3,3-hexafluoro-2- (trifluoromethyl)propyl]-N- (1,1,2,2,3,3,4,4,4-nonafluorobutyl)butan-1-amine, nonafluoro-2-trifluoromethyl-3-pentanone (CAS number 756-13-8)"
"transfer fluid: immersion cooling","5-bis[1,2",,,,,,"A.51","Fluorinated gases: HFO and HFE. HFO e.g. (Z)-1,1,1,4,4,4-Hexafluoro-2-buten, HFE e.g. Butane, 1-ethoxy-1,1,2,2,3,3,4,4,4-nonafluoro-, 2,3,3,4,4-pentafluoro-5-methoxy-2,5-bis[1,2,2,2-tetrafluoro-1- (trifluoromethyl)ethyl]tetrahyd rofuran, 1,1,1,2,2,4,5,5,5-nonafluoro- 4-(trifluoromethyl)-3-pentanone, 2-(Trifluoromethyl)-3-ethoxydodecafluorohexane, HFE-7100; CAS No. 163702-08-7, HFE-7200; CAS No. 163702-05-4, HFE-7300; CAS No. 132182-92-4, HFE-7500; CAS No. 297730-93-9, HFE- 356mec; CAS No. 382-34-3 Non-polymeric PFAS: Perfluamine, Reaction mass of 1,1,2,2,3,3,4,4,4-nonafluoro- N,N-bis(nonafluorobutyl)butan- 1-amine and 1,1,2,2,3,3,4,4,4-nonafluoro-N-[1,1,2,3,3-hexafluoro-2- (trifluoromethyl)propyl]-N- (1,1,2,2,3,3,4,4,4-nonafluorobutyl)butan-1-amine, nonafluoro-2-trifluoromethyl-3-pentanone (CAS number 756-13-8)"
"transfer fluid: immersion cooling","5-nonafluoro- 4-(trifluoromethyl)-3-pentanone",,,,,,"A.51","Fluorinated gases: HFO and HFE. HFO e.g. (Z)-1,1,1,4,4,4-Hexafluoro-2-buten, HFE e.g. Butane, 1-ethoxy-1,1,2,2,3,3,4,4,4-nonafluoro-, 2,3,3,4,4-pentafluoro-5-methoxy-2,5-bis[1,2,2,2-tetrafluoro-1- (trifluoromethyl)ethyl]tetrahyd rofuran, 1,1,1,2,2,4,5,5,5-nonafluoro- 4-(trifluoromethyl)-3-pentanone, 2-(Trifluoromethyl)-3-ethoxydodecafluorohexane, HFE-7100; CAS No. 163702-08-7, HFE-7200; CAS No. 163702-05-4, HFE-7300; CAS No. 132182-92-4, HFE-7500; CAS No. 297730-93-9, HFE- 356mec; CAS No. 382-34-3 Non-polymeric PFAS: Perfluamine, Reaction mass of 1,1,2,2,3,3,4,4,4-nonafluoro- N,N-bis(nonafluorobutyl)butan- 1-amine and 1,1,2,2,3,3,4,4,4-nonafluoro-N-[1,1,2,3,3-hexafluoro-2- (trifluoromethyl)propyl]-N- (1,1,2,2,3,3,4,4,4-nonafluorobutyl)butan-1-amine, nonafluoro-2-trifluoromethyl-3-pentanone (CAS number 756-13-8)"
"transfer fluid: immersion cooling","CAS No. 132182-92-4",,"HFE-7500",,,,"A.51","Fluorinated gases: HFO and HFE. HFO e.g. (Z)-1,1,1,4,4,4-Hexafluoro-2-buten, HFE e.g. Butane, 1-ethoxy-1,1,2,2,3,3,4,4,4-nonafluoro-, 2,3,3,4,4-pentafluoro-5-methoxy-2,5-bis[1,2,2,2-tetrafluoro-1- (trifluoromethyl)ethyl]tetrahyd rofuran, 1,1,1,2,2,4,5,5,5-nonafluoro- 4-(trifluoromethyl)-3-pentanone, 2-(Trifluoromethyl)-3-ethoxydodecafluorohexane, HFE-7100; CAS No. 163702-08-7, HFE-7200; CAS No. 163702-05-4, HFE-7300; CAS No. 132182-92-4, HFE-7500; CAS No. 297730-93-9, HFE- 356mec; CAS No. 382-34-3 Non-polymeric PFAS: Perfluamine, Reaction mass of 1,1,2,2,3,3,4,4,4-nonafluoro- N,N-bis(nonafluorobutyl)butan- 1-amine and 1,1,2,2,3,3,4,4,4-nonafluoro-N-[1,1,2,3,3-hexafluoro-2- (trifluoromethyl)propyl]-N- (1,1,2,2,3,3,4,4,4-nonafluorobutyl)butan-1-amine, nonafluoro-2-trifluoromethyl-3-pentanone (CAS number 756-13-8)"
"transfer fluid: immersion cooling","CAS No. 163702-05-4",,"HFE-7300",,,,"A.51","Fluorinated gases: HFO and HFE. HFO e.g. (Z)-1,1,1,4,4,4-Hexafluoro-2-buten, HFE e.g. Butane, 1-ethoxy-1,1,2,2,3,3,4,4,4-nonafluoro-, 2,3,3,4,4-pentafluoro-5-methoxy-2,5-bis[1,2,2,2-tetrafluoro-1- (trifluoromethyl)ethyl]tetrahyd rofuran, 1,1,1,2,2,4,5,5,5-nonafluoro- 4-(trifluoromethyl)-3-pentanone, 2-(Trifluoromethyl)-3-ethoxydodecafluorohexane, HFE-7100; CAS No. 163702-08-7, HFE-7200; CAS No. 163702-05-4, HFE-7300; CAS No. 132182-92-4, HFE-7500; CAS No. 297730-93-9, HFE- 356mec; CAS No. 382-34-3 Non-polymeric PFAS: Perfluamine, Reaction mass of 1,1,2,2,3,3,4,4,4-nonafluoro- N,N-bis(nonafluorobutyl)butan- 1-amine and 1,1,2,2,3,3,4,4,4-nonafluoro-N-[1,1,2,3,3-hexafluoro-2- (trifluoromethyl)propyl]-N- (1,1,2,2,3,3,4,4,4-nonafluorobutyl)butan-1-amine, nonafluoro-2-trifluoromethyl-3-pentanone (CAS number 756-13-8)"
"transfer fluid: immersion cooling","CAS No. 163702-08-7",,"HFE-7200",,,,"A.51","Fluorinated gases: HFO and HFE. HFO e.g. (Z)-1,1,1,4,4,4-Hexafluoro-2-buten, HFE e.g. Butane, 1-ethoxy-1,1,2,2,3,3,4,4,4-nonafluoro-, 2,3,3,4,4-pentafluoro-5-methoxy-2,5-bis[1,2,2,2-tetrafluoro-1- (trifluoromethyl)ethyl]tetrahyd rofuran, 1,1,1,2,2,4,5,5,5-nonafluoro- 4-(trifluoromethyl)-3-pentanone, 2-(Trifluoromethyl)-3-ethoxydodecafluorohexane, HFE-7100; CAS No. 163702-08-7, HFE-7200; CAS No. 163702-05-4, HFE-7300; CAS No. 132182-92-4, HFE-7500; CAS No. 297730-93-9, HFE- 356mec; CAS No. 382-34-3 Non-polymeric PFAS: Perfluamine, Reaction mass of 1,1,2,2,3,3,4,4,4-nonafluoro- N,N-bis(nonafluorobutyl)butan- 1-amine and 1,1,2,2,3,3,4,4,4-nonafluoro-N-[1,1,2,3,3-hexafluoro-2- (trifluoromethyl)propyl]-N- (1,1,2,2,3,3,4,4,4-nonafluorobutyl)butan-1-amine, nonafluoro-2-trifluoromethyl-3-pentanone (CAS number 756-13-8)"
"transfer fluid: immersion cooling","CAS No. 297730-93-9",,,,,,"A.51","Fluorinated gases: HFO and HFE. HFO e.g. (Z)-1,1,1,4,4,4-Hexafluoro-2-buten, HFE e.g. Butane, 1-ethoxy-1,1,2,2,3,3,4,4,4-nonafluoro-, 2,3,3,4,4-pentafluoro-5-methoxy-2,5-bis[1,2,2,2-tetrafluoro-1- (trifluoromethyl)ethyl]tetrahyd rofuran, 1,1,1,2,2,4,5,5,5-nonafluoro- 4-(trifluoromethyl)-3-pentanone, 2-(Trifluoromethyl)-3-ethoxydodecafluorohexane, HFE-7100; CAS No. 163702-08-7, HFE-7200; CAS No. 163702-05-4, HFE-7300; CAS No. 132182-92-4, HFE-7500; CAS No. 297730-93-9, HFE- 356mec; CAS No. 382-34-3 Non-polymeric PFAS: Perfluamine, Reaction mass of 1,1,2,2,3,3,4,4,4-nonafluoro- N,N-bis(nonafluorobutyl)butan- 1-amine and 1,1,2,2,3,3,4,4,4-nonafluoro-N-[1,1,2,3,3-hexafluoro-2- (trifluoromethyl)propyl]-N- (1,1,2,2,3,3,4,4,4-nonafluorobutyl)butan-1-amine, nonafluoro-2-trifluoromethyl-3-pentanone (CAS number 756-13-8)"
"transfer fluid: immersion cooling","CAS No. 382-34-3",,,,,,"A.51","Fluorinated gases: HFO and HFE. HFO e.g. (Z)-1,1,1,4,4,4-Hexafluoro-2-buten, HFE e.g. Butane, 1-ethoxy-1,1,2,2,3,3,4,4,4-nonafluoro-, 2,3,3,4,4-pentafluoro-5-methoxy-2,5-bis[1,2,2,2-tetrafluoro-1- (trifluoromethyl)ethyl]tetrahyd rofuran, 1,1,1,2,2,4,5,5,5-nonafluoro- 4-(trifluoromethyl)-3-pentanone, 2-(Trifluoromethyl)-3-ethoxydodecafluorohexane, HFE-7100; CAS No. 163702-08-7, HFE-7200; CAS No. 163702-05-4, HFE-7300; CAS No. 132182-92-4, HFE-7500; CAS No. 297730-93-9, HFE- 356mec; CAS No. 382-34-3 Non-polymeric PFAS: Perfluamine, Reaction mass of 1,1,2,2,3,3,4,4,4-nonafluoro- N,N-bis(nonafluorobutyl)butan- 1-amine and 1,1,2,2,3,3,4,4,4-nonafluoro-N-[1,1,2,3,3-hexafluoro-2- (trifluoromethyl)propyl]-N- (1,1,2,2,3,3,4,4,4-nonafluorobutyl)butan-1-amine, nonafluoro-2-trifluoromethyl-3-pentanone (CAS number 756-13-8)"
"transfer fluid: immersion cooling","HFE e.g. Butane",,,,,,"A.51","Fluorinated gases: HFO and HFE. HFO e.g. (Z)-1,1,1,4,4,4-Hexafluoro-2-buten, HFE e.g. Butane, 1-ethoxy-1,1,2,2,3,3,4,4,4-nonafluoro-, 2,3,3,4,4-pentafluoro-5-methoxy-2,5-bis[1,2,2,2-tetrafluoro-1- (trifluoromethyl)ethyl]tetrahyd rofuran, 1,1,1,2,2,4,5,5,5-nonafluoro- 4-(trifluoromethyl)-3-pentanone, 2-(Trifluoromethyl)-3-ethoxydodecafluorohexane, HFE-7100; CAS No. 163702-08-7, HFE-7200; CAS No. 163702-05-4, HFE-7300; CAS No. 132182-92-4, HFE-7500; CAS No. 297730-93-9, HFE- 356mec; CAS No. 382-34-3 Non-polymeric PFAS: Perfluamine, Reaction mass of 1,1,2,2,3,3,4,4,4-nonafluoro- N,N-bis(nonafluorobutyl)butan- 1-amine and 1,1,2,2,3,3,4,4,4-nonafluoro-N-[1,1,2,3,3-hexafluoro-2- (trifluoromethyl)propyl]-N- (1,1,2,2,3,3,4,4,4-nonafluorobutyl)butan-1-amine, nonafluoro-2-trifluoromethyl-3-pentanone (CAS number 756-13-8)"
"transfer fluid: immersion cooling","HFE- 356mec",,,,,,"A.51","Fluorinated gases: HFO and HFE. HFO e.g. (Z)-1,1,1,4,4,4-Hexafluoro-2-buten, HFE e.g. Butane, 1-ethoxy-1,1,2,2,3,3,4,4,4-nonafluoro-, 2,3,3,4,4-pentafluoro-5-methoxy-2,5-bis[1,2,2,2-tetrafluoro-1- (trifluoromethyl)ethyl]tetrahyd rofuran, 1,1,1,2,2,4,5,5,5-nonafluoro- 4-(trifluoromethyl)-3-pentanone, 2-(Trifluoromethyl)-3-ethoxydodecafluorohexane, HFE-7100; CAS No. 163702-08-7, HFE-7200; CAS No. 163702-05-4, HFE-7300; CAS No. 132182-92-4, HFE-7500; CAS No. 297730-93-9, HFE- 356mec; CAS No. 382-34-3 Non-polymeric PFAS: Perfluamine, Reaction mass of 1,1,2,2,3,3,4,4,4-nonafluoro- N,N-bis(nonafluorobutyl)butan- 1-amine and 1,1,2,2,3,3,4,4,4-nonafluoro-N-[1,1,2,3,3-hexafluoro-2- (trifluoromethyl)propyl]-N- (1,1,2,2,3,3,4,4,4-nonafluorobutyl)butan-1-amine, nonafluoro-2-trifluoromethyl-3-pentanone (CAS number 756-13-8)"
"transfer fluid: immersion cooling","HFO and HFE. HFO e.g. (Z)-1,1",,,,,,"A.51","Fluorinated gases: HFO and HFE. HFO e.g. (Z)-1,1,1,4,4,4-Hexafluoro-2-buten, HFE e.g. Butane, 1-ethoxy-1,1,2,2,3,3,4,4,4-nonafluoro-, 2,3,3,4,4-pentafluoro-5-methoxy-2,5-bis[1,2,2,2-tetrafluoro-1- (trifluoromethyl)ethyl]tetrahyd rofuran, 1,1,1,2,2,4,5,5,5-nonafluoro- 4-(trifluoromethyl)-3-pentanone, 2-(Trifluoromethyl)-3-ethoxydodecafluorohexane, HFE-7100; CAS No. 163702-08-7, HFE-7200; CAS No. 163702-05-4, HFE-7300; CAS No. 132182-92-4, HFE-7500; CAS No. 297730-93-9, HFE- 356mec; CAS No. 382-34-3 Non-polymeric PFAS: Perfluamine, Reaction mass of 1,1,2,2,3,3,4,4,4-nonafluoro- N,N-bis(nonafluorobutyl)butan- 1-amine and 1,1,2,2,3,3,4,4,4-nonafluoro-N-[1,1,2,3,3-hexafluoro-2- (trifluoromethyl)propyl]-N- (1,1,2,2,3,3,4,4,4-nonafluorobutyl)butan-1-amine, nonafluoro-2-trifluoromethyl-3-pentanone (CAS number 756-13-8)"
"transfer fluid: immersion cooling","N-bis(nonafluorobutyl)butan- 1-amine and 1,1",,,,,,"A.51","Fluorinated gases: HFO and HFE. HFO e.g. (Z)-1,1,1,4,4,4-Hexafluoro-2-buten, HFE e.g. Butane, 1-ethoxy-1,1,2,2,3,3,4,4,4-nonafluoro-, 2,3,3,4,4-pentafluoro-5-methoxy-2,5-bis[1,2,2,2-tetrafluoro-1- (trifluoromethyl)ethyl]tetrahyd rofuran, 1,1,1,2,2,4,5,5,5-nonafluoro- 4-(trifluoromethyl)-3-pentanone, 2-(Trifluoromethyl)-3-ethoxydodecafluorohexane, HFE-7100; CAS No. 163702-08-7, HFE-7200; CAS No. 163702-05-4, HFE-7300; CAS No. 132182-92-4, HFE-7500; CAS No. 297730-93-9, HFE- 356mec; CAS No. 382-34-3 Non-polymeric PFAS: Perfluamine, Reaction mass of 1,1,2,2,3,3,4,4,4-nonafluoro- N,N-bis(nonafluorobutyl)butan- 1-amine and 1,1,2,2,3,3,4,4,4-nonafluoro-N-[1,1,2,3,3-hexafluoro-2- (trifluoromethyl)propyl]-N- (1,1,2,2,3,3,4,4,4-nonafluorobutyl)butan-1-amine, nonafluoro-2-trifluoromethyl-3-pentanone (CAS number 756-13-8)"
"transfer fluid: immersion cooling","Perfluamine",,,,,,"A.51","Fluorinated gases: HFO and HFE. HFO e.g. (Z)-1,1,1,4,4,4-Hexafluoro-2-buten, HFE e.g. Butane, 1-ethoxy-1,1,2,2,3,3,4,4,4-nonafluoro-, 2,3,3,4,4-pentafluoro-5-methoxy-2,5-bis[1,2,2,2-tetrafluoro-1- (trifluoromethyl)ethyl]tetrahyd rofuran, 1,1,1,2,2,4,5,5,5-nonafluoro- 4-(trifluoromethyl)-3-pentanone, 2-(Trifluoromethyl)-3-ethoxydodecafluorohexane, HFE-7100; CAS No. 163702-08-7, HFE-7200; CAS No. 163702-05-4, HFE-7300; CAS No. 132182-92-4, HFE-7500; CAS No. 297730-93-9, HFE- 356mec; CAS No. 382-34-3 Non-polymeric PFAS: Perfluamine, Reaction mass of 1,1,2,2,3,3,4,4,4-nonafluoro- N,N-bis(nonafluorobutyl)butan- 1-amine and 1,1,2,2,3,3,4,4,4-nonafluoro-N-[1,1,2,3,3-hexafluoro-2- (trifluoromethyl)propyl]-N- (1,1,2,2,3,3,4,4,4-nonafluorobutyl)butan-1-amine, nonafluoro-2-trifluoromethyl-3-pentanone (CAS number 756-13-8)"
"transfer fluid: immersion cooling","Reaction mass of 1,1",,,,,,"A.51","Fluorinated gases: HFO and HFE. HFO e.g. (Z)-1,1,1,4,4,4-Hexafluoro-2-buten, HFE e.g. Butane, 1-ethoxy-1,1,2,2,3,3,4,4,4-nonafluoro-, 2,3,3,4,4-pentafluoro-5-methoxy-2,5-bis[1,2,2,2-tetrafluoro-1- (trifluoromethyl)ethyl]tetrahyd rofuran, 1,1,1,2,2,4,5,5,5-nonafluoro- 4-(trifluoromethyl)-3-pentanone, 2-(Trifluoromethyl)-3-ethoxydodecafluorohexane, HFE-7100; CAS No. 163702-08-7, HFE-7200; CAS No. 163702-05-4, HFE-7300; CAS No. 132182-92-4, HFE-7500; CAS No. 297730-93-9, HFE- 356mec; CAS No. 382-34-3 Non-polymeric PFAS: Perfluamine, Reaction mass of 1,1,2,2,3,3,4,4,4-nonafluoro- N,N-bis(nonafluorobutyl)butan- 1-amine and 1,1,2,2,3,3,4,4,4-nonafluoro-N-[1,1,2,3,3-hexafluoro-2- (trifluoromethyl)propyl]-N- (1,1,2,2,3,3,4,4,4-nonafluorobutyl)butan-1-amine, nonafluoro-2-trifluoromethyl-3-pentanone (CAS number 756-13-8)"
"transfer fluid: immersion cooling","nonafluoro-2-trifluoromethyl-3-pentanone (CAS number 756-13-8)",,,,,,"A.51","Fluorinated gases: HFO and HFE. HFO e.g. (Z)-1,1,1,4,4,4-Hexafluoro-2-buten, HFE e.g. Butane, 1-ethoxy-1,1,2,2,3,3,4,4,4-nonafluoro-, 2,3,3,4,4-pentafluoro-5-methoxy-2,5-bis[1,2,2,2-tetrafluoro-1- (trifluoromethyl)ethyl]tetrahyd rofuran, 1,1,1,2,2,4,5,5,5-nonafluoro- 4-(trifluoromethyl)-3-pentanone, 2-(Trifluoromethyl)-3-ethoxydodecafluorohexane, HFE-7100; CAS No. 163702-08-7, HFE-7200; CAS No. 163702-05-4, HFE-7300; CAS No. 132182-92-4, HFE-7500; CAS No. 297730-93-9, HFE- 356mec; CAS No. 382-34-3 Non-polymeric PFAS: Perfluamine, Reaction mass of 1,1,2,2,3,3,4,4,4-nonafluoro- N,N-bis(nonafluorobutyl)butan- 1-amine and 1,1,2,2,3,3,4,4,4-nonafluoro-N-[1,1,2,3,3-hexafluoro-2- (trifluoromethyl)propyl]-N- (1,1,2,2,3,3,4,4,4-nonafluorobutyl)butan-1-amine, nonafluoro-2-trifluoromethyl-3-pentanone (CAS number 756-13-8)"
"Advanced Semiconductor Packaging","2-trifluoro-1- (trifluoromethyl)ethylidene]bis[2-aminophenol]",,,,,,"A.53","3a,4,7,7a-tetrahydro-4,7-methanoisobenzofuran-1,3-dione and 4,4'-[2,2,2-trifluoro-1- (trifluoromethyl)ethylidene]bis[2-aminophenol]"
"Advanced Semiconductor Packaging","3-dione and 4",,,,,,"A.53","3a,4,7,7a-tetrahydro-4,7-methanoisobenzofuran-1,3-dione and 4,4'-[2,2,2-trifluoro-1- (trifluoromethyl)ethylidene]bis[2-aminophenol]"
"Advanced Semiconductor Packaging","3a,4",,,,,,"A.53","3a,4,7,7a-tetrahydro-4,7-methanoisobenzofuran-1,3-dione and 4,4'-[2,2,2-trifluoro-1- (trifluoromethyl)ethylidene]bis[2-aminophenol]"
"Advanced Semiconductor Packaging","4'-[2,2",,,,,,"A.53","3a,4,7,7a-tetrahydro-4,7-methanoisobenzofuran-1,3-dione and 4,4'-[2,2,2-trifluoro-1- (trifluoromethyl)ethylidene]bis[2-aminophenol]"
"Advanced Semiconductor Packaging","7-methanoisobenzofuran-1",,,,,,"A.53","3a,4,7,7a-tetrahydro-4,7-methanoisobenzofuran-1,3-dione and 4,4'-[2,2,2-trifluoro-1- (trifluoromethyl)ethylidene]bis[2-aminophenol]"
"Advanced Semiconductor Packaging","7a-tetrahydro-4",,,,,,"A.53","3a,4,7,7a-tetrahydro-4,7-methanoisobenzofuran-1,3-dione and 4,4'-[2,2,2-trifluoro-1- (trifluoromethyl)ethylidene]bis[2-aminophenol]"
"Advanced Semiconductor Packaging: Cleaning",,,"HFE",,,,"A.53","Fluorinated gases: HFE"
"Advanced Semiconductor Packaging: Coatings / adhesive",,,"PTFE",,,,"A.53","Polymeric PFAS: PTFE"
"Advanced Semiconductor Packaging: Dielectric fluorinated polymers (PBO/PI)","4'-Oxybisbenzoic acid polymer with rel-(3aR,4S",,,,,,"A.53","Non-polymeric PFAS: Side-chain fluorinated polymers (Water-insoluble C1 PFAS polymers), Bisphenol AF, 4,4'-Oxybisbenzoic acid polymer with rel-(3aR,4S,7R,7aS)-"
"Advanced Semiconductor Packaging: Dielectric fluorinated polymers (PBO/PI)","7R,7aS)-",,,,,,"A.53","Non-polymeric PFAS: Side-chain fluorinated polymers (Water-insoluble C1 PFAS polymers), Bisphenol AF, 4,4'-Oxybisbenzoic acid polymer with rel-(3aR,4S,7R,7aS)-"
"Advanced Semiconductor Packaging: Dielectric fluorinated polymers (PBO/PI)","Bisphenol AF,4",,,,,,"A.53","Non-polymeric PFAS: Side-chain fluorinated polymers (Water-insoluble C1 PFAS polymers), Bisphenol AF, 4,4'-Oxybisbenzoic acid polymer with rel-(3aR,4S,7R,7aS)-"
"Advanced Semiconductor Packaging: Dielectric fluorinated polymers (PBO/PI)","Side-chain fluorinated polymers (Water-insoluble C1 PFAS polymers)",,,,,,"A.53","Non-polymeric PFAS: Side-chain fluorinated polymers (Water-insoluble C1 PFAS polymers), Bisphenol AF, 4,4'-Oxybisbenzoic acid polymer with rel-(3aR,4S,7R,7aS)-"
"Advanced Semiconductor Packaging: Encapsulants (epoxy underfills","Fluoropolymers",,,,,,"A.53","Polymeric PFAS: Fluoropolymers"
"Advanced Semiconductor Packaging: Flux","Likely",,,,,,"A.53","Likely non-polymeric PFAS: Surfactants"
"Advanced Semiconductor Packaging: Flux","Surfactants",,,,,,"A.53","Likely non-polymeric PFAS: Surfactants"
"Advanced Semiconductor Packaging: Hydrophobic coating/hermetic seal packages","Fluoropolymers",,,,,,"A.53","Polymeric PFAS: Fluoropolymers"
"Advanced Semiconductor Packaging: Molding",,,"PTFE",,,,"A.53","Polymeric PFAS: PTFE"
"Advanced Semiconductor Packaging: Substrates including build-up/dielectric material","Fluoropolymers",,,,,,"A.53","Polymeric PFAS: Fluoropolymers"
"Advanced Semiconductor Packaging: Temporary Adhesives","Fluorinated Tetracarboxylic acid anhydride derivatives",,,,,,"A.53","Non-polymeric PFAS: Fluorinated Tetracarboxylic acid anhydride derivatives, aromatic diamines, acrylate and methacrylate-based copolymers"
"Advanced Semiconductor Packaging: Temporary Adhesives","acrylate and methacrylate-based copolymers",,,,,,"A.53","Non-polymeric PFAS: Fluorinated Tetracarboxylic acid anhydride derivatives, aromatic diamines, acrylate and methacrylate-based copolymers"
"Advanced Semiconductor Packaging: Temporary Adhesives","aromatic diamines",,,,,,"A.53","Non-polymeric PFAS: Fluorinated Tetracarboxylic acid anhydride derivatives, aromatic diamines, acrylate and methacrylate-based copolymers"
"Advanced Semiconductor Packaging: Thermal Interface Materials and film layers","Fluoropolymers",,,,,,"A.53","Polymeric PFAS: Fluoropolymers"
"Advanced Semiconductor Packaging: Underfills","Vinylidene fluoride-propylene hexafluoride copolymer",,"HFP",,,,"A.53","Polymeric PFAS: Vinylidene fluoride-propylene hexafluoride copolymer (HFP), tetrafluoroethylene-propylene copolymer (FEPM)"
"Advanced Semiconductor Packaging: Underfills","tetrafluoroethylene-propylene copolymer",,"FEPM",,,,"A.53","Polymeric PFAS: Vinylidene fluoride-propylene hexafluoride copolymer (HFP), tetrafluoroethylene-propylene copolymer (FEPM)"
"Advanced Semiconductor Packaging: mold compounds etc.)","Fluoropolymers",,,,,,"A.53","Polymeric PFAS: Fluoropolymers"
"Advanced semiconductor packaging","2,2",,,,,,"A.53","Polymeric PFAS: perfluoropolyethers Non-polymeric PFAS: PFPMIE and other fully fluorinated liquids (perfluorinated amines and perfluoroalkylmorpholines, Reaction mass of 1,1,2,2,3,3,4,4,4-nonafluoro- N,N-bis(nonafluorobutyl)butan-1-amine and 1,1,2,2,3,3,4,4,4-nonafluoro-N-[1,1,2,3,3-hexafluoro-2- (trifluoromethyl)propyl]-N- (1,1,2,2,3,3,4,4,4-nonafluorobutyl)butan-1-amine Fluorinated gases: Hydrofluoroethers"
"Advanced semiconductor packaging","2,3",,,,,,"A.53","Polymeric PFAS: perfluoropolyethers Non-polymeric PFAS: PFPMIE and other fully fluorinated liquids (perfluorinated amines and perfluoroalkylmorpholines, Reaction mass of 1,1,2,2,3,3,4,4,4-nonafluoro- N,N-bis(nonafluorobutyl)butan-1-amine and 1,1,2,2,3,3,4,4,4-nonafluoro-N-[1,1,2,3,3-hexafluoro-2- (trifluoromethyl)propyl]-N- (1,1,2,2,3,3,4,4,4-nonafluorobutyl)butan-1-amine Fluorinated gases: Hydrofluoroethers"
"Advanced semiconductor packaging","3,3",,,,,,"A.53","Polymeric PFAS: perfluoropolyethers Non-polymeric PFAS: PFPMIE and other fully fluorinated liquids (perfluorinated amines and perfluoroalkylmorpholines, Reaction mass of 1,1,2,2,3,3,4,4,4-nonafluoro- N,N-bis(nonafluorobutyl)butan-1-amine and 1,1,2,2,3,3,4,4,4-nonafluoro-N-[1,1,2,3,3-hexafluoro-2- (trifluoromethyl)propyl]-N- (1,1,2,2,3,3,4,4,4-nonafluorobutyl)butan-1-amine Fluorinated gases: Hydrofluoroethers"
"Advanced semiconductor packaging","3-hexafluoro-2- (trifluoromethyl)propyl]-N- (1,1",,,,,,"A.53","Polymeric PFAS: perfluoropolyethers Non-polymeric PFAS: PFPMIE and other fully fluorinated liquids (perfluorinated amines and perfluoroalkylmorpholines, Reaction mass of 1,1,2,2,3,3,4,4,4-nonafluoro- N,N-bis(nonafluorobutyl)butan-1-amine and 1,1,2,2,3,3,4,4,4-nonafluoro-N-[1,1,2,3,3-hexafluoro-2- (trifluoromethyl)propyl]-N- (1,1,2,2,3,3,4,4,4-nonafluorobutyl)butan-1-amine Fluorinated gases: Hydrofluoroethers"
"Advanced semiconductor packaging","4,4",,,,,,"A.53","Polymeric PFAS: perfluoropolyethers Non-polymeric PFAS: PFPMIE and other fully fluorinated liquids (perfluorinated amines and perfluoroalkylmorpholines, Reaction mass of 1,1,2,2,3,3,4,4,4-nonafluoro- N,N-bis(nonafluorobutyl)butan-1-amine and 1,1,2,2,3,3,4,4,4-nonafluoro-N-[1,1,2,3,3-hexafluoro-2- (trifluoromethyl)propyl]-N- (1,1,2,2,3,3,4,4,4-nonafluorobutyl)butan-1-amine Fluorinated gases: Hydrofluoroethers"
"Advanced semiconductor packaging","4-nonafluoro- N",,,,,,"A.53","Polymeric PFAS: perfluoropolyethers Non-polymeric PFAS: PFPMIE and other fully fluorinated liquids (perfluorinated amines and perfluoroalkylmorpholines, Reaction mass of 1,1,2,2,3,3,4,4,4-nonafluoro- N,N-bis(nonafluorobutyl)butan-1-amine and 1,1,2,2,3,3,4,4,4-nonafluoro-N-[1,1,2,3,3-hexafluoro-2- (trifluoromethyl)propyl]-N- (1,1,2,2,3,3,4,4,4-nonafluorobutyl)butan-1-amine Fluorinated gases: Hydrofluoroethers"
"Advanced semiconductor packaging","4-nonafluoro-N-[1,1",,,,,,"A.53","Polymeric PFAS: perfluoropolyethers Non-polymeric PFAS: PFPMIE and other fully fluorinated liquids (perfluorinated amines and perfluoroalkylmorpholines, Reaction mass of 1,1,2,2,3,3,4,4,4-nonafluoro- N,N-bis(nonafluorobutyl)butan-1-amine and 1,1,2,2,3,3,4,4,4-nonafluoro-N-[1,1,2,3,3-hexafluoro-2- (trifluoromethyl)propyl]-N- (1,1,2,2,3,3,4,4,4-nonafluorobutyl)butan-1-amine Fluorinated gases: Hydrofluoroethers"
"Advanced semiconductor packaging","4-nonafluorobutyl)butan-1-amine",,,,,,"A.53","Polymeric PFAS: perfluoropolyethers Non-polymeric PFAS: PFPMIE and other fully fluorinated liquids (perfluorinated amines and perfluoroalkylmorpholines, Reaction mass of 1,1,2,2,3,3,4,4,4-nonafluoro- N,N-bis(nonafluorobutyl)butan-1-amine and 1,1,2,2,3,3,4,4,4-nonafluoro-N-[1,1,2,3,3-hexafluoro-2- (trifluoromethyl)propyl]-N- (1,1,2,2,3,3,4,4,4-nonafluorobutyl)butan-1-amine Fluorinated gases: Hydrofluoroethers"
"Advanced semiconductor packaging","Hydrofluoroethers",,,,,,"A.53","Polymeric PFAS: perfluoropolyethers Non-polymeric PFAS: PFPMIE and other fully fluorinated liquids (perfluorinated amines and perfluoroalkylmorpholines, Reaction mass of 1,1,2,2,3,3,4,4,4-nonafluoro- N,N-bis(nonafluorobutyl)butan-1-amine and 1,1,2,2,3,3,4,4,4-nonafluoro-N-[1,1,2,3,3-hexafluoro-2- (trifluoromethyl)propyl]-N- (1,1,2,2,3,3,4,4,4-nonafluorobutyl)butan-1-amine Fluorinated gases: Hydrofluoroethers"
"Advanced semiconductor packaging","N-bis(nonafluorobutyl)butan-1-amine and 1,1",,,,,,"A.53","Polymeric PFAS: perfluoropolyethers Non-polymeric PFAS: PFPMIE and other fully fluorinated liquids (perfluorinated amines and perfluoroalkylmorpholines, Reaction mass of 1,1,2,2,3,3,4,4,4-nonafluoro- N,N-bis(nonafluorobutyl)butan-1-amine and 1,1,2,2,3,3,4,4,4-nonafluoro-N-[1,1,2,3,3-hexafluoro-2- (trifluoromethyl)propyl]-N- (1,1,2,2,3,3,4,4,4-nonafluorobutyl)butan-1-amine Fluorinated gases: Hydrofluoroethers"
"Advanced semiconductor packaging","PFPMIE and other fully fluorinated liquids (perfluorinated amines and perfluoroalkylmorpholines",,,,,,"A.53","Polymeric PFAS: perfluoropolyethers Non-polymeric PFAS: PFPMIE and other fully fluorinated liquids (perfluorinated amines and perfluoroalkylmorpholines, Reaction mass of 1,1,2,2,3,3,4,4,4-nonafluoro- N,N-bis(nonafluorobutyl)butan-1-amine and 1,1,2,2,3,3,4,4,4-nonafluoro-N-[1,1,2,3,3-hexafluoro-2- (trifluoromethyl)propyl]-N- (1,1,2,2,3,3,4,4,4-nonafluorobutyl)butan-1-amine Fluorinated gases: Hydrofluoroethers"
"Advanced semiconductor packaging","Reaction mass of 1,1",,,,,,"A.53","Polymeric PFAS: perfluoropolyethers Non-polymeric PFAS: PFPMIE and other fully fluorinated liquids (perfluorinated amines and perfluoroalkylmorpholines, Reaction mass of 1,1,2,2,3,3,4,4,4-nonafluoro- N,N-bis(nonafluorobutyl)butan-1-amine and 1,1,2,2,3,3,4,4,4-nonafluoro-N-[1,1,2,3,3-hexafluoro-2- (trifluoromethyl)propyl]-N- (1,1,2,2,3,3,4,4,4-nonafluorobutyl)butan-1-amine Fluorinated gases: Hydrofluoroethers"
"Advanced semiconductor packaging","perfluoropolyethers",,,,,,"A.53","Polymeric PFAS: perfluoropolyethers Non-polymeric PFAS: PFPMIE and other fully fluorinated liquids (perfluorinated amines and perfluoroalkylmorpholines, Reaction mass of 1,1,2,2,3,3,4,4,4-nonafluoro- N,N-bis(nonafluorobutyl)butan-1-amine and 1,1,2,2,3,3,4,4,4-nonafluoro-N-[1,1,2,3,3-hexafluoro-2- (trifluoromethyl)propyl]-N- (1,1,2,2,3,3,4,4,4-nonafluorobutyl)butan-1-amine Fluorinated gases: Hydrofluoroethers"
"Cables in semiconductor manufacturing equipment.: Data","Fluoropolymers (i.e.",,"PTFE",,,,"A.53","Polymeric PFAS: Fluoropolymers (i.e., PTFE, PFA, FEP, ETFE, PVDF)"
"Cables in semiconductor manufacturing equipment.: Data","PVDF)",,,,,,"A.53","Polymeric PFAS: Fluoropolymers (i.e., PTFE, PFA, FEP, ETFE, PVDF)"
"Cables in semiconductor manufacturing equipment.: Data",,,"ETFE",,,,"A.53","Polymeric PFAS: Fluoropolymers (i.e., PTFE, PFA, FEP, ETFE, PVDF)"
"Cables in semiconductor manufacturing equipment.: Data",,,"FEP",,,,"A.53","Polymeric PFAS: Fluoropolymers (i.e., PTFE, PFA, FEP, ETFE, PVDF)"
"Cables in semiconductor manufacturing equipment.: Data",,,"PFA",,,,"A.53","Polymeric PFAS: Fluoropolymers (i.e., PTFE, PFA, FEP, ETFE, PVDF)"
"Cables in semiconductor manufacturing equipment.: Power & Fluid Interconnects","Fluoropolymers (i.e.",,"PTFE",,,,"A.53","Polymeric PFAS: Fluoropolymers (i.e., PTFE, PFA, FEP, ETFE, PVDF)"
"Cables in semiconductor manufacturing equipment.: Power & Fluid Interconnects","PVDF)",,,,,,"A.53","Polymeric PFAS: Fluoropolymers (i.e., PTFE, PFA, FEP, ETFE, PVDF)"
"Cables in semiconductor manufacturing equipment.: Power & Fluid Interconnects",,,"ETFE",,,,"A.53","Polymeric PFAS: Fluoropolymers (i.e., PTFE, PFA, FEP, ETFE, PVDF)"
"Cables in semiconductor manufacturing equipment.: Power & Fluid Interconnects",,,"FEP",,,,"A.53","Polymeric PFAS: Fluoropolymers (i.e., PTFE, PFA, FEP, ETFE, PVDF)"
"Cables in semiconductor manufacturing equipment.: Power & Fluid Interconnects",,,"PFA",,,,"A.53","Polymeric PFAS: Fluoropolymers (i.e., PTFE, PFA, FEP, ETFE, PVDF)"
"Cables in semiconductor manufacturing equipment.: sealants/piping","Fluoropolymers (i.e.",,"PTFE",,,,"A.53","Polymeric PFAS: Fluoropolymers (i.e., PTFE, PFA, FEP, ETFE, PVDF)"
"Cables in semiconductor manufacturing equipment.: sealants/piping","PVDF)",,,,,,"A.53","Polymeric PFAS: Fluoropolymers (i.e., PTFE, PFA, FEP, ETFE, PVDF)"
"Cables in semiconductor manufacturing equipment.: sealants/piping",,,"ETFE",,,,"A.53","Polymeric PFAS: Fluoropolymers (i.e., PTFE, PFA, FEP, ETFE, PVDF)"
"Cables in semiconductor manufacturing equipment.: sealants/piping",,,"FEP",,,,"A.53","Polymeric PFAS: Fluoropolymers (i.e., PTFE, PFA, FEP, ETFE, PVDF)"
"Cables in semiconductor manufacturing equipment.: sealants/piping",,,"PFA",,,,"A.53","Polymeric PFAS: Fluoropolymers (i.e., PTFE, PFA, FEP, ETFE, PVDF)"
"Chemical vapour deposition chamber: Cleaning","4 C F",,,,,,"A.53","Fluorinated gases: PFC, HFC and HFO gases e.g. CF , 4 C F , C F , C F , C F , CHF , CH F 2 6 3 8 4 8 5 8 3 3"
"Chemical vapour deposition chamber: Cleaning","C F",,"CHF",,,,"A.53","Fluorinated gases: PFC, HFC and HFO gases e.g. CF , 4 C F , C F , C F , C F , CHF , CH F 2 6 3 8 4 8 5 8 3 3"
"Chemical vapour deposition chamber: Cleaning","C F",,,,,,"A.53","Fluorinated gases: PFC, HFC and HFO gases e.g. CF , 4 C F , C F , C F , C F , CHF , CH F 2 6 3 8 4 8 5 8 3 3"
"Chemical vapour deposition chamber: Cleaning","CH F 2 6 3 8 4 8 5 8 3 3",,,,,,"A.53","Fluorinated gases: PFC, HFC and HFO gases e.g. CF , 4 C F , C F , C F , C F , CHF , CH F 2 6 3 8 4 8 5 8 3 3"
"Chemical vapour deposition chamber: Cleaning","HFC and HFO gases e.g. CF",,,,,,"A.53","Fluorinated gases: PFC, HFC and HFO gases e.g. CF , 4 C F , C F , C F , C F , CHF , CH F 2 6 3 8 4 8 5 8 3 3"
"Chemical vapour deposition chamber: Cleaning",,,"PFC",,,,"A.53","Fluorinated gases: PFC, HFC and HFO gases e.g. CF , 4 C F , C F , C F , C F , CHF , CH F 2 6 3 8 4 8 5 8 3 3"
"Chemical vapour deposition: Thin film coating/deposition","Fluoralkyl silanes",,,,,,"A.53","Non-polymeric PFAS: Fluoralkyl silanes"
"Etching for semiconductor manufacturing and other etching uses","Fluorosurfactant",,,,,,"A.53","Non-polymeric PFAS: Fluorosurfactant"
"Heat transfer fluids: Data Centers-Immersion Cooling of Semiconductor Devices/Servers","1,1",,,,,,"A.53","Polymeric: Perfluoropolyethers (PFPE) Non-polymeric: PFPMIE, Perfluoroalkanes, Hydrofluoroethers (HFE), and other fully fluorinated liquids (perfluorinated amines and perfluoroalkylmorpholines, Butane, 1-ethoxy-1,1,2,2,3,3,4,4,4-nonafluoro-, 2,3,3,4,4-pentafluoro-5-methoxy-2,5-bis[1,2,2,2-tetrafluoro-1- (trifluoromethyl)ethyl]tetrahydrofuran, Perfluamine, 1,1,1,2,2,4,5,5,5-nonafluoro-4-(trifluoromethyl)-3-pentanone, fluorinated ketones. Fluorinated gases: P FC, HFC, HFO"
"Heat transfer fluids: Data Centers-Immersion Cooling of Semiconductor Devices/Servers","1-ethoxy-1,1",,,,,,"A.53","Polymeric: Perfluoropolyethers (PFPE) Non-polymeric: PFPMIE, Perfluoroalkanes, Hydrofluoroethers (HFE), and other fully fluorinated liquids (perfluorinated amines and perfluoroalkylmorpholines, Butane, 1-ethoxy-1,1,2,2,3,3,4,4,4-nonafluoro-, 2,3,3,4,4-pentafluoro-5-methoxy-2,5-bis[1,2,2,2-tetrafluoro-1- (trifluoromethyl)ethyl]tetrahydrofuran, Perfluamine, 1,1,1,2,2,4,5,5,5-nonafluoro-4-(trifluoromethyl)-3-pentanone, fluorinated ketones. Fluorinated gases: P FC, HFC, HFO"
"Heat transfer fluids: Data Centers-Immersion Cooling of Semiconductor Devices/Servers","2,2",,,,,,"A.53","Polymeric: Perfluoropolyethers (PFPE) Non-polymeric: PFPMIE, Perfluoroalkanes, Hydrofluoroethers (HFE), and other fully fluorinated liquids (perfluorinated amines and perfluoroalkylmorpholines, Butane, 1-ethoxy-1,1,2,2,3,3,4,4,4-nonafluoro-, 2,3,3,4,4-pentafluoro-5-methoxy-2,5-bis[1,2,2,2-tetrafluoro-1- (trifluoromethyl)ethyl]tetrahydrofuran, Perfluamine, 1,1,1,2,2,4,5,5,5-nonafluoro-4-(trifluoromethyl)-3-pentanone, fluorinated ketones. Fluorinated gases: P FC, HFC, HFO"
"Heat transfer fluids: Data Centers-Immersion Cooling of Semiconductor Devices/Servers","2-tetrafluoro-1- (trifluoromethyl)ethyl]tetrahydrofuran",,,,,,"A.53","Polymeric: Perfluoropolyethers (PFPE) Non-polymeric: PFPMIE, Perfluoroalkanes, Hydrofluoroethers (HFE), and other fully fluorinated liquids (perfluorinated amines and perfluoroalkylmorpholines, Butane, 1-ethoxy-1,1,2,2,3,3,4,4,4-nonafluoro-, 2,3,3,4,4-pentafluoro-5-methoxy-2,5-bis[1,2,2,2-tetrafluoro-1- (trifluoromethyl)ethyl]tetrahydrofuran, Perfluamine, 1,1,1,2,2,4,5,5,5-nonafluoro-4-(trifluoromethyl)-3-pentanone, fluorinated ketones. Fluorinated gases: P FC, HFC, HFO"
"Heat transfer fluids: Data Centers-Immersion Cooling of Semiconductor Devices/Servers","3,3",,,,,,"A.53","Polymeric: Perfluoropolyethers (PFPE) Non-polymeric: PFPMIE, Perfluoroalkanes, Hydrofluoroethers (HFE), and other fully fluorinated liquids (perfluorinated amines and perfluoroalkylmorpholines, Butane, 1-ethoxy-1,1,2,2,3,3,4,4,4-nonafluoro-, 2,3,3,4,4-pentafluoro-5-methoxy-2,5-bis[1,2,2,2-tetrafluoro-1- (trifluoromethyl)ethyl]tetrahydrofuran, Perfluamine, 1,1,1,2,2,4,5,5,5-nonafluoro-4-(trifluoromethyl)-3-pentanone, fluorinated ketones. Fluorinated gases: P FC, HFC, HFO"
"Heat transfer fluids: Data Centers-Immersion Cooling of Semiconductor Devices/Servers","4,4",,,,,,"A.53","Polymeric: Perfluoropolyethers (PFPE) Non-polymeric: PFPMIE, Perfluoroalkanes, Hydrofluoroethers (HFE), and other fully fluorinated liquids (perfluorinated amines and perfluoroalkylmorpholines, Butane, 1-ethoxy-1,1,2,2,3,3,4,4,4-nonafluoro-, 2,3,3,4,4-pentafluoro-5-methoxy-2,5-bis[1,2,2,2-tetrafluoro-1- (trifluoromethyl)ethyl]tetrahydrofuran, Perfluamine, 1,1,1,2,2,4,5,5,5-nonafluoro-4-(trifluoromethyl)-3-pentanone, fluorinated ketones. Fluorinated gases: P FC, HFC, HFO"
"Heat transfer fluids: Data Centers-Immersion Cooling of Semiconductor Devices/Servers","4,5",,,,,,"A.53","Polymeric: Perfluoropolyethers (PFPE) Non-polymeric: PFPMIE, Perfluoroalkanes, Hydrofluoroethers (HFE), and other fully fluorinated liquids (perfluorinated amines and perfluoroalkylmorpholines, Butane, 1-ethoxy-1,1,2,2,3,3,4,4,4-nonafluoro-, 2,3,3,4,4-pentafluoro-5-methoxy-2,5-bis[1,2,2,2-tetrafluoro-1- (trifluoromethyl)ethyl]tetrahydrofuran, Perfluamine, 1,1,1,2,2,4,5,5,5-nonafluoro-4-(trifluoromethyl)-3-pentanone, fluorinated ketones. Fluorinated gases: P FC, HFC, HFO"
"Heat transfer fluids: Data Centers-Immersion Cooling of Semiconductor Devices/Servers","4-nonafluoro-,2",,,,,,"A.53","Polymeric: Perfluoropolyethers (PFPE) Non-polymeric: PFPMIE, Perfluoroalkanes, Hydrofluoroethers (HFE), and other fully fluorinated liquids (perfluorinated amines and perfluoroalkylmorpholines, Butane, 1-ethoxy-1,1,2,2,3,3,4,4,4-nonafluoro-, 2,3,3,4,4-pentafluoro-5-methoxy-2,5-bis[1,2,2,2-tetrafluoro-1- (trifluoromethyl)ethyl]tetrahydrofuran, Perfluamine, 1,1,1,2,2,4,5,5,5-nonafluoro-4-(trifluoromethyl)-3-pentanone, fluorinated ketones. Fluorinated gases: P FC, HFC, HFO"
"Heat transfer fluids: Data Centers-Immersion Cooling of Semiconductor Devices/Servers","4-pentafluoro-5-methoxy-2",,,,,,"A.53","Polymeric: Perfluoropolyethers (PFPE) Non-polymeric: PFPMIE, Perfluoroalkanes, Hydrofluoroethers (HFE), and other fully fluorinated liquids (perfluorinated amines and perfluoroalkylmorpholines, Butane, 1-ethoxy-1,1,2,2,3,3,4,4,4-nonafluoro-, 2,3,3,4,4-pentafluoro-5-methoxy-2,5-bis[1,2,2,2-tetrafluoro-1- (trifluoromethyl)ethyl]tetrahydrofuran, Perfluamine, 1,1,1,2,2,4,5,5,5-nonafluoro-4-(trifluoromethyl)-3-pentanone, fluorinated ketones. Fluorinated gases: P FC, HFC, HFO"
"Heat transfer fluids: Data Centers-Immersion Cooling of Semiconductor Devices/Servers","5-bis[1,2",,,,,,"A.53","Polymeric: Perfluoropolyethers (PFPE) Non-polymeric: PFPMIE, Perfluoroalkanes, Hydrofluoroethers (HFE), and other fully fluorinated liquids (perfluorinated amines and perfluoroalkylmorpholines, Butane, 1-ethoxy-1,1,2,2,3,3,4,4,4-nonafluoro-, 2,3,3,4,4-pentafluoro-5-methoxy-2,5-bis[1,2,2,2-tetrafluoro-1- (trifluoromethyl)ethyl]tetrahydrofuran, Perfluamine, 1,1,1,2,2,4,5,5,5-nonafluoro-4-(trifluoromethyl)-3-pentanone, fluorinated ketones. Fluorinated gases: P FC, HFC, HFO"
"Heat transfer fluids: Data Centers-Immersion Cooling of Semiconductor Devices/Servers","5-nonafluoro-4-(trifluoromethyl)-3-pentanone",,,,,,"A.53","Polymeric: Perfluoropolyethers (PFPE) Non-polymeric: PFPMIE, Perfluoroalkanes, Hydrofluoroethers (HFE), and other fully fluorinated liquids (perfluorinated amines and perfluoroalkylmorpholines, Butane, 1-ethoxy-1,1,2,2,3,3,4,4,4-nonafluoro-, 2,3,3,4,4-pentafluoro-5-methoxy-2,5-bis[1,2,2,2-tetrafluoro-1- (trifluoromethyl)ethyl]tetrahydrofuran, Perfluamine, 1,1,1,2,2,4,5,5,5-nonafluoro-4-(trifluoromethyl)-3-pentanone, fluorinated ketones. Fluorinated gases: P FC, HFC, HFO"
"Heat transfer fluids: Data Centers-Immersion Cooling of Semiconductor Devices/Servers","Butane",,,,,,"A.53","Polymeric: Perfluoropolyethers (PFPE) Non-polymeric: PFPMIE, Perfluoroalkanes, Hydrofluoroethers (HFE), and other fully fluorinated liquids (perfluorinated amines and perfluoroalkylmorpholines, Butane, 1-ethoxy-1,1,2,2,3,3,4,4,4-nonafluoro-, 2,3,3,4,4-pentafluoro-5-methoxy-2,5-bis[1,2,2,2-tetrafluoro-1- (trifluoromethyl)ethyl]tetrahydrofuran, Perfluamine, 1,1,1,2,2,4,5,5,5-nonafluoro-4-(trifluoromethyl)-3-pentanone, fluorinated ketones. Fluorinated gases: P FC, HFC, HFO"
"Heat transfer fluids: Data Centers-Immersion Cooling of Semiconductor Devices/Servers","Hydrofluoroethers",,"HFE",,,,"A.53","Polymeric: Perfluoropolyethers (PFPE) Non-polymeric: PFPMIE, Perfluoroalkanes, Hydrofluoroethers (HFE), and other fully fluorinated liquids (perfluorinated amines and perfluoroalkylmorpholines, Butane, 1-ethoxy-1,1,2,2,3,3,4,4,4-nonafluoro-, 2,3,3,4,4-pentafluoro-5-methoxy-2,5-bis[1,2,2,2-tetrafluoro-1- (trifluoromethyl)ethyl]tetrahydrofuran, Perfluamine, 1,1,1,2,2,4,5,5,5-nonafluoro-4-(trifluoromethyl)-3-pentanone, fluorinated ketones. Fluorinated gases: P FC, HFC, HFO"
"Heat transfer fluids: Data Centers-Immersion Cooling of Semiconductor Devices/Servers","P FC",,"HFC",,,,"A.53","Polymeric: Perfluoropolyethers (PFPE) Non-polymeric: PFPMIE, Perfluoroalkanes, Hydrofluoroethers (HFE), and other fully fluorinated liquids (perfluorinated amines and perfluoroalkylmorpholines, Butane, 1-ethoxy-1,1,2,2,3,3,4,4,4-nonafluoro-, 2,3,3,4,4-pentafluoro-5-methoxy-2,5-bis[1,2,2,2-tetrafluoro-1- (trifluoromethyl)ethyl]tetrahydrofuran, Perfluamine, 1,1,1,2,2,4,5,5,5-nonafluoro-4-(trifluoromethyl)-3-pentanone, fluorinated ketones. Fluorinated gases: P FC, HFC, HFO"
"Heat transfer fluids: Data Centers-Immersion Cooling of Semiconductor Devices/Servers","Perfluamine,1",,,,,,"A.53","Polymeric: Perfluoropolyethers (PFPE) Non-polymeric: PFPMIE, Perfluoroalkanes, Hydrofluoroethers (HFE), and other fully fluorinated liquids (perfluorinated amines and perfluoroalkylmorpholines, Butane, 1-ethoxy-1,1,2,2,3,3,4,4,4-nonafluoro-, 2,3,3,4,4-pentafluoro-5-methoxy-2,5-bis[1,2,2,2-tetrafluoro-1- (trifluoromethyl)ethyl]tetrahydrofuran, Perfluamine, 1,1,1,2,2,4,5,5,5-nonafluoro-4-(trifluoromethyl)-3-pentanone, fluorinated ketones. Fluorinated gases: P FC, HFC, HFO"
"Heat transfer fluids: Data Centers-Immersion Cooling of Semiconductor Devices/Servers","Perfluoroalkanes",,,,,,"A.53","Polymeric: Perfluoropolyethers (PFPE) Non-polymeric: PFPMIE, Perfluoroalkanes, Hydrofluoroethers (HFE), and other fully fluorinated liquids (perfluorinated amines and perfluoroalkylmorpholines, Butane, 1-ethoxy-1,1,2,2,3,3,4,4,4-nonafluoro-, 2,3,3,4,4-pentafluoro-5-methoxy-2,5-bis[1,2,2,2-tetrafluoro-1- (trifluoromethyl)ethyl]tetrahydrofuran, Perfluamine, 1,1,1,2,2,4,5,5,5-nonafluoro-4-(trifluoromethyl)-3-pentanone, fluorinated ketones. Fluorinated gases: P FC, HFC, HFO"
"Heat transfer fluids: Data Centers-Immersion Cooling of Semiconductor Devices/Servers","Polymeric: Perfluoropolyethers (PFPE) Non-polymeric: PFPMIE",,,,,,"A.53","Polymeric: Perfluoropolyethers (PFPE) Non-polymeric: PFPMIE, Perfluoroalkanes, Hydrofluoroethers (HFE), and other fully fluorinated liquids (perfluorinated amines and perfluoroalkylmorpholines, Butane, 1-ethoxy-1,1,2,2,3,3,4,4,4-nonafluoro-, 2,3,3,4,4-pentafluoro-5-methoxy-2,5-bis[1,2,2,2-tetrafluoro-1- (trifluoromethyl)ethyl]tetrahydrofuran, Perfluamine, 1,1,1,2,2,4,5,5,5-nonafluoro-4-(trifluoromethyl)-3-pentanone, fluorinated ketones. Fluorinated gases: P FC, HFC, HFO"
"Heat transfer fluids: Data Centers-Immersion Cooling of Semiconductor Devices/Servers","and other fully fluorinated liquids (perfluorinated amines and perfluoroalkylmorpholines",,,,,,"A.53","Polymeric: Perfluoropolyethers (PFPE) Non-polymeric: PFPMIE, Perfluoroalkanes, Hydrofluoroethers (HFE), and other fully fluorinated liquids (perfluorinated amines and perfluoroalkylmorpholines, Butane, 1-ethoxy-1,1,2,2,3,3,4,4,4-nonafluoro-, 2,3,3,4,4-pentafluoro-5-methoxy-2,5-bis[1,2,2,2-tetrafluoro-1- (trifluoromethyl)ethyl]tetrahydrofuran, Perfluamine, 1,1,1,2,2,4,5,5,5-nonafluoro-4-(trifluoromethyl)-3-pentanone, fluorinated ketones. Fluorinated gases: P FC, HFC, HFO"
"Heat transfer fluids: Data Centers-Immersion Cooling of Semiconductor Devices/Servers","fluorinated ketones.",,,,,,"A.53","Polymeric: Perfluoropolyethers (PFPE) Non-polymeric: PFPMIE, Perfluoroalkanes, Hydrofluoroethers (HFE), and other fully fluorinated liquids (perfluorinated amines and perfluoroalkylmorpholines, Butane, 1-ethoxy-1,1,2,2,3,3,4,4,4-nonafluoro-, 2,3,3,4,4-pentafluoro-5-methoxy-2,5-bis[1,2,2,2-tetrafluoro-1- (trifluoromethyl)ethyl]tetrahydrofuran, Perfluamine, 1,1,1,2,2,4,5,5,5-nonafluoro-4-(trifluoromethyl)-3-pentanone, fluorinated ketones. Fluorinated gases: P FC, HFC, HFO"
"Heat transfer fluids: Data Centers-Immersion Cooling of Semiconductor Devices/Servers",,,"HFO",,,,"A.53","Polymeric: Perfluoropolyethers (PFPE) Non-polymeric: PFPMIE, Perfluoroalkanes, Hydrofluoroethers (HFE), and other fully fluorinated liquids (perfluorinated amines and perfluoroalkylmorpholines, Butane, 1-ethoxy-1,1,2,2,3,3,4,4,4-nonafluoro-, 2,3,3,4,4-pentafluoro-5-methoxy-2,5-bis[1,2,2,2-tetrafluoro-1- (trifluoromethyl)ethyl]tetrahydrofuran, Perfluamine, 1,1,1,2,2,4,5,5,5-nonafluoro-4-(trifluoromethyl)-3-pentanone, fluorinated ketones. Fluorinated gases: P FC, HFC, HFO"
"Micro-electromechanical systems (MEMS)","Fluoropolymers (i.e.",,"PTFE",,,,"A.53","Polymeric PFAS: Fluoropolymers (i.e., PTFE, PFA, FEP, ETFE, PVDF)"
"Micro-electromechanical systems (MEMS)","PVDF)",,,,,,"A.53","Polymeric PFAS: Fluoropolymers (i.e., PTFE, PFA, FEP, ETFE, PVDF)"
"Micro-electromechanical systems (MEMS)",,,"ETFE",,,,"A.53","Polymeric PFAS: Fluoropolymers (i.e., PTFE, PFA, FEP, ETFE, PVDF)"
"Micro-electromechanical systems (MEMS)",,,"FEP",,,,"A.53","Polymeric PFAS: Fluoropolymers (i.e., PTFE, PFA, FEP, ETFE, PVDF)"
"Micro-electromechanical systems (MEMS)",,,"PFA",,,,"A.53","Polymeric PFAS: Fluoropolymers (i.e., PTFE, PFA, FEP, ETFE, PVDF)"
"Microelectromechanical systems (MEMS) sensor packaging: Adhesive","Fluoropolymers",,"PFPE",,,,"A.53","Polymeric PFAS: Fluoropolymers, PFPE"
"Microelectromechanical systems (MEMS) sensor packaging: Anti-stiction coatings (anti adhesive)","Fluoroalkyl silanes (PFHxA related substance)",,,,,,"A.53","Polymeric PFAS Non-polymeric PFAS: Fluoroalkyl silanes (PFHxA related substance)"
"Microelectromechanical systems (MEMS) sensor packaging: Anti-stiction coatings (anti adhesive)","Polymeric PFAS",,,,,,"A.53","Polymeric PFAS Non-polymeric PFAS: Fluoroalkyl silanes (PFHxA related substance)"
"Microelectromechanical systems (MEMS) sensor packaging: Deep reactive ion etching (DRIE)","C F",,,,,,"A.53","Fluorinated gases: CF , C F , C F 4 3 8 4 8"
"Microelectromechanical systems (MEMS) sensor packaging: Deep reactive ion etching (DRIE)","C F 4 3 8 4 8",,,,,,"A.53","Fluorinated gases: CF , C F , C F 4 3 8 4 8"
"Microelectromechanical systems (MEMS) sensor packaging: Deep reactive ion etching (DRIE)",,,"CF",,,,"A.53","Fluorinated gases: CF , C F , C F 4 3 8 4 8"
"Microelectromechanical systems (MEMS) sensor packaging: Other MEMS applications",,,"PFECA",,,,"A.53","Non-polymeric PFAS: PFECA"
"Microelectromechanical systems (MEMS) sensor packaging: Passivation gels and coating materials","Fluoropolymer",,"PFPE",,,,"A.53","Polymeric PFAS: Fluoropolymer, PFPE Non-polymeric PFAS: Side-chain fluorinated polymers (fluorinated silicones)"
"Microelectromechanical systems (MEMS) sensor packaging: Passivation gels and coating materials","Side-chain fluorinated polymers (fluorinated silicones)",,,,,,"A.53","Polymeric PFAS: Fluoropolymer, PFPE Non-polymeric PFAS: Side-chain fluorinated polymers (fluorinated silicones)"
"Microelectromechanical systems (MEMS) sensor packaging: Soft adhesives for chip attach","Fluoropolymers",,,,,,"A.53","Polymeric PFAS: Fluoropolymers"
"Microelectromechanical systems (MEMS) sensor packaging: Underfill","Fluorinated Siloxanes and Silicones",,,,,,"A.53","Polymeric PFAS: Fluoropolymers Non-polymeric PFAS: Fluorinated Siloxanes and Silicones"
"Microelectromechanical systems (MEMS) sensor packaging: Underfill","Fluoropolymers",,,,,,"A.53","Polymeric PFAS: Fluoropolymers Non-polymeric PFAS: Fluorinated Siloxanes and Silicones"
"Nanoimprint Lithography: Mold release agent","Fluoropolymers",,,,,,"A.53","Polymeric PFAS: Fluoropolymers, Perfluoropolyether Non-polymeric PFAS: Perfluoroether"
"Nanoimprint Lithography: Mold release agent","Perfluoroether",,,,,,"A.53","Polymeric PFAS: Fluoropolymers, Perfluoropolyether Non-polymeric PFAS: Perfluoroether"
"Nanoimprint Lithography: Mold release agent","Perfluoropolyether",,,,,,"A.53","Polymeric PFAS: Fluoropolymers, Perfluoropolyether Non-polymeric PFAS: Perfluoroether"
"Other applications",,,"PFECA",,,,"A.53","Non-polymeric PFAS: PFECA"
"Photolithography","C6 fluorosurfactant e.g. PFHxA",,,,,,"A.53","Non-polymeric PFAS: C6 fluorosurfactant e.g. PFHxA"
"Photolithography","Polymeric and non-polymeric PFAS",,,,,,"A.53","Polymeric and non-polymeric PFAS"
"Photolithography: Antireflection coatings; Top (TARCs) and bottom antireflective coating (BARCs)","Fluorinated acrylate",,,,,,"A.53","Non-polymeric PFAS: Fluorinated acrylate, methacrylate, styrene-based copolymers (side-chain fluorinated polymers), fluorinated arylene ethers"
"Photolithography: Antireflection coatings; Top (TARCs) and bottom antireflective coating (BARCs)","fluorinated arylene ethers",,,,,,"A.53","Non-polymeric PFAS: Fluorinated acrylate, methacrylate, styrene-based copolymers (side-chain fluorinated polymers), fluorinated arylene ethers"
"Photolithography: Antireflection coatings; Top (TARCs) and bottom antireflective coating (BARCs)","methacrylate",,,,,,"A.53","Non-polymeric PFAS: Fluorinated acrylate, methacrylate, styrene-based copolymers (side-chain fluorinated polymers), fluorinated arylene ethers"
"Photolithography: Antireflection coatings; Top (TARCs) and bottom antireflective coating (BARCs)","styrene-based copolymers (side-chain fluorinated polymers)",,,,,,"A.53","Non-polymeric PFAS: Fluorinated acrylate, methacrylate, styrene-based copolymers (side-chain fluorinated polymers), fluorinated arylene ethers"
"Photolithography: Dielectric fluorinated polymers (PBO/PI)","2-trifluoro-1- (trifluoromethyl)ethylidene]bis[2-aminophenol]",,,,,,"A.53","Non-polymeric PFAS: Side-chain fluorinated polymers (Water-insoluble C1 PFAS polymers), Bisphenol AF, fluorinated polyimide, 4,4'-Oxybisbenzoic acid polymer with rel-(3aR,4S,7R,7aS)-3a,4,7,7a-tetrahydro-4,7-methanoisobenzofuran-1,3-dione and 4,4'-[2,2,2-trifluoro-1- (trifluoromethyl)ethylidene]bis[2-aminophenol]"
"Photolithography: Dielectric fluorinated polymers (PBO/PI)","3-dione and 4",,,,,,"A.53","Non-polymeric PFAS: Side-chain fluorinated polymers (Water-insoluble C1 PFAS polymers), Bisphenol AF, fluorinated polyimide, 4,4'-Oxybisbenzoic acid polymer with rel-(3aR,4S,7R,7aS)-3a,4,7,7a-tetrahydro-4,7-methanoisobenzofuran-1,3-dione and 4,4'-[2,2,2-trifluoro-1- (trifluoromethyl)ethylidene]bis[2-aminophenol]"
"Photolithography: Dielectric fluorinated polymers (PBO/PI)","4'-Oxybisbenzoic acid polymer with rel-(3aR,4S",,,,,,"A.53","Non-polymeric PFAS: Side-chain fluorinated polymers (Water-insoluble C1 PFAS polymers), Bisphenol AF, fluorinated polyimide, 4,4'-Oxybisbenzoic acid polymer with rel-(3aR,4S,7R,7aS)-3a,4,7,7a-tetrahydro-4,7-methanoisobenzofuran-1,3-dione and 4,4'-[2,2,2-trifluoro-1- (trifluoromethyl)ethylidene]bis[2-aminophenol]"
"Photolithography: Dielectric fluorinated polymers (PBO/PI)","4'-[2,2",,,,,,"A.53","Non-polymeric PFAS: Side-chain fluorinated polymers (Water-insoluble C1 PFAS polymers), Bisphenol AF, fluorinated polyimide, 4,4'-Oxybisbenzoic acid polymer with rel-(3aR,4S,7R,7aS)-3a,4,7,7a-tetrahydro-4,7-methanoisobenzofuran-1,3-dione and 4,4'-[2,2,2-trifluoro-1- (trifluoromethyl)ethylidene]bis[2-aminophenol]"
"Photolithography: Dielectric fluorinated polymers (PBO/PI)","7-methanoisobenzofuran-1",,,,,,"A.53","Non-polymeric PFAS: Side-chain fluorinated polymers (Water-insoluble C1 PFAS polymers), Bisphenol AF, fluorinated polyimide, 4,4'-Oxybisbenzoic acid polymer with rel-(3aR,4S,7R,7aS)-3a,4,7,7a-tetrahydro-4,7-methanoisobenzofuran-1,3-dione and 4,4'-[2,2,2-trifluoro-1- (trifluoromethyl)ethylidene]bis[2-aminophenol]"
"Photolithography: Dielectric fluorinated polymers (PBO/PI)","7a-tetrahydro-4",,,,,,"A.53","Non-polymeric PFAS: Side-chain fluorinated polymers (Water-insoluble C1 PFAS polymers), Bisphenol AF, fluorinated polyimide, 4,4'-Oxybisbenzoic acid polymer with rel-(3aR,4S,7R,7aS)-3a,4,7,7a-tetrahydro-4,7-methanoisobenzofuran-1,3-dione and 4,4'-[2,2,2-trifluoro-1- (trifluoromethyl)ethylidene]bis[2-aminophenol]"
"Photolithography: Dielectric fluorinated polymers (PBO/PI)","7aS)-3a,4",,,,,,"A.53","Non-polymeric PFAS: Side-chain fluorinated polymers (Water-insoluble C1 PFAS polymers), Bisphenol AF, fluorinated polyimide, 4,4'-Oxybisbenzoic acid polymer with rel-(3aR,4S,7R,7aS)-3a,4,7,7a-tetrahydro-4,7-methanoisobenzofuran-1,3-dione and 4,4'-[2,2,2-trifluoro-1- (trifluoromethyl)ethylidene]bis[2-aminophenol]"
"Photolithography: Dielectric fluorinated polymers (PBO/PI)","Bisphenol AF",,,,,,"A.53","Non-polymeric PFAS: Side-chain fluorinated polymers (Water-insoluble C1 PFAS polymers), Bisphenol AF, fluorinated polyimide, 4,4'-Oxybisbenzoic acid polymer with rel-(3aR,4S,7R,7aS)-3a,4,7,7a-tetrahydro-4,7-methanoisobenzofuran-1,3-dione and 4,4'-[2,2,2-trifluoro-1- (trifluoromethyl)ethylidene]bis[2-aminophenol]"
"Photolithography: Dielectric fluorinated polymers (PBO/PI)","Side-chain fluorinated polymers (Water-insoluble C1 PFAS polymers)",,,,,,"A.53","Non-polymeric PFAS: Side-chain fluorinated polymers (Water-insoluble C1 PFAS polymers), Bisphenol AF, fluorinated polyimide, 4,4'-Oxybisbenzoic acid polymer with rel-(3aR,4S,7R,7aS)-3a,4,7,7a-tetrahydro-4,7-methanoisobenzofuran-1,3-dione and 4,4'-[2,2,2-trifluoro-1- (trifluoromethyl)ethylidene]bis[2-aminophenol]"
"Photolithography: Dielectric fluorinated polymers (PBO/PI)","fluorinated polyimide,4",,,,,,"A.53","Non-polymeric PFAS: Side-chain fluorinated polymers (Water-insoluble C1 PFAS polymers), Bisphenol AF, fluorinated polyimide, 4,4'-Oxybisbenzoic acid polymer with rel-(3aR,4S,7R,7aS)-3a,4,7,7a-tetrahydro-4,7-methanoisobenzofuran-1,3-dione and 4,4'-[2,2,2-trifluoro-1- (trifluoromethyl)ethylidene]bis[2-aminophenol]"
"Photolithography: Immersion barriers","Side-chain fluorinated polymers such as fluoroalcohol methacrylate",,,,,,"A.53","Non-polymeric PFAS: Side-chain fluorinated polymers such as fluoroalcohol methacrylate"
"Photolithography: Pellicle membranes","Polymeric PFAS",,,,,,"A.53","Polymeric PFAS"
"Photolithography: Photo-patterning","C6 fluorosurfactant e.g. PFHxA",,,,,,"A.53","Non-polymeric PFAS: C6 fluorosurfactant e.g. PFHxA"
"Photolithography: Photoacid generators (PAG) used in chemically amplified resists (CARs)","Sulfonated C4 compounds or C1 fluorinated salts",,,,,,"A.53","Non-polymeric PFAS: Sulfonated C4 compounds or C1 fluorinated salts"
"Photolithography: Photoresist: Image applications (surfactant","Polymeric and non-polymeric PFAS",,,,,,"A.53","Polymeric and non-polymeric PFAS"
"Photolithography: Photoresist: Polymers","C1 PFAS polymer (side-chain fluorinated polymer)",,,,,,"A.53","Non-polymeric PFAS: C1 PFAS polymer (side-chain fluorinated polymer), fluorinated polyimide, fluorinated phenol-novolac resins."
"Photolithography: Photoresist: Polymers","fluorinated phenol-novolac resins.",,,,,,"A.53","Non-polymeric PFAS: C1 PFAS polymer (side-chain fluorinated polymer), fluorinated polyimide, fluorinated phenol-novolac resins."
"Photolithography: Photoresist: Polymers","fluorinated polyimide",,,,,,"A.53","Non-polymeric PFAS: C1 PFAS polymer (side-chain fluorinated polymer), fluorinated polyimide, fluorinated phenol-novolac resins."
"Photolithography: Photoresist; Epoxy/resin","Fluorotelomer-related compounds Bisphenol AF",,,,,,"A.53","Non-polymeric PFAS: Fluorotelomer-related compounds Bisphenol AF"
"Photolithography: Surfactants","C4 compounds",,,,,,"A.53","Non-polymeric PFAS: C4 compounds, non-ionic PFAS"
"Photolithography: Surfactants","non-ionic PFAS",,,,,,"A.53","Non-polymeric PFAS: C4 compounds, non-ionic PFAS"
"Photolithography: Surfactants for BARCs and photoresists","C4 compounds",,,,,,"A.53","Non-polymeric PFAS: C4 compounds"
"Photolithography: Topcoats","Fluoropolymers",,,,,,"A.53","Polymeric PFAS: Fluoropolymers, perfluoroethers, side-chain fluorinated polymers (C1 PFCA)"
"Photolithography: Topcoats","perfluoroethers",,,,,,"A.53","Polymeric PFAS: Fluoropolymers, perfluoroethers, side-chain fluorinated polymers (C1 PFCA)"
"Photolithography: Topcoats","side-chain fluorinated polymers (C1 PFCA)",,,,,,"A.53","Polymeric PFAS: Fluoropolymers, perfluoroethers, side-chain fluorinated polymers (C1 PFCA)"
"Photolithography: Wafer","Side-chain fluorinated polymers (C6)",,,,,,"A.53","Non-polymeric PFAS: Side-chain fluorinated polymers (C6)"
"Photolithography: case masking","Fluorotelomer-related compounds Bisphenol AF",,,,,,"A.53","Non-polymeric PFAS: Fluorotelomer-related compounds Bisphenol AF"
"Plasma [Dry] Etch e.g. oxide etch and Wafer Cleaning: Dry etching agents / process gas","C F",,,,,,"A.53","Fluorinated gases: PFC, HFC and HFO gases e.g. HFC-23, HFC-134a, PFC-318 (C F), PFC-14 4 8 (CF), C F , C F , C F . 4 2 6 3 8 5 8"
"Plasma [Dry] Etch e.g. oxide etch and Wafer Cleaning: Dry etching agents / process gas","C F . 4 2 6 3 8 5 8",,,,,,"A.53","Fluorinated gases: PFC, HFC and HFO gases e.g. HFC-23, HFC-134a, PFC-318 (C F), PFC-14 4 8 (CF), C F , C F , C F . 4 2 6 3 8 5 8"
"Plasma [Dry] Etch e.g. oxide etch and Wafer Cleaning: Dry etching agents / process gas","HFC and HFO gases e.g. HFC-23",,"HFC-134a",,,,"A.53","Fluorinated gases: PFC, HFC and HFO gases e.g. HFC-23, HFC-134a, PFC-318 (C F), PFC-14 4 8 (CF), C F , C F , C F . 4 2 6 3 8 5 8"
"Plasma [Dry] Etch e.g. oxide etch and Wafer Cleaning: Dry etching agents / process gas","PFC-14 4 8",,"CF",,,,"A.53","Fluorinated gases: PFC, HFC and HFO gases e.g. HFC-23, HFC-134a, PFC-318 (C F), PFC-14 4 8 (CF), C F , C F , C F . 4 2 6 3 8 5 8"
"Plasma [Dry] Etch e.g. oxide etch and Wafer Cleaning: Dry etching agents / process gas","PFC-318 (C F)",,,,,,"A.53","Fluorinated gases: PFC, HFC and HFO gases e.g. HFC-23, HFC-134a, PFC-318 (C F), PFC-14 4 8 (CF), C F , C F , C F . 4 2 6 3 8 5 8"
"Plasma [Dry] Etch e.g. oxide etch and Wafer Cleaning: Dry etching agents / process gas",,,"PFC",,,,"A.53","Fluorinated gases: PFC, HFC and HFO gases e.g. HFC-23, HFC-134a, PFC-318 (C F), PFC-14 4 8 (CF), C F , C F , C F . 4 2 6 3 8 5 8"
"Plasma etch and wafer cleaning: Thermal insulation for gas supply and exhaust in plasma etch and for wet solution","Fluoropolymers",,,,,,"A.53","Polymeric PFAS: Fluoropolymers"
"Plastic additives","Non-polymeric:",,,,,,"A.53","Non-polymeric:"
"Plastic additives: Polyesterimides","Non-polymeric:",,,,,,"A.53","Non-polymeric:"
"Plastic additives: liquid crystal polymers","Bisphenol AF",,,,,,"A.53","Bisphenol AF"
"Plastic additives: polycarbonates","Bisphenol AF",,,,,,"A.53","Bisphenol AF"
"Plastic additives: polyetherimides","Bisphenol AF",,,,,,"A.53","Bisphenol AF"
"Release film/tape: Molding tape",,,"ETFE",,,,"A.53","Polymeric PFAS: ETFE"
"Release film/tape: PU sheets","Likely side-chain fluorinated polymers",,,,,,"A.53","Non-polymeric PFAS: Likely side-chain fluorinated polymers"
"Release film/tape: Release sheet",,,"PTFE",,,,"A.53","Polymeric PFAS: PTFE"
"Semiconductor equipment","Fluorocarbon ether polymers of polyhexafluoropropylene oxide",,,,,,"A.53","Polymeric PFAS: Fluorocarbon ether polymers of polyhexafluoropropylene oxide"
"Semiconductor inspection and testing equipment: Dielectric medium","PTFE and PFPE",,,,,,"A.53","Polymeric PFAS: PTFE and PFPE"
"Semiconductor inspection and testing equipment: Mold release",,,"PTFE",,,,"A.53","Polymeric PFAS: PTFE"
"Semiconductor inspection equipment and testing jigs: RF test cables","PTFE and ePTFE",,,,,,"A.53","Polymeric PFAS: FEP, PFA, PTFE and ePTFE"
"Semiconductor inspection equipment and testing jigs: RF test cables",,,"FEP",,,,"A.53","Polymeric PFAS: FEP, PFA, PTFE and ePTFE"
"Semiconductor inspection equipment and testing jigs: RF test cables",,,"PFA",,,,"A.53","Polymeric PFAS: FEP, PFA, PTFE and ePTFE"
"Surfactant and anti-foaming agent: -","Fluorosilicone",,,,,,"A.53","Fluorosilicone"
"Surfactants: Chemical mechanical planarization","Fluorosurfactant",,,,,,"A.53","Non-polymeric PFAS: Fluorosurfactant"
"Thermal Testing of Semiconductor Devices (in-line and end of line): Coolants","2,2",,,,,,"A.53","Polymeric PFAS: perfluoropolyethers Non-polymeric PFAS: PFPMIE and other fully fluorinated liquids (perfluorinated amines and perfluoroalkylmorpholines, Reaction mass of 1,1,2,2,3,3,4,4,4-nonafluoro- N,N-bis(nonafluorobutyl)butan-1-amine and 1,1,2,2,3,3,4,4,4-nonafluoro-N-[1,1,2,3,3-hexafluoro-2- (trifluoromethyl)propyl]-N- (1,1,2,2,3,3,4,4,4-nonafluorobutyl)butan-1-amine Fluorinated gases: Hydrofluoroethers"
"Thermal Testing of Semiconductor Devices (in-line and end of line): Coolants","2,3",,,,,,"A.53","Polymeric PFAS: perfluoropolyethers Non-polymeric PFAS: PFPMIE and other fully fluorinated liquids (perfluorinated amines and perfluoroalkylmorpholines, Reaction mass of 1,1,2,2,3,3,4,4,4-nonafluoro- N,N-bis(nonafluorobutyl)butan-1-amine and 1,1,2,2,3,3,4,4,4-nonafluoro-N-[1,1,2,3,3-hexafluoro-2- (trifluoromethyl)propyl]-N- (1,1,2,2,3,3,4,4,4-nonafluorobutyl)butan-1-amine Fluorinated gases: Hydrofluoroethers"
"Thermal Testing of Semiconductor Devices (in-line and end of line): Coolants","3,3",,,,,,"A.53","Polymeric PFAS: perfluoropolyethers Non-polymeric PFAS: PFPMIE and other fully fluorinated liquids (perfluorinated amines and perfluoroalkylmorpholines, Reaction mass of 1,1,2,2,3,3,4,4,4-nonafluoro- N,N-bis(nonafluorobutyl)butan-1-amine and 1,1,2,2,3,3,4,4,4-nonafluoro-N-[1,1,2,3,3-hexafluoro-2- (trifluoromethyl)propyl]-N- (1,1,2,2,3,3,4,4,4-nonafluorobutyl)butan-1-amine Fluorinated gases: Hydrofluoroethers"
"Thermal Testing of Semiconductor Devices (in-line and end of line): Coolants","3-hexafluoro-2- (trifluoromethyl)propyl]-N- (1,1",,,,,,"A.53","Polymeric PFAS: perfluoropolyethers Non-polymeric PFAS: PFPMIE and other fully fluorinated liquids (perfluorinated amines and perfluoroalkylmorpholines, Reaction mass of 1,1,2,2,3,3,4,4,4-nonafluoro- N,N-bis(nonafluorobutyl)butan-1-amine and 1,1,2,2,3,3,4,4,4-nonafluoro-N-[1,1,2,3,3-hexafluoro-2- (trifluoromethyl)propyl]-N- (1,1,2,2,3,3,4,4,4-nonafluorobutyl)butan-1-amine Fluorinated gases: Hydrofluoroethers"
"Thermal Testing of Semiconductor Devices (in-line and end of line): Coolants","4,4",,,,,,"A.53","Polymeric PFAS: perfluoropolyethers Non-polymeric PFAS: PFPMIE and other fully fluorinated liquids (perfluorinated amines and perfluoroalkylmorpholines, Reaction mass of 1,1,2,2,3,3,4,4,4-nonafluoro- N,N-bis(nonafluorobutyl)butan-1-amine and 1,1,2,2,3,3,4,4,4-nonafluoro-N-[1,1,2,3,3-hexafluoro-2- (trifluoromethyl)propyl]-N- (1,1,2,2,3,3,4,4,4-nonafluorobutyl)butan-1-amine Fluorinated gases: Hydrofluoroethers"
"Thermal Testing of Semiconductor Devices (in-line and end of line): Coolants","4-nonafluoro- N",,,,,,"A.53","Polymeric PFAS: perfluoropolyethers Non-polymeric PFAS: PFPMIE and other fully fluorinated liquids (perfluorinated amines and perfluoroalkylmorpholines, Reaction mass of 1,1,2,2,3,3,4,4,4-nonafluoro- N,N-bis(nonafluorobutyl)butan-1-amine and 1,1,2,2,3,3,4,4,4-nonafluoro-N-[1,1,2,3,3-hexafluoro-2- (trifluoromethyl)propyl]-N- (1,1,2,2,3,3,4,4,4-nonafluorobutyl)butan-1-amine Fluorinated gases: Hydrofluoroethers"
"Thermal Testing of Semiconductor Devices (in-line and end of line): Coolants","4-nonafluoro-N-[1,1",,,,,,"A.53","Polymeric PFAS: perfluoropolyethers Non-polymeric PFAS: PFPMIE and other fully fluorinated liquids (perfluorinated amines and perfluoroalkylmorpholines, Reaction mass of 1,1,2,2,3,3,4,4,4-nonafluoro- N,N-bis(nonafluorobutyl)butan-1-amine and 1,1,2,2,3,3,4,4,4-nonafluoro-N-[1,1,2,3,3-hexafluoro-2- (trifluoromethyl)propyl]-N- (1,1,2,2,3,3,4,4,4-nonafluorobutyl)butan-1-amine Fluorinated gases: Hydrofluoroethers"
"Thermal Testing of Semiconductor Devices (in-line and end of line): Coolants","4-nonafluorobutyl)butan-1-amine",,,,,,"A.53","Polymeric PFAS: perfluoropolyethers Non-polymeric PFAS: PFPMIE and other fully fluorinated liquids (perfluorinated amines and perfluoroalkylmorpholines, Reaction mass of 1,1,2,2,3,3,4,4,4-nonafluoro- N,N-bis(nonafluorobutyl)butan-1-amine and 1,1,2,2,3,3,4,4,4-nonafluoro-N-[1,1,2,3,3-hexafluoro-2- (trifluoromethyl)propyl]-N- (1,1,2,2,3,3,4,4,4-nonafluorobutyl)butan-1-amine Fluorinated gases: Hydrofluoroethers"
"Thermal Testing of Semiconductor Devices (in-line and end of line): Coolants","Hydrofluoroethers",,,,,,"A.53","Polymeric PFAS: perfluoropolyethers Non-polymeric PFAS: PFPMIE and other fully fluorinated liquids (perfluorinated amines and perfluoroalkylmorpholines, Reaction mass of 1,1,2,2,3,3,4,4,4-nonafluoro- N,N-bis(nonafluorobutyl)butan-1-amine and 1,1,2,2,3,3,4,4,4-nonafluoro-N-[1,1,2,3,3-hexafluoro-2- (trifluoromethyl)propyl]-N- (1,1,2,2,3,3,4,4,4-nonafluorobutyl)butan-1-amine Fluorinated gases: Hydrofluoroethers"
"Thermal Testing of Semiconductor Devices (in-line and end of line): Coolants","N-bis(nonafluorobutyl)butan-1-amine and 1,1",,,,,,"A.53","Polymeric PFAS: perfluoropolyethers Non-polymeric PFAS: PFPMIE and other fully fluorinated liquids (perfluorinated amines and perfluoroalkylmorpholines, Reaction mass of 1,1,2,2,3,3,4,4,4-nonafluoro- N,N-bis(nonafluorobutyl)butan-1-amine and 1,1,2,2,3,3,4,4,4-nonafluoro-N-[1,1,2,3,3-hexafluoro-2- (trifluoromethyl)propyl]-N- (1,1,2,2,3,3,4,4,4-nonafluorobutyl)butan-1-amine Fluorinated gases: Hydrofluoroethers"
"Thermal Testing of Semiconductor Devices (in-line and end of line): Coolants","PFPMIE and other fully fluorinated liquids (perfluorinated amines and perfluoroalkylmorpholines",,,,,,"A.53","Polymeric PFAS: perfluoropolyethers Non-polymeric PFAS: PFPMIE and other fully fluorinated liquids (perfluorinated amines and perfluoroalkylmorpholines, Reaction mass of 1,1,2,2,3,3,4,4,4-nonafluoro- N,N-bis(nonafluorobutyl)butan-1-amine and 1,1,2,2,3,3,4,4,4-nonafluoro-N-[1,1,2,3,3-hexafluoro-2- (trifluoromethyl)propyl]-N- (1,1,2,2,3,3,4,4,4-nonafluorobutyl)butan-1-amine Fluorinated gases: Hydrofluoroethers"
"Thermal Testing of Semiconductor Devices (in-line and end of line): Coolants","Reaction mass of 1,1",,,,,,"A.53","Polymeric PFAS: perfluoropolyethers Non-polymeric PFAS: PFPMIE and other fully fluorinated liquids (perfluorinated amines and perfluoroalkylmorpholines, Reaction mass of 1,1,2,2,3,3,4,4,4-nonafluoro- N,N-bis(nonafluorobutyl)butan-1-amine and 1,1,2,2,3,3,4,4,4-nonafluoro-N-[1,1,2,3,3-hexafluoro-2- (trifluoromethyl)propyl]-N- (1,1,2,2,3,3,4,4,4-nonafluorobutyl)butan-1-amine Fluorinated gases: Hydrofluoroethers"
"Thermal Testing of Semiconductor Devices (in-line and end of line): Coolants","perfluoropolyethers",,,,,,"A.53","Polymeric PFAS: perfluoropolyethers Non-polymeric PFAS: PFPMIE and other fully fluorinated liquids (perfluorinated amines and perfluoroalkylmorpholines, Reaction mass of 1,1,2,2,3,3,4,4,4-nonafluoro- N,N-bis(nonafluorobutyl)butan-1-amine and 1,1,2,2,3,3,4,4,4-nonafluoro-N-[1,1,2,3,3-hexafluoro-2- (trifluoromethyl)propyl]-N- (1,1,2,2,3,3,4,4,4-nonafluorobutyl)butan-1-amine Fluorinated gases: Hydrofluoroethers"
"Vacuum pump: Vacuum fluid","Fluorocarbon ether polymers of polyhexafluoropropylene oxide",,,,,,"A.53","Polymeric PFAS: Fluorocarbon ether polymers of polyhexafluoropropylene oxide"
"Vapour deposition chamber: Thermal insulation for gas supply and exhaust in plasma etch","Fluoropolymers",,,,,,"A.53","Polymeric PFAS: Fluoropolymers"
"Wafer","PTFE and PFA",,,,,,"A.53","Polymeric PFAS: PTFE and PFA"
"Wafer processing and transportation in semiconductor manufacturing support systems: FOUPs-Front Opening Unified Pod/Front Opening Universal Pod (wafer containers)","Polymeric: Fluoropolymers",,,,,,"A.53","Polymeric: Fluoropolymers"
"Wafer: Manufacturing device for wafers","PTFE and PFA",,,,,,"A.53","Polymeric PFAS: PTFE and PFA"
"Wet etch & cleaning: Wafer cleaning","Fluorinated organic solvents",,,,,,"A.53","Non-polymeric PFAS: Fluorinated organic solvents"
"Wet etch & cleaning: Wet surface modification","C6",,,,,,"A.53","Non-polymeric PFAS: Fluorinated organic acids, C6"
"Wet etch & cleaning: Wet surface modification","Fluorinated organic acids",,,,,,"A.53","Non-polymeric PFAS: Fluorinated organic acids, C6"
"Wet etch & cleaning: chemistries e.g. wafer","1,2",,,,,,"A.53","fluorosurfactants, C4 PFSA; butanesulfonamide, 1,1,2,2,3,3,4,4,4-nonafluoro-N-(2-hydroxyethyl)-, ammonium salt (1-to-1)"
"Wet etch & cleaning: chemistries e.g. wafer","2,3",,,,,,"A.53","fluorosurfactants, C4 PFSA; butanesulfonamide, 1,1,2,2,3,3,4,4,4-nonafluoro-N-(2-hydroxyethyl)-, ammonium salt (1-to-1)"
"Wet etch & cleaning: chemistries e.g. wafer","3,4",,,,,,"A.53","fluorosurfactants, C4 PFSA; butanesulfonamide, 1,1,2,2,3,3,4,4,4-nonafluoro-N-(2-hydroxyethyl)-, ammonium salt (1-to-1)"
"Wet etch & cleaning: chemistries e.g. wafer","4-nonafluoro-N-(2-hydroxyethyl)-",,,,,,"A.53","fluorosurfactants, C4 PFSA; butanesulfonamide, 1,1,2,2,3,3,4,4,4-nonafluoro-N-(2-hydroxyethyl)-, ammonium salt (1-to-1)"
"Wet etch & cleaning: chemistries e.g. wafer","C4 PFSA",,,,,,"A.53","fluorosurfactants, C4 PFSA; butanesulfonamide, 1,1,2,2,3,3,4,4,4-nonafluoro-N-(2-hydroxyethyl)-, ammonium salt (1-to-1)"
"Wet etch & cleaning: chemistries e.g. wafer","ammonium salt (1-to-1)",,,,,,"A.53","fluorosurfactants, C4 PFSA; butanesulfonamide, 1,1,2,2,3,3,4,4,4-nonafluoro-N-(2-hydroxyethyl)-, ammonium salt (1-to-1)"
"Wet etch & cleaning: chemistries e.g. wafer","butanesulfonamide,1",,,,,,"A.53","fluorosurfactants, C4 PFSA; butanesulfonamide, 1,1,2,2,3,3,4,4,4-nonafluoro-N-(2-hydroxyethyl)-, ammonium salt (1-to-1)"
"Wet etch & cleaning: chemistries e.g. wafer","fluorosurfactants",,,,,,"A.53","fluorosurfactants, C4 PFSA; butanesulfonamide, 1,1,2,2,3,3,4,4,4-nonafluoro-N-(2-hydroxyethyl)-, ammonium salt (1-to-1)"
"Alkaline Water Electrolyzers (AWEs): Membrane","TFM (chemically modified PTFE)",,"ECTFE",,,,"A.57","Polymeric PFAS: PTFE, PVDF, TFM (chemically modified PTFE), ECTFE, PFPE"
"Alkaline Water Electrolyzers (AWEs): Membrane",,,"PFPE",,,,"A.57","Polymeric PFAS: PTFE, PVDF, TFM (chemically modified PTFE), ECTFE, PFPE"
"Alkaline Water Electrolyzers (AWEs): Membrane",,,"PTFE",,,,"A.57","Polymeric PFAS: PTFE, PVDF, TFM (chemically modified PTFE), ECTFE, PFPE"
"Alkaline Water Electrolyzers (AWEs): Membrane",,,"PVDF",,,,"A.57","Polymeric PFAS: PTFE, PVDF, TFM (chemically modified PTFE), ECTFE, PFPE"
"Alkaline button (LR) (primary): Positive electrode binder",,,"PTFE",,,,"A.57","Polymeric PFAS: PTFE"
"Anion exchange membrane electrolysis (AEM): Membrane","PFSA ionomer",,"PTFE",,,,"A.57","Polymeric PFAS: PFSA ionomer, PTFE"
"Batteries (Primary64 / Secondary65): Binders in active material masses","PTFE and PVDF",,,,,,"A.57","Polymeric PFAS: PTFE and PVDF"
"Batteries (Primary64 / Secondary65): Electrolytes","2- Tetrafluoroethyl 2,2",,,,,,"A.57","Non-polymeric PFAS: Lithium salts e.g. Li-Triflate, LiTFSI, LiBETI, LiFAP, LiTDI Additives e.g. Tris(2,2,2-trifluoroethyl)borate, Trifluorotoluene, Sodium bis(trifluoromethylsulfonyl)imide 1,1,2,2- Tetrafluoroethyl 2,2,3,3-tetrafluoropropyl ether"
"Batteries (Primary64 / Secondary65): Electrolytes","2-trifluoroethyl)borate",,,,,,"A.57","Non-polymeric PFAS: Lithium salts e.g. Li-Triflate, LiTFSI, LiBETI, LiFAP, LiTDI Additives e.g. Tris(2,2,2-trifluoroethyl)borate, Trifluorotoluene, Sodium bis(trifluoromethylsulfonyl)imide 1,1,2,2- Tetrafluoroethyl 2,2,3,3-tetrafluoropropyl ether"
"Batteries (Primary64 / Secondary65): Electrolytes","3-tetrafluoropropyl ether",,,,,,"A.57","Non-polymeric PFAS: Lithium salts e.g. Li-Triflate, LiTFSI, LiBETI, LiFAP, LiTDI Additives e.g. Tris(2,2,2-trifluoroethyl)borate, Trifluorotoluene, Sodium bis(trifluoromethylsulfonyl)imide 1,1,2,2- Tetrafluoroethyl 2,2,3,3-tetrafluoropropyl ether"
"Batteries (Primary64 / Secondary65): Electrolytes","LiTDI Additives e.g. Tris(2,2",,,,,,"A.57","Non-polymeric PFAS: Lithium salts e.g. Li-Triflate, LiTFSI, LiBETI, LiFAP, LiTDI Additives e.g. Tris(2,2,2-trifluoroethyl)borate, Trifluorotoluene, Sodium bis(trifluoromethylsulfonyl)imide 1,1,2,2- Tetrafluoroethyl 2,2,3,3-tetrafluoropropyl ether"
"Batteries (Primary64 / Secondary65): Electrolytes","Lithium salts e.g. Li-Triflate",,"LiTFSI",,,,"A.57","Non-polymeric PFAS: Lithium salts e.g. Li-Triflate, LiTFSI, LiBETI, LiFAP, LiTDI Additives e.g. Tris(2,2,2-trifluoroethyl)borate, Trifluorotoluene, Sodium bis(trifluoromethylsulfonyl)imide 1,1,2,2- Tetrafluoroethyl 2,2,3,3-tetrafluoropropyl ether"
"Batteries (Primary64 / Secondary65): Electrolytes","Sodium bis(trifluoromethylsulfonyl)imide 1,1",,,,,,"A.57","Non-polymeric PFAS: Lithium salts e.g. Li-Triflate, LiTFSI, LiBETI, LiFAP, LiTDI Additives e.g. Tris(2,2,2-trifluoroethyl)borate, Trifluorotoluene, Sodium bis(trifluoromethylsulfonyl)imide 1,1,2,2- Tetrafluoroethyl 2,2,3,3-tetrafluoropropyl ether"
"Batteries (Primary64 / Secondary65): Electrolytes","Trifluorotoluene",,,,,,"A.57","Non-polymeric PFAS: Lithium salts e.g. Li-Triflate, LiTFSI, LiBETI, LiFAP, LiTDI Additives e.g. Tris(2,2,2-trifluoroethyl)borate, Trifluorotoluene, Sodium bis(trifluoromethylsulfonyl)imide 1,1,2,2- Tetrafluoroethyl 2,2,3,3-tetrafluoropropyl ether"
"Batteries (Primary64 / Secondary65): Electrolytes",,,"LiBETI",,,,"A.57","Non-polymeric PFAS: Lithium salts e.g. Li-Triflate, LiTFSI, LiBETI, LiFAP, LiTDI Additives e.g. Tris(2,2,2-trifluoroethyl)borate, Trifluorotoluene, Sodium bis(trifluoromethylsulfonyl)imide 1,1,2,2- Tetrafluoroethyl 2,2,3,3-tetrafluoropropyl ether"
"Batteries (Primary64 / Secondary65): Electrolytes",,,"LiFAP",,,,"A.57","Non-polymeric PFAS: Lithium salts e.g. Li-Triflate, LiTFSI, LiBETI, LiFAP, LiTDI Additives e.g. Tris(2,2,2-trifluoroethyl)borate, Trifluorotoluene, Sodium bis(trifluoromethylsulfonyl)imide 1,1,2,2- Tetrafluoroethyl 2,2,3,3-tetrafluoropropyl ether"
"Batteries (Primary64 / Secondary65): Separator coatings",,,"PVDF",,,,"A.57","Polymeric PFAS: PVDF"
"Chlor-alkali electrolysis: Oxygen-depolarized cathode/Gas diffusion electrodes (ODC)","PFCA ionomer",,"PTFE",,,,"A.57","Polymeric PFAS: PFSA ionomer, PFCA ionomer, PTFE, TFM (modified PTFE)"
"Chlor-alkali electrolysis: Oxygen-depolarized cathode/Gas diffusion electrodes (ODC)","PFSA ionomer",,,,,,"A.57","Polymeric PFAS: PFSA ionomer, PFCA ionomer, PTFE, TFM (modified PTFE)"
"Chlor-alkali electrolysis: Oxygen-depolarized cathode/Gas diffusion electrodes (ODC)","modified PTFE",,"TFM",,,,"A.57","Polymeric PFAS: PFSA ionomer, PFCA ionomer, PTFE, TFM (modified PTFE)"
"Coin lithium rechargeable (secondary): Positive electrode binder",,,"ETFE",,,,"A.57","Polymeric PFAS: PTFE, ETFE, FEP, PVDF, PFA Non-polymeric PFAS: LiTFSI"
"Coin lithium rechargeable (secondary): Positive electrode binder",,,"FEP",,,,"A.57","Polymeric PFAS: PTFE, ETFE, FEP, PVDF, PFA Non-polymeric PFAS: LiTFSI"
"Coin lithium rechargeable (secondary): Positive electrode binder",,,"LiTFSI",,,,"A.57","Polymeric PFAS: PTFE, ETFE, FEP, PVDF, PFA Non-polymeric PFAS: LiTFSI"
"Coin lithium rechargeable (secondary): Positive electrode binder",,,"PFA",,,,"A.57","Polymeric PFAS: PTFE, ETFE, FEP, PVDF, PFA Non-polymeric PFAS: LiTFSI"
"Coin lithium rechargeable (secondary): Positive electrode binder",,,"PTFE",,,,"A.57","Polymeric PFAS: PTFE, ETFE, FEP, PVDF, PFA Non-polymeric PFAS: LiTFSI"
"Coin lithium rechargeable (secondary): Positive electrode binder",,,"PVDF",,,,"A.57","Polymeric PFAS: PTFE, ETFE, FEP, PVDF, PFA Non-polymeric PFAS: LiTFSI"
"Coin lithium rechargeable (secondary): electrolyte",,,"ETFE",,,,"A.57","Polymeric PFAS: PTFE, ETFE, FEP, PVDF, PFA Non-polymeric PFAS: LiTFSI"
"Coin lithium rechargeable (secondary): electrolyte",,,"FEP",,,,"A.57","Polymeric PFAS: PTFE, ETFE, FEP, PVDF, PFA Non-polymeric PFAS: LiTFSI"
"Coin lithium rechargeable (secondary): electrolyte",,,"LiTFSI",,,,"A.57","Polymeric PFAS: PTFE, ETFE, FEP, PVDF, PFA Non-polymeric PFAS: LiTFSI"
"Coin lithium rechargeable (secondary): electrolyte",,,"PFA",,,,"A.57","Polymeric PFAS: PTFE, ETFE, FEP, PVDF, PFA Non-polymeric PFAS: LiTFSI"
"Coin lithium rechargeable (secondary): electrolyte",,,"PTFE",,,,"A.57","Polymeric PFAS: PTFE, ETFE, FEP, PVDF, PFA Non-polymeric PFAS: LiTFSI"
"Coin lithium rechargeable (secondary): electrolyte",,,"PVDF",,,,"A.57","Polymeric PFAS: PTFE, ETFE, FEP, PVDF, PFA Non-polymeric PFAS: LiTFSI"
"Coin lithium rechargeable (secondary): gasket",,,"ETFE",,,,"A.57","Polymeric PFAS: PTFE, ETFE, FEP, PVDF, PFA Non-polymeric PFAS: LiTFSI"
"Coin lithium rechargeable (secondary): gasket",,,"FEP",,,,"A.57","Polymeric PFAS: PTFE, ETFE, FEP, PVDF, PFA Non-polymeric PFAS: LiTFSI"
"Coin lithium rechargeable (secondary): gasket",,,"LiTFSI",,,,"A.57","Polymeric PFAS: PTFE, ETFE, FEP, PVDF, PFA Non-polymeric PFAS: LiTFSI"
"Coin lithium rechargeable (secondary): gasket",,,"PFA",,,,"A.57","Polymeric PFAS: PTFE, ETFE, FEP, PVDF, PFA Non-polymeric PFAS: LiTFSI"
"Coin lithium rechargeable (secondary): gasket",,,"PTFE",,,,"A.57","Polymeric PFAS: PTFE, ETFE, FEP, PVDF, PFA Non-polymeric PFAS: LiTFSI"
"Coin lithium rechargeable (secondary): gasket",,,"PVDF",,,,"A.57","Polymeric PFAS: PTFE, ETFE, FEP, PVDF, PFA Non-polymeric PFAS: LiTFSI"
"Direct-methanol fuel cells (DMFC): Membrane","PFSA ionomer",,"PTFE",,,,"A.57","Polymeric PFAS: PFSA ionomer, PTFE"
"Electric double layer capacitors (EDLCs)",,,"PTFE",,,,"A.57","Polymeric PFAS: PTFE"
"Flow batteries: Ionomer anion exchange membrane","PFSA ionomer and PTFE/ePTFE",,,,,,"A.57","Polymeric PFAS: PFSA ionomer and PTFE/ePTFE"
"H -gas generation 2 battery: Binder in active material",,,"PTFE",,,,"A.57","Polymeric PFAS: PTFE"
"HCl electrolysis: Oxygen-depolarized cathode/Gas diffusion electrodes (ODC)","modified PTFE",,"TFM",,,,"A.57","Polymeric PFAS: PTFE, TFM (modified PTFE)"
"HCl electrolysis: Oxygen-depolarized cathode/Gas diffusion electrodes (ODC)",,,"PTFE",,,,"A.57","Polymeric PFAS: PTFE, TFM (modified PTFE)"
"Lithium iron phosphate: Electrode binder","Polymeric: PVDF",,,,,,"A.57","Polymeric: PVDF"
"Lithium thionyl chloride battery (ER) (primary): Positive electrode binder",,,"PTFE",,,,"A.57","Polymeric PFAS: PTFE"
"Lithium-ion batteries (Prismatic: Electrode binders (cathode and anode)","Fluoroelastomer",,"PVDF",,,,"A.57","Polymeric PFAS: Fluoroelastomer, PVDF, PFA, PTFE Copolymers for PVDF: VDF, TrFE, TFE, CTFE, HFP Non-polymeric: LiTFSI, LiTFS"
"Lithium-ion batteries (Prismatic: Electrode binders (cathode and anode)","HFP Non-polymeric: LiTFSI",,"LiTFS",,,,"A.57","Polymeric PFAS: Fluoroelastomer, PVDF, PFA, PTFE Copolymers for PVDF: VDF, TrFE, TFE, CTFE, HFP Non-polymeric: LiTFSI, LiTFS"
"Lithium-ion batteries (Prismatic: Electrode binders (cathode and anode)","PTFE Copolymers for PVDF: VDF",,"TrFE",,,,"A.57","Polymeric PFAS: Fluoroelastomer, PVDF, PFA, PTFE Copolymers for PVDF: VDF, TrFE, TFE, CTFE, HFP Non-polymeric: LiTFSI, LiTFS"
"Lithium-ion batteries (Prismatic: Electrode binders (cathode and anode)",,,"CTFE",,,,"A.57","Polymeric PFAS: Fluoroelastomer, PVDF, PFA, PTFE Copolymers for PVDF: VDF, TrFE, TFE, CTFE, HFP Non-polymeric: LiTFSI, LiTFS"
"Lithium-ion batteries (Prismatic: Electrode binders (cathode and anode)",,,"PFA",,,,"A.57","Polymeric PFAS: Fluoroelastomer, PVDF, PFA, PTFE Copolymers for PVDF: VDF, TrFE, TFE, CTFE, HFP Non-polymeric: LiTFSI, LiTFS"
"Lithium-ion batteries (Prismatic: Electrode binders (cathode and anode)",,,"TFE",,,,"A.57","Polymeric PFAS: Fluoroelastomer, PVDF, PFA, PTFE Copolymers for PVDF: VDF, TrFE, TFE, CTFE, HFP Non-polymeric: LiTFSI, LiTFS"
"Lithium-ion batteries (Prismatic: Polymer electrolyte","Fluoroelastomer",,"PVDF",,,,"A.57","Polymeric PFAS: Fluoroelastomer, PVDF, PFA, PTFE Copolymers for PVDF: VDF, TrFE, TFE, CTFE, HFP Non-polymeric: LiTFSI, LiTFS"
"Lithium-ion batteries (Prismatic: Polymer electrolyte","HFP Non-polymeric: LiTFSI",,"LiTFS",,,,"A.57","Polymeric PFAS: Fluoroelastomer, PVDF, PFA, PTFE Copolymers for PVDF: VDF, TrFE, TFE, CTFE, HFP Non-polymeric: LiTFSI, LiTFS"
"Lithium-ion batteries (Prismatic: Polymer electrolyte","PTFE Copolymers for PVDF: VDF",,"TrFE",,,,"A.57","Polymeric PFAS: Fluoroelastomer, PVDF, PFA, PTFE Copolymers for PVDF: VDF, TrFE, TFE, CTFE, HFP Non-polymeric: LiTFSI, LiTFS"
"Lithium-ion batteries (Prismatic: Polymer electrolyte",,,"CTFE",,,,"A.57","Polymeric PFAS: Fluoroelastomer, PVDF, PFA, PTFE Copolymers for PVDF: VDF, TrFE, TFE, CTFE, HFP Non-polymeric: LiTFSI, LiTFS"
"Lithium-ion batteries (Prismatic: Polymer electrolyte",,,"PFA",,,,"A.57","Polymeric PFAS: Fluoroelastomer, PVDF, PFA, PTFE Copolymers for PVDF: VDF, TrFE, TFE, CTFE, HFP Non-polymeric: LiTFSI, LiTFS"
"Lithium-ion batteries (Prismatic: Polymer electrolyte",,,"TFE",,,,"A.57","Polymeric PFAS: Fluoroelastomer, PVDF, PFA, PTFE Copolymers for PVDF: VDF, TrFE, TFE, CTFE, HFP Non-polymeric: LiTFSI, LiTFS"
"Lithium-ion batteries (Prismatic: electrolyte additives","Fluoroelastomer",,"PVDF",,,,"A.57","Polymeric PFAS: Fluoroelastomer, PVDF, PFA, PTFE Copolymers for PVDF: VDF, TrFE, TFE, CTFE, HFP Non-polymeric: LiTFSI, LiTFS"
"Lithium-ion batteries (Prismatic: electrolyte additives","HFP Non-polymeric: LiTFSI",,"LiTFS",,,,"A.57","Polymeric PFAS: Fluoroelastomer, PVDF, PFA, PTFE Copolymers for PVDF: VDF, TrFE, TFE, CTFE, HFP Non-polymeric: LiTFSI, LiTFS"
"Lithium-ion batteries (Prismatic: electrolyte additives","PTFE Copolymers for PVDF: VDF",,"TrFE",,,,"A.57","Polymeric PFAS: Fluoroelastomer, PVDF, PFA, PTFE Copolymers for PVDF: VDF, TrFE, TFE, CTFE, HFP Non-polymeric: LiTFSI, LiTFS"
"Lithium-ion batteries (Prismatic: electrolyte additives",,,"CTFE",,,,"A.57","Polymeric PFAS: Fluoroelastomer, PVDF, PFA, PTFE Copolymers for PVDF: VDF, TrFE, TFE, CTFE, HFP Non-polymeric: LiTFSI, LiTFS"
"Lithium-ion batteries (Prismatic: electrolyte additives",,,"PFA",,,,"A.57","Polymeric PFAS: Fluoroelastomer, PVDF, PFA, PTFE Copolymers for PVDF: VDF, TrFE, TFE, CTFE, HFP Non-polymeric: LiTFSI, LiTFS"
"Lithium-ion batteries (Prismatic: electrolyte additives",,,"TFE",,,,"A.57","Polymeric PFAS: Fluoroelastomer, PVDF, PFA, PTFE Copolymers for PVDF: VDF, TrFE, TFE, CTFE, HFP Non-polymeric: LiTFSI, LiTFS"
"Lithium-ion batteries (Prismatic: films/coatings","Fluoroelastomer",,"PVDF",,,,"A.57","Polymeric PFAS: Fluoroelastomer, PVDF, PFA, PTFE Copolymers for PVDF: VDF, TrFE, TFE, CTFE, HFP Non-polymeric: LiTFSI, LiTFS"
"Lithium-ion batteries (Prismatic: films/coatings","HFP Non-polymeric: LiTFSI",,"LiTFS",,,,"A.57","Polymeric PFAS: Fluoroelastomer, PVDF, PFA, PTFE Copolymers for PVDF: VDF, TrFE, TFE, CTFE, HFP Non-polymeric: LiTFSI, LiTFS"
"Lithium-ion batteries (Prismatic: films/coatings","PTFE Copolymers for PVDF: VDF",,"TrFE",,,,"A.57","Polymeric PFAS: Fluoroelastomer, PVDF, PFA, PTFE Copolymers for PVDF: VDF, TrFE, TFE, CTFE, HFP Non-polymeric: LiTFSI, LiTFS"
"Lithium-ion batteries (Prismatic: films/coatings",,,"CTFE",,,,"A.57","Polymeric PFAS: Fluoroelastomer, PVDF, PFA, PTFE Copolymers for PVDF: VDF, TrFE, TFE, CTFE, HFP Non-polymeric: LiTFSI, LiTFS"
"Lithium-ion batteries (Prismatic: films/coatings",,,"PFA",,,,"A.57","Polymeric PFAS: Fluoroelastomer, PVDF, PFA, PTFE Copolymers for PVDF: VDF, TrFE, TFE, CTFE, HFP Non-polymeric: LiTFSI, LiTFS"
"Lithium-ion batteries (Prismatic: films/coatings",,,"TFE",,,,"A.57","Polymeric PFAS: Fluoroelastomer, PVDF, PFA, PTFE Copolymers for PVDF: VDF, TrFE, TFE, CTFE, HFP Non-polymeric: LiTFSI, LiTFS"
"Lithium-ion batteries (Prismatic: separator","Fluoroelastomer",,"PVDF",,,,"A.57","Polymeric PFAS: Fluoroelastomer, PVDF, PFA, PTFE Copolymers for PVDF: VDF, TrFE, TFE, CTFE, HFP Non-polymeric: LiTFSI, LiTFS"
"Lithium-ion batteries (Prismatic: separator","HFP Non-polymeric: LiTFSI",,"LiTFS",,,,"A.57","Polymeric PFAS: Fluoroelastomer, PVDF, PFA, PTFE Copolymers for PVDF: VDF, TrFE, TFE, CTFE, HFP Non-polymeric: LiTFSI, LiTFS"
"Lithium-ion batteries (Prismatic: separator","PTFE Copolymers for PVDF: VDF",,"TrFE",,,,"A.57","Polymeric PFAS: Fluoroelastomer, PVDF, PFA, PTFE Copolymers for PVDF: VDF, TrFE, TFE, CTFE, HFP Non-polymeric: LiTFSI, LiTFS"
"Lithium-ion batteries (Prismatic: separator",,,"CTFE",,,,"A.57","Polymeric PFAS: Fluoroelastomer, PVDF, PFA, PTFE Copolymers for PVDF: VDF, TrFE, TFE, CTFE, HFP Non-polymeric: LiTFSI, LiTFS"
"Lithium-ion batteries (Prismatic: separator",,,"PFA",,,,"A.57","Polymeric PFAS: Fluoroelastomer, PVDF, PFA, PTFE Copolymers for PVDF: VDF, TrFE, TFE, CTFE, HFP Non-polymeric: LiTFSI, LiTFS"
"Lithium-ion batteries (Prismatic: separator",,,"TFE",,,,"A.57","Polymeric PFAS: Fluoroelastomer, PVDF, PFA, PTFE Copolymers for PVDF: VDF, TrFE, TFE, CTFE, HFP Non-polymeric: LiTFSI, LiTFS"
"Lithium-ion batteries (Prismatic: thermal management pack/module","Fluoroelastomer",,"PVDF",,,,"A.57","Polymeric PFAS: Fluoroelastomer, PVDF, PFA, PTFE Copolymers for PVDF: VDF, TrFE, TFE, CTFE, HFP Non-polymeric: LiTFSI, LiTFS"
"Lithium-ion batteries (Prismatic: thermal management pack/module","HFP Non-polymeric: LiTFSI",,"LiTFS",,,,"A.57","Polymeric PFAS: Fluoroelastomer, PVDF, PFA, PTFE Copolymers for PVDF: VDF, TrFE, TFE, CTFE, HFP Non-polymeric: LiTFSI, LiTFS"
"Lithium-ion batteries (Prismatic: thermal management pack/module","PTFE Copolymers for PVDF: VDF",,"TrFE",,,,"A.57","Polymeric PFAS: Fluoroelastomer, PVDF, PFA, PTFE Copolymers for PVDF: VDF, TrFE, TFE, CTFE, HFP Non-polymeric: LiTFSI, LiTFS"
"Lithium-ion batteries (Prismatic: thermal management pack/module",,,"CTFE",,,,"A.57","Polymeric PFAS: Fluoroelastomer, PVDF, PFA, PTFE Copolymers for PVDF: VDF, TrFE, TFE, CTFE, HFP Non-polymeric: LiTFSI, LiTFS"
"Lithium-ion batteries (Prismatic: thermal management pack/module",,,"PFA",,,,"A.57","Polymeric PFAS: Fluoroelastomer, PVDF, PFA, PTFE Copolymers for PVDF: VDF, TrFE, TFE, CTFE, HFP Non-polymeric: LiTFSI, LiTFS"
"Lithium-ion batteries (Prismatic: thermal management pack/module",,,"TFE",,,,"A.57","Polymeric PFAS: Fluoroelastomer, PVDF, PFA, PTFE Copolymers for PVDF: VDF, TrFE, TFE, CTFE, HFP Non-polymeric: LiTFSI, LiTFS"
"Nickel metal hybrid battery/nickel cadmium battery (secondary): Positive electrode binder Negative electrode","poly(propylene-cotetrafluoroethylene",,"FEP",,,,"A.57","Polymeric PFAS: PTFE, poly(propylene-cotetrafluoroethylene, FEP, PFA"
"Nickel metal hybrid battery/nickel cadmium battery (secondary): Positive electrode binder Negative electrode",,,"PFA",,,,"A.57","Polymeric PFAS: PTFE, poly(propylene-cotetrafluoroethylene, FEP, PFA"
"Nickel metal hybrid battery/nickel cadmium battery (secondary): Positive electrode binder Negative electrode",,,"PTFE",,,,"A.57","Polymeric PFAS: PTFE, poly(propylene-cotetrafluoroethylene, FEP, PFA"
"PEM electrolysis (Ozone production): Ionomeric membrane","FEP & PTFE",,,,,,"A.57","Polymeric PFAS: PFSA ionomer, FKM, FEP & PTFE"
"PEM electrolysis (Ozone production): Ionomeric membrane","PFSA ionomer",,"FKM",,,,"A.57","Polymeric PFAS: PFSA ionomer, FKM, FEP & PTFE"
"PEM electrolysis (Ozone production): reinforcement material","FEP & PTFE",,,,,,"A.57","Polymeric PFAS: PFSA ionomer, FKM, FEP & PTFE"
"PEM electrolysis (Ozone production): reinforcement material","PFSA ionomer",,"FKM",,,,"A.57","Polymeric PFAS: PFSA ionomer, FKM, FEP & PTFE"
"PEM fuel cells: MEA-Catalyst coated membrane (including reinforcement material)","PTFE/ePTFE",,,,,,"A.57","Polymeric PFAS: Perfluoroalkane sulfonic acids (PFSA) ionomers or perfluoroalkylether sulfonic acids (PFAE) ionomers, PTFE/ePTFE"
"PEM fuel cells: MEA-Catalyst coated membrane (including reinforcement material)","Perfluoroalkane sulfonic acids (PFSA) ionomers or perfluoroalkylether sulfonic acids (PFAE) ionomers",,,,,,"A.57","Polymeric PFAS: Perfluoroalkane sulfonic acids (PFSA) ionomers or perfluoroalkylether sulfonic acids (PFAE) ionomers, PTFE/ePTFE"
"PEM fuel cells: MEA-Gas diffusion layer (GDL)",,,"PTFE",,,,"A.57","Polymeric PFAS: PTFE"
"PEM fuel cells: MEA-Microporous layers (MPL)",,,"PTFE",,,,"A.57","Polymeric PFAS: PTFE"
"PEM fuel cells: MEA-electrodes","ETFE and PTFE",,,,,,"A.57","Polymeric PFAS: PFSA ionomer, ETFE and PTFE"
"PEM fuel cells: MEA-electrodes","PFSA ionomer",,,,,,"A.57","Polymeric PFAS: PFSA ionomer, ETFE and PTFE"
"PEM fuel cells: MEA-sealing materials; gaskets Bipolar plates","Fluoropolymers e.g. PTFE",,,,,,"A.57","Polymeric PFAS: Fluoropolymers e.g. PTFE, fluoroelastomers e.g. FKM"
"PEM fuel cells: MEA-sealing materials; gaskets Bipolar plates","fluoroelastomers e.g. FKM",,,,,,"A.57","Polymeric PFAS: Fluoropolymers e.g. PTFE, fluoroelastomers e.g. FKM"
"PEM fuel cells: Membrane electrode assemblies (MEA)62: • catalyst coated membrane (CCM)","PFSA ionomer",,"PTFE",,,,"A.57","Polymeric PFAS: PFSA ionomer, PTFE"
"PEM fuel cells: seals.","PFSA ionomer",,"PTFE",,,,"A.57","Polymeric PFAS: PFSA ionomer, PTFE"
"PEM fuel cells: • electrodes (anode and cathode) • gaskets","PFSA ionomer",,"PTFE",,,,"A.57","Polymeric PFAS: PFSA ionomer, PTFE"
"PEM fuel cells: • gas diffusion layer (GDL)","PFSA ionomer",,"PTFE",,,,"A.57","Polymeric PFAS: PFSA ionomer, PTFE"
"PEM fuel cells: • microporous layer (MPL)","PFSA ionomer",,"PTFE",,,,"A.57","Polymeric PFAS: PFSA ionomer, PTFE"
"PEM hydrogen compression: Similar to PEM technology","Polymeric PFAS",,,,,,"A.57","Polymeric PFAS"
"PEM hydrogen compression: contains MEA","Polymeric PFAS",,,,,,"A.57","Polymeric PFAS"
"PEM water electrolyser: MEA-Microporous layers (MPL)",,,"PTFE",,,,"A.57","Polymeric PFAS: PTFE"
"PEM water electrolyser: MEA-catalyst coated membrane (CCM)","Perfluoroalkane sulfonic acid (PFSA) ionomer and PTFE",,,,,,"A.57","Polymeric PFAS: Perfluoroalkane sulfonic acid (PFSA) ionomer and PTFE"
"PEM water electrolyser: MEA-electrodes (anode and cathode)","ETFE and PTFE",,,,,,"A.57","Polymeric PFAS: PFSA ionomer, ETFE and PTFE"
"PEM water electrolyser: MEA-electrodes (anode and cathode)","PFSA ionomer",,,,,,"A.57","Polymeric PFAS: PFSA ionomer, ETFE and PTFE"
"PEM water electrolyser: MEA-gas diffusion layers (GDL)",,,"PTFE",,,,"A.57","Polymeric PFAS: PTFE"
"PEM water electrolyser: Membrane electrode assemblies (MEA) 63: • Catalyst coated membrane (CCM)","PFSA ionomer",,"PTFE",,,,"A.57","Polymeric PFAS: PFSA ionomer, PTFE"
"PEM water electrolyser: • Electrodes (anode and cathode)","PFSA ionomer",,"PTFE",,,,"A.57","Polymeric PFAS: PFSA ionomer, PTFE"
"PEM water electrolyser: • Gas Diffusion Layer (GDL)","PFSA ionomer",,"PTFE",,,,"A.57","Polymeric PFAS: PFSA ionomer, PTFE"
"PEM water electrolyser: • Microporous layer (MPL)","PFSA ionomer",,"PTFE",,,,"A.57","Polymeric PFAS: PFSA ionomer, PTFE"
"Photovoltaic cells (solar panels): Bifacial solar module",,,"PVDF",,,,"A.57","Polymeric PFAS: PVDF"
"Photovoltaic cells (solar panels): Film/sheet/coating",,,"ETFE",,,,"A.57","Polymeric PFAS: PTFE, PVDF, ETFE, FEVE, PFPE"
"Photovoltaic cells (solar panels): Film/sheet/coating",,,"FEVE",,,,"A.57","Polymeric PFAS: PTFE, PVDF, ETFE, FEVE, PFPE"
"Photovoltaic cells (solar panels): Film/sheet/coating",,,"PFPE",,,,"A.57","Polymeric PFAS: PTFE, PVDF, ETFE, FEVE, PFPE"
"Photovoltaic cells (solar panels): Film/sheet/coating",,,"PTFE",,,,"A.57","Polymeric PFAS: PTFE, PVDF, ETFE, FEVE, PFPE"
"Photovoltaic cells (solar panels): Film/sheet/coating",,,"PVDF",,,,"A.57","Polymeric PFAS: PTFE, PVDF, ETFE, FEVE, PFPE"
"Photovoltaic cells (solar panels): Lightweight solar cell",,,"ETFE",,,,"A.57","Polymeric PFAS: ETFE"
"Photovoltaic cells (solar panels): Perovskite solar cells","Lithium Bis (trifluoromethanesulfonyl)imide",,"LITFSI",,,,"A.57","Non-polymeric PFAS: Lithium Bis (trifluoromethanesulfonyl)imide; LITFSI"
"Photovoltaic cells (solar panels): Solar module",,,"PVDF",,,,"A.57","Polymeric PFAS: PVDF"
"Primary lithium batteries / CR66 / BR67 / Coin / cylindrical: Positive electrode binder Electrolyte",,,"FEP",,,,"A.57","Polymeric PFAS: PTFE, FEP, PFA, Non-polymeric PFAS: LiTFS, LiTFSI"
"Primary lithium batteries / CR66 / BR67 / Coin / cylindrical: Positive electrode binder Electrolyte",,,"LiTFS",,,,"A.57","Polymeric PFAS: PTFE, FEP, PFA, Non-polymeric PFAS: LiTFS, LiTFSI"
"Primary lithium batteries / CR66 / BR67 / Coin / cylindrical: Positive electrode binder Electrolyte",,,"LiTFSI",,,,"A.57","Polymeric PFAS: PTFE, FEP, PFA, Non-polymeric PFAS: LiTFS, LiTFSI"
"Primary lithium batteries / CR66 / BR67 / Coin / cylindrical: Positive electrode binder Electrolyte",,,"PFA",,,,"A.57","Polymeric PFAS: PTFE, FEP, PFA, Non-polymeric PFAS: LiTFS, LiTFSI"
"Primary lithium batteries / CR66 / BR67 / Coin / cylindrical: Positive electrode binder Electrolyte",,,"PTFE",,,,"A.57","Polymeric PFAS: PTFE, FEP, PFA, Non-polymeric PFAS: LiTFS, LiTFSI"
"Silver oxide (SR): Binder in active material",,,"PTFE",,,,"A.57","Polymeric PFAS: PTFE"
"Solar collector: Film/coating",,,"ETFE",,,,"A.57","Polymeric PFAS: PTFE, ETFE"
"Solar collector: Film/coating",,,"PTFE",,,,"A.57","Polymeric PFAS: PTFE, ETFE"
"Solid-state batteries: Electrolyte","PVDF and PTFE",,"LiTFSI",,,,"A.57","Polymeric PFAS: PVDF and PTFE Non-polymeric PFAS: LiTFSI, TFSI"
"Solid-state batteries: Electrolyte",,,"TFSI",,,,"A.57","Polymeric PFAS: PVDF and PTFE Non-polymeric PFAS: LiTFSI, TFSI"
"Solid-state batteries: binder","PVDF and PTFE",,"LiTFSI",,,,"A.57","Polymeric PFAS: PVDF and PTFE Non-polymeric PFAS: LiTFSI, TFSI"
"Solid-state batteries: binder",,,"TFSI",,,,"A.57","Polymeric PFAS: PVDF and PTFE Non-polymeric PFAS: LiTFSI, TFSI"
"Solid-state batteries: cathode","PVDF and PTFE",,"LiTFSI",,,,"A.57","Polymeric PFAS: PVDF and PTFE Non-polymeric PFAS: LiTFSI, TFSI"
"Solid-state batteries: cathode",,,"TFSI",,,,"A.57","Polymeric PFAS: PVDF and PTFE Non-polymeric PFAS: LiTFSI, TFSI"
"Switchgear / Circuit brakers (gas insulated switchgear and air-insulated switchgear): Nozzles (circuit brakes)",,,"PTFE",,,,"A.57","Polymeric PFAS: PTFE"
"Wind energy: Paints/coating","Perfluorobutane sulphonamide",,,,,,"A.57","Polymeric PFAS: FEVE, ETFE Non-polymeric PFAS: Perfluorobutane sulphonamide"
"Wind energy: Paints/coating",,,"ETFE",,,,"A.57","Polymeric PFAS: FEVE, ETFE Non-polymeric PFAS: Perfluorobutane sulphonamide"
"Wind energy: Paints/coating",,,"FEVE",,,,"A.57","Polymeric PFAS: FEVE, ETFE Non-polymeric PFAS: Perfluorobutane sulphonamide"
"Zinc-air batteries: Binder in active material",,,"PTFE",,,,"A.57","Polymeric PFAS: PTFE"
"cylindrical and pouch) (secondary): Electrode binders (cathode and anode)","Fluoroelastomer",,"PVDF",,,,"A.57","Polymeric PFAS: Fluoroelastomer, PVDF, PFA, PTFE Copolymers for PVDF: VDF, TrFE, TFE, CTFE, HFP Non-polymeric: LiTFSI, LiTFS"
"cylindrical and pouch) (secondary): Electrode binders (cathode and anode)","HFP Non-polymeric: LiTFSI",,"LiTFS",,,,"A.57","Polymeric PFAS: Fluoroelastomer, PVDF, PFA, PTFE Copolymers for PVDF: VDF, TrFE, TFE, CTFE, HFP Non-polymeric: LiTFSI, LiTFS"
"cylindrical and pouch) (secondary): Electrode binders (cathode and anode)","PTFE Copolymers for PVDF: VDF",,"TrFE",,,,"A.57","Polymeric PFAS: Fluoroelastomer, PVDF, PFA, PTFE Copolymers for PVDF: VDF, TrFE, TFE, CTFE, HFP Non-polymeric: LiTFSI, LiTFS"
"cylindrical and pouch) (secondary): Electrode binders (cathode and anode)",,,"CTFE",,,,"A.57","Polymeric PFAS: Fluoroelastomer, PVDF, PFA, PTFE Copolymers for PVDF: VDF, TrFE, TFE, CTFE, HFP Non-polymeric: LiTFSI, LiTFS"
"cylindrical and pouch) (secondary): Electrode binders (cathode and anode)",,,"PFA",,,,"A.57","Polymeric PFAS: Fluoroelastomer, PVDF, PFA, PTFE Copolymers for PVDF: VDF, TrFE, TFE, CTFE, HFP Non-polymeric: LiTFSI, LiTFS"
"cylindrical and pouch) (secondary): Electrode binders (cathode and anode)",,,"TFE",,,,"A.57","Polymeric PFAS: Fluoroelastomer, PVDF, PFA, PTFE Copolymers for PVDF: VDF, TrFE, TFE, CTFE, HFP Non-polymeric: LiTFSI, LiTFS"
"cylindrical and pouch) (secondary): Polymer electrolyte","Fluoroelastomer",,"PVDF",,,,"A.57","Polymeric PFAS: Fluoroelastomer, PVDF, PFA, PTFE Copolymers for PVDF: VDF, TrFE, TFE, CTFE, HFP Non-polymeric: LiTFSI, LiTFS"
"cylindrical and pouch) (secondary): Polymer electrolyte","HFP Non-polymeric: LiTFSI",,"LiTFS",,,,"A.57","Polymeric PFAS: Fluoroelastomer, PVDF, PFA, PTFE Copolymers for PVDF: VDF, TrFE, TFE, CTFE, HFP Non-polymeric: LiTFSI, LiTFS"
"cylindrical and pouch) (secondary): Polymer electrolyte","PTFE Copolymers for PVDF: VDF",,"TrFE",,,,"A.57","Polymeric PFAS: Fluoroelastomer, PVDF, PFA, PTFE Copolymers for PVDF: VDF, TrFE, TFE, CTFE, HFP Non-polymeric: LiTFSI, LiTFS"
"cylindrical and pouch) (secondary): Polymer electrolyte",,,"CTFE",,,,"A.57","Polymeric PFAS: Fluoroelastomer, PVDF, PFA, PTFE Copolymers for PVDF: VDF, TrFE, TFE, CTFE, HFP Non-polymeric: LiTFSI, LiTFS"
"cylindrical and pouch) (secondary): Polymer electrolyte",,,"PFA",,,,"A.57","Polymeric PFAS: Fluoroelastomer, PVDF, PFA, PTFE Copolymers for PVDF: VDF, TrFE, TFE, CTFE, HFP Non-polymeric: LiTFSI, LiTFS"
"cylindrical and pouch) (secondary): Polymer electrolyte",,,"TFE",,,,"A.57","Polymeric PFAS: Fluoroelastomer, PVDF, PFA, PTFE Copolymers for PVDF: VDF, TrFE, TFE, CTFE, HFP Non-polymeric: LiTFSI, LiTFS"
"cylindrical and pouch) (secondary): electrolyte additives","Fluoroelastomer",,"PVDF",,,,"A.57","Polymeric PFAS: Fluoroelastomer, PVDF, PFA, PTFE Copolymers for PVDF: VDF, TrFE, TFE, CTFE, HFP Non-polymeric: LiTFSI, LiTFS"
"cylindrical and pouch) (secondary): electrolyte additives","HFP Non-polymeric: LiTFSI",,"LiTFS",,,,"A.57","Polymeric PFAS: Fluoroelastomer, PVDF, PFA, PTFE Copolymers for PVDF: VDF, TrFE, TFE, CTFE, HFP Non-polymeric: LiTFSI, LiTFS"
"cylindrical and pouch) (secondary): electrolyte additives","PTFE Copolymers for PVDF: VDF",,"TrFE",,,,"A.57","Polymeric PFAS: Fluoroelastomer, PVDF, PFA, PTFE Copolymers for PVDF: VDF, TrFE, TFE, CTFE, HFP Non-polymeric: LiTFSI, LiTFS"
"cylindrical and pouch) (secondary): electrolyte additives",,,"CTFE",,,,"A.57","Polymeric PFAS: Fluoroelastomer, PVDF, PFA, PTFE Copolymers for PVDF: VDF, TrFE, TFE, CTFE, HFP Non-polymeric: LiTFSI, LiTFS"
"cylindrical and pouch) (secondary): electrolyte additives",,,"PFA",,,,"A.57","Polymeric PFAS: Fluoroelastomer, PVDF, PFA, PTFE Copolymers for PVDF: VDF, TrFE, TFE, CTFE, HFP Non-polymeric: LiTFSI, LiTFS"
"cylindrical and pouch) (secondary): electrolyte additives",,,"TFE",,,,"A.57","Polymeric PFAS: Fluoroelastomer, PVDF, PFA, PTFE Copolymers for PVDF: VDF, TrFE, TFE, CTFE, HFP Non-polymeric: LiTFSI, LiTFS"
"cylindrical and pouch) (secondary): films/coatings","Fluoroelastomer",,"PVDF",,,,"A.57","Polymeric PFAS: Fluoroelastomer, PVDF, PFA, PTFE Copolymers for PVDF: VDF, TrFE, TFE, CTFE, HFP Non-polymeric: LiTFSI, LiTFS"
"cylindrical and pouch) (secondary): films/coatings","HFP Non-polymeric: LiTFSI",,"LiTFS",,,,"A.57","Polymeric PFAS: Fluoroelastomer, PVDF, PFA, PTFE Copolymers for PVDF: VDF, TrFE, TFE, CTFE, HFP Non-polymeric: LiTFSI, LiTFS"
"cylindrical and pouch) (secondary): films/coatings","PTFE Copolymers for PVDF: VDF",,"TrFE",,,,"A.57","Polymeric PFAS: Fluoroelastomer, PVDF, PFA, PTFE Copolymers for PVDF: VDF, TrFE, TFE, CTFE, HFP Non-polymeric: LiTFSI, LiTFS"
"cylindrical and pouch) (secondary): films/coatings",,,"CTFE",,,,"A.57","Polymeric PFAS: Fluoroelastomer, PVDF, PFA, PTFE Copolymers for PVDF: VDF, TrFE, TFE, CTFE, HFP Non-polymeric: LiTFSI, LiTFS"
"cylindrical and pouch) (secondary): films/coatings",,,"PFA",,,,"A.57","Polymeric PFAS: Fluoroelastomer, PVDF, PFA, PTFE Copolymers for PVDF: VDF, TrFE, TFE, CTFE, HFP Non-polymeric: LiTFSI, LiTFS"
"cylindrical and pouch) (secondary): films/coatings",,,"TFE",,,,"A.57","Polymeric PFAS: Fluoroelastomer, PVDF, PFA, PTFE Copolymers for PVDF: VDF, TrFE, TFE, CTFE, HFP Non-polymeric: LiTFSI, LiTFS"
"cylindrical and pouch) (secondary): separator","Fluoroelastomer",,"PVDF",,,,"A.57","Polymeric PFAS: Fluoroelastomer, PVDF, PFA, PTFE Copolymers for PVDF: VDF, TrFE, TFE, CTFE, HFP Non-polymeric: LiTFSI, LiTFS"
"cylindrical and pouch) (secondary): separator","HFP Non-polymeric: LiTFSI",,"LiTFS",,,,"A.57","Polymeric PFAS: Fluoroelastomer, PVDF, PFA, PTFE Copolymers for PVDF: VDF, TrFE, TFE, CTFE, HFP Non-polymeric: LiTFSI, LiTFS"
"cylindrical and pouch) (secondary): separator","PTFE Copolymers for PVDF: VDF",,"TrFE",,,,"A.57","Polymeric PFAS: Fluoroelastomer, PVDF, PFA, PTFE Copolymers for PVDF: VDF, TrFE, TFE, CTFE, HFP Non-polymeric: LiTFSI, LiTFS"
"cylindrical and pouch) (secondary): separator",,,"CTFE",,,,"A.57","Polymeric PFAS: Fluoroelastomer, PVDF, PFA, PTFE Copolymers for PVDF: VDF, TrFE, TFE, CTFE, HFP Non-polymeric: LiTFSI, LiTFS"
"cylindrical and pouch) (secondary): separator",,,"PFA",,,,"A.57","Polymeric PFAS: Fluoroelastomer, PVDF, PFA, PTFE Copolymers for PVDF: VDF, TrFE, TFE, CTFE, HFP Non-polymeric: LiTFSI, LiTFS"
"cylindrical and pouch) (secondary): separator",,,"TFE",,,,"A.57","Polymeric PFAS: Fluoroelastomer, PVDF, PFA, PTFE Copolymers for PVDF: VDF, TrFE, TFE, CTFE, HFP Non-polymeric: LiTFSI, LiTFS"
"cylindrical and pouch) (secondary): thermal management pack/module","Fluoroelastomer",,"PVDF",,,,"A.57","Polymeric PFAS: Fluoroelastomer, PVDF, PFA, PTFE Copolymers for PVDF: VDF, TrFE, TFE, CTFE, HFP Non-polymeric: LiTFSI, LiTFS"
"cylindrical and pouch) (secondary): thermal management pack/module","HFP Non-polymeric: LiTFSI",,"LiTFS",,,,"A.57","Polymeric PFAS: Fluoroelastomer, PVDF, PFA, PTFE Copolymers for PVDF: VDF, TrFE, TFE, CTFE, HFP Non-polymeric: LiTFSI, LiTFS"
"cylindrical and pouch) (secondary): thermal management pack/module","PTFE Copolymers for PVDF: VDF",,"TrFE",,,,"A.57","Polymeric PFAS: Fluoroelastomer, PVDF, PFA, PTFE Copolymers for PVDF: VDF, TrFE, TFE, CTFE, HFP Non-polymeric: LiTFSI, LiTFS"
"cylindrical and pouch) (secondary): thermal management pack/module",,,"CTFE",,,,"A.57","Polymeric PFAS: Fluoroelastomer, PVDF, PFA, PTFE Copolymers for PVDF: VDF, TrFE, TFE, CTFE, HFP Non-polymeric: LiTFSI, LiTFS"
"cylindrical and pouch) (secondary): thermal management pack/module",,,"PFA",,,,"A.57","Polymeric PFAS: Fluoroelastomer, PVDF, PFA, PTFE Copolymers for PVDF: VDF, TrFE, TFE, CTFE, HFP Non-polymeric: LiTFSI, LiTFS"
"cylindrical and pouch) (secondary): thermal management pack/module",,,"TFE",,,,"A.57","Polymeric PFAS: Fluoroelastomer, PVDF, PFA, PTFE Copolymers for PVDF: VDF, TrFE, TFE, CTFE, HFP Non-polymeric: LiTFSI, LiTFS"
"purification and extraction: Similar to PEM technology","Polymeric PFAS",,,,,,"A.57","Polymeric PFAS"
"purification and extraction: contains MEA","Polymeric PFAS",,,,,,"A.57","Polymeric PFAS"
"76 Cables are assessed in the sector “Electronics and semiconductors” in section A.3.12","Fluorosurfactant and acrylate-",,,,,,"A.59","Polymeric PFAS: PTFE Non-polymeric PFAS: Fluorosurfactant and acrylate-, urethane-and siloxane-based side-chain fluorinated polymers (non-polymeric Precursors)"
"76 Cables are assessed in the sector “Electronics and semiconductors” in section A.3.12","urethane-and siloxane-based side-chain fluorinated polymers (non-polymeric Precursors)",,,,,,"A.59","Polymeric PFAS: PTFE Non-polymeric PFAS: Fluorosurfactant and acrylate-, urethane-and siloxane-based side-chain fluorinated polymers (non-polymeric Precursors)"
"76 Cables are assessed in the sector “Electronics and semiconductors” in section A.3.12",,,"PTFE",,,,"A.59","Polymeric PFAS: PTFE Non-polymeric PFAS: Fluorosurfactant and acrylate-, urethane-and siloxane-based side-chain fluorinated polymers (non-polymeric Precursors)"
"77 Renewable energy systems are assessed in the Energy sector","Fluorosurfactant and acrylate-",,,,,,"A.59","Polymeric PFAS: PTFE Non-polymeric PFAS: Fluorosurfactant and acrylate-, urethane-and siloxane-based side-chain fluorinated polymers (non-polymeric Precursors)"
"77 Renewable energy systems are assessed in the Energy sector","urethane-and siloxane-based side-chain fluorinated polymers (non-polymeric Precursors)",,,,,,"A.59","Polymeric PFAS: PTFE Non-polymeric PFAS: Fluorosurfactant and acrylate-, urethane-and siloxane-based side-chain fluorinated polymers (non-polymeric Precursors)"
"77 Renewable energy systems are assessed in the Energy sector",,,"PTFE",,,,"A.59","Polymeric PFAS: PTFE Non-polymeric PFAS: Fluorosurfactant and acrylate-, urethane-and siloxane-based side-chain fluorinated polymers (non-polymeric Precursors)"
"79 PTFE tape (thread sealing) is assessed in the overarching use sealing applications: Adhesives for e.g. tiles","FFKM and FVMQ",,,,,,"A.59","Polymeric PFAS: Fluoroelastomers such as FKM, FEPM, FFKM and FVMQ Non-polymeric PFAS: fluorosurfactants"
"79 PTFE tape (thread sealing) is assessed in the overarching use sealing applications: Adhesives for e.g. tiles","Fluoroelastomers such as FKM",,"FEPM",,,,"A.59","Polymeric PFAS: Fluoroelastomers such as FKM, FEPM, FFKM and FVMQ Non-polymeric PFAS: fluorosurfactants"
"79 PTFE tape (thread sealing) is assessed in the overarching use sealing applications: Adhesives for e.g. tiles","fluorosurfactants",,,,,,"A.59","Polymeric PFAS: Fluoroelastomers such as FKM, FEPM, FFKM and FVMQ Non-polymeric PFAS: fluorosurfactants"
"79 PTFE tape (thread sealing) is assessed in the overarching use sealing applications: Threshold seal (metal and rubber) for sliding ability of automatic doors","PTFE added to polyamid",,,,,,"A.59","Polymeric PFAS: PTFE added to polyamid"
"79 PTFE tape (thread sealing) is assessed in the overarching use sealing applications: ceiling","FFKM and FVMQ",,,,,,"A.59","Polymeric PFAS: Fluoroelastomers such as FKM, FEPM, FFKM and FVMQ Non-polymeric PFAS: fluorosurfactants"
"79 PTFE tape (thread sealing) is assessed in the overarching use sealing applications: ceiling","Fluoroelastomers such as FKM",,"FEPM",,,,"A.59","Polymeric PFAS: Fluoroelastomers such as FKM, FEPM, FFKM and FVMQ Non-polymeric PFAS: fluorosurfactants"
"79 PTFE tape (thread sealing) is assessed in the overarching use sealing applications: ceiling","fluorosurfactants",,,,,,"A.59","Polymeric PFAS: Fluoroelastomers such as FKM, FEPM, FFKM and FVMQ Non-polymeric PFAS: fluorosurfactants"
"79 PTFE tape (thread sealing) is assessed in the overarching use sealing applications: creating a water-proof seal in building facings","FFKM and FVMQ",,,,,,"A.59","Polymeric PFAS: Fluoroelastomers such as FKM, FEPM, FFKM and FVMQ Non-polymeric PFAS: fluorosurfactants"
"79 PTFE tape (thread sealing) is assessed in the overarching use sealing applications: creating a water-proof seal in building facings","Fluoroelastomers such as FKM",,"FEPM",,,,"A.59","Polymeric PFAS: Fluoroelastomers such as FKM, FEPM, FFKM and FVMQ Non-polymeric PFAS: fluorosurfactants"
"79 PTFE tape (thread sealing) is assessed in the overarching use sealing applications: creating a water-proof seal in building facings","fluorosurfactants",,,,,,"A.59","Polymeric PFAS: Fluoroelastomers such as FKM, FEPM, FFKM and FVMQ Non-polymeric PFAS: fluorosurfactants"
"79 PTFE tape (thread sealing) is assessed in the overarching use sealing applications: drywall","FFKM and FVMQ",,,,,,"A.59","Polymeric PFAS: Fluoroelastomers such as FKM, FEPM, FFKM and FVMQ Non-polymeric PFAS: fluorosurfactants"
"79 PTFE tape (thread sealing) is assessed in the overarching use sealing applications: drywall","Fluoroelastomers such as FKM",,"FEPM",,,,"A.59","Polymeric PFAS: Fluoroelastomers such as FKM, FEPM, FFKM and FVMQ Non-polymeric PFAS: fluorosurfactants"
"79 PTFE tape (thread sealing) is assessed in the overarching use sealing applications: drywall","fluorosurfactants",,,,,,"A.59","Polymeric PFAS: Fluoroelastomers such as FKM, FEPM, FFKM and FVMQ Non-polymeric PFAS: fluorosurfactants"
"79 PTFE tape (thread sealing) is assessed in the overarching use sealing applications: elevators and furniture","FFKM and FVMQ",,,,,,"A.59","Polymeric PFAS: Fluoroelastomers such as FKM, FEPM, FFKM and FVMQ Non-polymeric PFAS: fluorosurfactants"
"79 PTFE tape (thread sealing) is assessed in the overarching use sealing applications: elevators and furniture","Fluoroelastomers such as FKM",,"FEPM",,,,"A.59","Polymeric PFAS: Fluoroelastomers such as FKM, FEPM, FFKM and FVMQ Non-polymeric PFAS: fluorosurfactants"
"79 PTFE tape (thread sealing) is assessed in the overarching use sealing applications: elevators and furniture","fluorosurfactants",,,,,,"A.59","Polymeric PFAS: Fluoroelastomers such as FKM, FEPM, FFKM and FVMQ Non-polymeric PFAS: fluorosurfactants"
"79 PTFE tape (thread sealing) is assessed in the overarching use sealing applications: flooring","FFKM and FVMQ",,,,,,"A.59","Polymeric PFAS: Fluoroelastomers such as FKM, FEPM, FFKM and FVMQ Non-polymeric PFAS: fluorosurfactants"
"79 PTFE tape (thread sealing) is assessed in the overarching use sealing applications: flooring","Fluoroelastomers such as FKM",,"FEPM",,,,"A.59","Polymeric PFAS: Fluoroelastomers such as FKM, FEPM, FFKM and FVMQ Non-polymeric PFAS: fluorosurfactants"
"79 PTFE tape (thread sealing) is assessed in the overarching use sealing applications: flooring","fluorosurfactants",,,,,,"A.59","Polymeric PFAS: Fluoroelastomers such as FKM, FEPM, FFKM and FVMQ Non-polymeric PFAS: fluorosurfactants"
"79 PTFE tape (thread sealing) is assessed in the overarching use sealing applications: wood-related materials and molded structures. Tapes for structural glazing are also included as well as caulks to fill gaps and crevices","FFKM and FVMQ",,,,,,"A.59","Polymeric PFAS: Fluoroelastomers such as FKM, FEPM, FFKM and FVMQ Non-polymeric PFAS: fluorosurfactants"
"79 PTFE tape (thread sealing) is assessed in the overarching use sealing applications: wood-related materials and molded structures. Tapes for structural glazing are also included as well as caulks to fill gaps and crevices","Fluoroelastomers such as FKM",,"FEPM",,,,"A.59","Polymeric PFAS: Fluoroelastomers such as FKM, FEPM, FFKM and FVMQ Non-polymeric PFAS: fluorosurfactants"
"79 PTFE tape (thread sealing) is assessed in the overarching use sealing applications: wood-related materials and molded structures. Tapes for structural glazing are also included as well as caulks to fill gaps and crevices","fluorosurfactants",,,,,,"A.59","Polymeric PFAS: Fluoroelastomers such as FKM, FEPM, FFKM and FVMQ Non-polymeric PFAS: fluorosurfactants"
"89 Coating of coils in a production is assessed in the overarching use Metal plating and manufacture of","Silane/siloxane-based side-chain fluorinated polymers (non-polymeric precursors)",,,,,,"A.59","Polymeric PFAS: PTFE, FEP, PVDF, FEVE, FKM Non-polymeric PFAS:Silane/siloxane-based side-chain fluorinated polymers (non-polymeric precursors)"
"89 Coating of coils in a production is assessed in the overarching use Metal plating and manufacture of",,,"FEP",,,,"A.59","Polymeric PFAS: PTFE, FEP, PVDF, FEVE, FKM Non-polymeric PFAS:Silane/siloxane-based side-chain fluorinated polymers (non-polymeric precursors)"
"89 Coating of coils in a production is assessed in the overarching use Metal plating and manufacture of",,,"FEVE",,,,"A.59","Polymeric PFAS: PTFE, FEP, PVDF, FEVE, FKM Non-polymeric PFAS:Silane/siloxane-based side-chain fluorinated polymers (non-polymeric precursors)"
"89 Coating of coils in a production is assessed in the overarching use Metal plating and manufacture of",,,"FKM",,,,"A.59","Polymeric PFAS: PTFE, FEP, PVDF, FEVE, FKM Non-polymeric PFAS:Silane/siloxane-based side-chain fluorinated polymers (non-polymeric precursors)"
"89 Coating of coils in a production is assessed in the overarching use Metal plating and manufacture of",,,"PTFE",,,,"A.59","Polymeric PFAS: PTFE, FEP, PVDF, FEVE, FKM Non-polymeric PFAS:Silane/siloxane-based side-chain fluorinated polymers (non-polymeric precursors)"
"89 Coating of coils in a production is assessed in the overarching use Metal plating and manufacture of",,,"PVDF",,,,"A.59","Polymeric PFAS: PTFE, FEP, PVDF, FEVE, FKM Non-polymeric PFAS:Silane/siloxane-based side-chain fluorinated polymers (non-polymeric precursors)"
"Architectural coatings and paints: Coating of surfaces of bridges and buildings","Acrylate-and silane/siloxane-based side-chain fluorinated polymers (non-polymeric precursors)",,,,,,"A.59","Polymeric PFAS: PTFE, PVDF, ECTFE, FEVE, FEP, PFPE Non-polymeric PFAS:Acrylate-and silane/siloxane-based side-chain fluorinated polymers (non-polymeric precursors)"
"Architectural coatings and paints: Coating of surfaces of bridges and buildings",,,"ECTFE",,,,"A.59","Polymeric PFAS: PTFE, PVDF, ECTFE, FEVE, FEP, PFPE Non-polymeric PFAS:Acrylate-and silane/siloxane-based side-chain fluorinated polymers (non-polymeric precursors)"
"Architectural coatings and paints: Coating of surfaces of bridges and buildings",,,"FEP",,,,"A.59","Polymeric PFAS: PTFE, PVDF, ECTFE, FEVE, FEP, PFPE Non-polymeric PFAS:Acrylate-and silane/siloxane-based side-chain fluorinated polymers (non-polymeric precursors)"
"Architectural coatings and paints: Coating of surfaces of bridges and buildings",,,"FEVE",,,,"A.59","Polymeric PFAS: PTFE, PVDF, ECTFE, FEVE, FEP, PFPE Non-polymeric PFAS:Acrylate-and silane/siloxane-based side-chain fluorinated polymers (non-polymeric precursors)"
"Architectural coatings and paints: Coating of surfaces of bridges and buildings",,,"PFPE",,,,"A.59","Polymeric PFAS: PTFE, PVDF, ECTFE, FEVE, FEP, PFPE Non-polymeric PFAS:Acrylate-and silane/siloxane-based side-chain fluorinated polymers (non-polymeric precursors)"
"Architectural coatings and paints: Coating of surfaces of bridges and buildings",,,"PTFE",,,,"A.59","Polymeric PFAS: PTFE, PVDF, ECTFE, FEVE, FEP, PFPE Non-polymeric PFAS:Acrylate-and silane/siloxane-based side-chain fluorinated polymers (non-polymeric precursors)"
"Architectural coatings and paints: Coating of surfaces of bridges and buildings",,,"PVDF",,,,"A.59","Polymeric PFAS: PTFE, PVDF, ECTFE, FEVE, FEP, PFPE Non-polymeric PFAS:Acrylate-and silane/siloxane-based side-chain fluorinated polymers (non-polymeric precursors)"
"Architectural coatings and paints: Fluorinated additives in paints to achieve specific finishes and durability requirements on buildings and constructions included in e.g. water-based paint","Surfactants",,,,,,"A.59","Polymeric PFAS: PVDF, FEVE, ECTFE, PTFE, FEP, PFPEs Non-polymeric PFAS: Surfactants, pigments"
"Architectural coatings and paints: Fluorinated additives in paints to achieve specific finishes and durability requirements on buildings and constructions included in e.g. water-based paint","pigments",,,,,,"A.59","Polymeric PFAS: PVDF, FEVE, ECTFE, PTFE, FEP, PFPEs Non-polymeric PFAS: Surfactants, pigments"
"Architectural coatings and paints: Fluorinated additives in paints to achieve specific finishes and durability requirements on buildings and constructions included in e.g. water-based paint",,,"ECTFE",,,,"A.59","Polymeric PFAS: PVDF, FEVE, ECTFE, PTFE, FEP, PFPEs Non-polymeric PFAS: Surfactants, pigments"
"Architectural coatings and paints: Fluorinated additives in paints to achieve specific finishes and durability requirements on buildings and constructions included in e.g. water-based paint",,,"FEP",,,,"A.59","Polymeric PFAS: PVDF, FEVE, ECTFE, PTFE, FEP, PFPEs Non-polymeric PFAS: Surfactants, pigments"
"Architectural coatings and paints: Fluorinated additives in paints to achieve specific finishes and durability requirements on buildings and constructions included in e.g. water-based paint",,,"FEVE",,,,"A.59","Polymeric PFAS: PVDF, FEVE, ECTFE, PTFE, FEP, PFPEs Non-polymeric PFAS: Surfactants, pigments"
"Architectural coatings and paints: Fluorinated additives in paints to achieve specific finishes and durability requirements on buildings and constructions included in e.g. water-based paint",,,"PFPEs",,,,"A.59","Polymeric PFAS: PVDF, FEVE, ECTFE, PTFE, FEP, PFPEs Non-polymeric PFAS: Surfactants, pigments"
"Architectural coatings and paints: Fluorinated additives in paints to achieve specific finishes and durability requirements on buildings and constructions included in e.g. water-based paint",,,"PTFE",,,,"A.59","Polymeric PFAS: PVDF, FEVE, ECTFE, PTFE, FEP, PFPEs Non-polymeric PFAS: Surfactants, pigments"
"Architectural coatings and paints: Fluorinated additives in paints to achieve specific finishes and durability requirements on buildings and constructions included in e.g. water-based paint",,,"PVDF",,,,"A.59","Polymeric PFAS: PVDF, FEVE, ECTFE, PTFE, FEP, PFPEs Non-polymeric PFAS: Surfactants, pigments"
"Architectural coatings and paints: anticorrosive coating and photocatalyst paint for exterior walls.","Surfactants",,,,,,"A.59","Polymeric PFAS: PVDF, FEVE, ECTFE, PTFE, FEP, PFPEs Non-polymeric PFAS: Surfactants, pigments"
"Architectural coatings and paints: anticorrosive coating and photocatalyst paint for exterior walls.","pigments",,,,,,"A.59","Polymeric PFAS: PVDF, FEVE, ECTFE, PTFE, FEP, PFPEs Non-polymeric PFAS: Surfactants, pigments"
"Architectural coatings and paints: anticorrosive coating and photocatalyst paint for exterior walls.",,,"ECTFE",,,,"A.59","Polymeric PFAS: PVDF, FEVE, ECTFE, PTFE, FEP, PFPEs Non-polymeric PFAS: Surfactants, pigments"
"Architectural coatings and paints: anticorrosive coating and photocatalyst paint for exterior walls.",,,"FEP",,,,"A.59","Polymeric PFAS: PVDF, FEVE, ECTFE, PTFE, FEP, PFPEs Non-polymeric PFAS: Surfactants, pigments"
"Architectural coatings and paints: anticorrosive coating and photocatalyst paint for exterior walls.",,,"FEVE",,,,"A.59","Polymeric PFAS: PVDF, FEVE, ECTFE, PTFE, FEP, PFPEs Non-polymeric PFAS: Surfactants, pigments"
"Architectural coatings and paints: anticorrosive coating and photocatalyst paint for exterior walls.",,,"PFPEs",,,,"A.59","Polymeric PFAS: PVDF, FEVE, ECTFE, PTFE, FEP, PFPEs Non-polymeric PFAS: Surfactants, pigments"
"Architectural coatings and paints: anticorrosive coating and photocatalyst paint for exterior walls.",,,"PTFE",,,,"A.59","Polymeric PFAS: PVDF, FEVE, ECTFE, PTFE, FEP, PFPEs Non-polymeric PFAS: Surfactants, pigments"
"Architectural coatings and paints: anticorrosive coating and photocatalyst paint for exterior walls.",,,"PVDF",,,,"A.59","Polymeric PFAS: PVDF, FEVE, ECTFE, PTFE, FEP, PFPEs Non-polymeric PFAS: Surfactants, pigments"
"Architectural coatings and paints: including anti-graffiti coating","Acrylate-and silane/siloxane-based side-chain fluorinated polymers (non-polymeric precursors)",,,,,,"A.59","Polymeric PFAS: PTFE, PVDF, ECTFE, FEVE, FEP, PFPE Non-polymeric PFAS:Acrylate-and silane/siloxane-based side-chain fluorinated polymers (non-polymeric precursors)"
"Architectural coatings and paints: including anti-graffiti coating",,,"ECTFE",,,,"A.59","Polymeric PFAS: PTFE, PVDF, ECTFE, FEVE, FEP, PFPE Non-polymeric PFAS:Acrylate-and silane/siloxane-based side-chain fluorinated polymers (non-polymeric precursors)"
"Architectural coatings and paints: including anti-graffiti coating",,,"FEP",,,,"A.59","Polymeric PFAS: PTFE, PVDF, ECTFE, FEVE, FEP, PFPE Non-polymeric PFAS:Acrylate-and silane/siloxane-based side-chain fluorinated polymers (non-polymeric precursors)"
"Architectural coatings and paints: including anti-graffiti coating",,,"FEVE",,,,"A.59","Polymeric PFAS: PTFE, PVDF, ECTFE, FEVE, FEP, PFPE Non-polymeric PFAS:Acrylate-and silane/siloxane-based side-chain fluorinated polymers (non-polymeric precursors)"
"Architectural coatings and paints: including anti-graffiti coating",,,"PFPE",,,,"A.59","Polymeric PFAS: PTFE, PVDF, ECTFE, FEVE, FEP, PFPE Non-polymeric PFAS:Acrylate-and silane/siloxane-based side-chain fluorinated polymers (non-polymeric precursors)"
"Architectural coatings and paints: including anti-graffiti coating",,,"PTFE",,,,"A.59","Polymeric PFAS: PTFE, PVDF, ECTFE, FEVE, FEP, PFPE Non-polymeric PFAS:Acrylate-and silane/siloxane-based side-chain fluorinated polymers (non-polymeric precursors)"
"Architectural coatings and paints: including anti-graffiti coating",,,"PVDF",,,,"A.59","Polymeric PFAS: PTFE, PVDF, ECTFE, FEVE, FEP, PFPE Non-polymeric PFAS:Acrylate-and silane/siloxane-based side-chain fluorinated polymers (non-polymeric precursors)"
"Bearings: Plain bearings for energy production and transmission systems",,,"PTFE",,,,"A.59","Polymeric PFAS: PTFE"
"Bearings: Plain/slide bearings e.g. seismic isolator used in constructions such as bridges and buildings",,,"ETFE",,,,"A.59","Polymeric PFAS: PTFE, PCTFE, ETFE, PVDF, FKM"
"Bearings: Plain/slide bearings e.g. seismic isolator used in constructions such as bridges and buildings",,,"FKM",,,,"A.59","Polymeric PFAS: PTFE, PCTFE, ETFE, PVDF, FKM"
"Bearings: Plain/slide bearings e.g. seismic isolator used in constructions such as bridges and buildings",,,"PCTFE",,,,"A.59","Polymeric PFAS: PTFE, PCTFE, ETFE, PVDF, FKM"
"Bearings: Plain/slide bearings e.g. seismic isolator used in constructions such as bridges and buildings",,,"PTFE",,,,"A.59","Polymeric PFAS: PTFE, PCTFE, ETFE, PVDF, FKM"
"Bearings: Plain/slide bearings e.g. seismic isolator used in constructions such as bridges and buildings",,,"PVDF",,,,"A.59","Polymeric PFAS: PTFE, PCTFE, ETFE, PVDF, FKM"
"Bearings: compressors and HVAC systems",,,"PTFE",,,,"A.59","Polymeric PFAS: PTFE"
"Bearings: cranes",,,"PTFE",,,,"A.59","Polymeric PFAS: PTFE"
"Bearings: elevators",,,"PTFE",,,,"A.59","Polymeric PFAS: PTFE"
"Bearings: lifts",,,"PTFE",,,,"A.59","Polymeric PFAS: PTFE"
"Bearings: pumps",,,"PTFE",,,,"A.59","Polymeric PFAS: PTFE"
"Coatings and paints for construction of metal components: Coating/painting of metal (including coil coating 89); Exterior finishes for large buildings","Silane/siloxane-based side-chain fluorinated polymers (non-polymeric precursors)",,,,,,"A.59","Polymeric PFAS: PTFE, FEP, PVDF, FEVE, FKM Non-polymeric PFAS:Silane/siloxane-based side-chain fluorinated polymers (non-polymeric precursors)"
"Coatings and paints for construction of metal components: Coating/painting of metal (including coil coating 89); Exterior finishes for large buildings",,,"FEP",,,,"A.59","Polymeric PFAS: PTFE, FEP, PVDF, FEVE, FKM Non-polymeric PFAS:Silane/siloxane-based side-chain fluorinated polymers (non-polymeric precursors)"
"Coatings and paints for construction of metal components: Coating/painting of metal (including coil coating 89); Exterior finishes for large buildings",,,"FEVE",,,,"A.59","Polymeric PFAS: PTFE, FEP, PVDF, FEVE, FKM Non-polymeric PFAS:Silane/siloxane-based side-chain fluorinated polymers (non-polymeric precursors)"
"Coatings and paints for construction of metal components: Coating/painting of metal (including coil coating 89); Exterior finishes for large buildings",,,"FKM",,,,"A.59","Polymeric PFAS: PTFE, FEP, PVDF, FEVE, FKM Non-polymeric PFAS:Silane/siloxane-based side-chain fluorinated polymers (non-polymeric precursors)"
"Coatings and paints for construction of metal components: Coating/painting of metal (including coil coating 89); Exterior finishes for large buildings",,,"PTFE",,,,"A.59","Polymeric PFAS: PTFE, FEP, PVDF, FEVE, FKM Non-polymeric PFAS:Silane/siloxane-based side-chain fluorinated polymers (non-polymeric precursors)"
"Coatings and paints for construction of metal components: Coating/painting of metal (including coil coating 89); Exterior finishes for large buildings",,,"PVDF",,,,"A.59","Polymeric PFAS: PTFE, FEP, PVDF, FEVE, FKM Non-polymeric PFAS:Silane/siloxane-based side-chain fluorinated polymers (non-polymeric precursors)"
"Coatings and paints for construction of metal components: and door components (hinges","Silane/siloxane-based side-chain fluorinated polymers (non-polymeric precursors)",,,,,,"A.59","Polymeric PFAS: PTFE, FEP, PVDF, FEVE, FKM Non-polymeric PFAS:Silane/siloxane-based side-chain fluorinated polymers (non-polymeric precursors)"
"Coatings and paints for construction of metal components: and door components (hinges",,,"FEP",,,,"A.59","Polymeric PFAS: PTFE, FEP, PVDF, FEVE, FKM Non-polymeric PFAS:Silane/siloxane-based side-chain fluorinated polymers (non-polymeric precursors)"
"Coatings and paints for construction of metal components: and door components (hinges",,,"FEVE",,,,"A.59","Polymeric PFAS: PTFE, FEP, PVDF, FEVE, FKM Non-polymeric PFAS:Silane/siloxane-based side-chain fluorinated polymers (non-polymeric precursors)"
"Coatings and paints for construction of metal components: and door components (hinges",,,"FKM",,,,"A.59","Polymeric PFAS: PTFE, FEP, PVDF, FEVE, FKM Non-polymeric PFAS:Silane/siloxane-based side-chain fluorinated polymers (non-polymeric precursors)"
"Coatings and paints for construction of metal components: and door components (hinges",,,"PTFE",,,,"A.59","Polymeric PFAS: PTFE, FEP, PVDF, FEVE, FKM Non-polymeric PFAS:Silane/siloxane-based side-chain fluorinated polymers (non-polymeric precursors)"
"Coatings and paints for construction of metal components: and door components (hinges",,,"PVDF",,,,"A.59","Polymeric PFAS: PTFE, FEP, PVDF, FEVE, FKM Non-polymeric PFAS:Silane/siloxane-based side-chain fluorinated polymers (non-polymeric precursors)"
"Coatings and paints for construction of metal components: and industrial structures","Silane/siloxane-based side-chain fluorinated polymers (non-polymeric precursors)",,,,,,"A.59","Polymeric PFAS: PTFE, FEP, PVDF, FEVE, FKM Non-polymeric PFAS:Silane/siloxane-based side-chain fluorinated polymers (non-polymeric precursors)"
"Coatings and paints for construction of metal components: and industrial structures",,,"FEP",,,,"A.59","Polymeric PFAS: PTFE, FEP, PVDF, FEVE, FKM Non-polymeric PFAS:Silane/siloxane-based side-chain fluorinated polymers (non-polymeric precursors)"
"Coatings and paints for construction of metal components: and industrial structures",,,"FEVE",,,,"A.59","Polymeric PFAS: PTFE, FEP, PVDF, FEVE, FKM Non-polymeric PFAS:Silane/siloxane-based side-chain fluorinated polymers (non-polymeric precursors)"
"Coatings and paints for construction of metal components: and industrial structures",,,"FKM",,,,"A.59","Polymeric PFAS: PTFE, FEP, PVDF, FEVE, FKM Non-polymeric PFAS:Silane/siloxane-based side-chain fluorinated polymers (non-polymeric precursors)"
"Coatings and paints for construction of metal components: and industrial structures",,,"PTFE",,,,"A.59","Polymeric PFAS: PTFE, FEP, PVDF, FEVE, FKM Non-polymeric PFAS:Silane/siloxane-based side-chain fluorinated polymers (non-polymeric precursors)"
"Coatings and paints for construction of metal components: and industrial structures",,,"PVDF",,,,"A.59","Polymeric PFAS: PTFE, FEP, PVDF, FEVE, FKM Non-polymeric PFAS:Silane/siloxane-based side-chain fluorinated polymers (non-polymeric precursors)"
"Coatings and paints for construction of metal components: bridges","Silane/siloxane-based side-chain fluorinated polymers (non-polymeric precursors)",,,,,,"A.59","Polymeric PFAS: PTFE, FEP, PVDF, FEVE, FKM Non-polymeric PFAS:Silane/siloxane-based side-chain fluorinated polymers (non-polymeric precursors)"
"Coatings and paints for construction of metal components: bridges",,,"FEP",,,,"A.59","Polymeric PFAS: PTFE, FEP, PVDF, FEVE, FKM Non-polymeric PFAS:Silane/siloxane-based side-chain fluorinated polymers (non-polymeric precursors)"
"Coatings and paints for construction of metal components: bridges",,,"FEVE",,,,"A.59","Polymeric PFAS: PTFE, FEP, PVDF, FEVE, FKM Non-polymeric PFAS:Silane/siloxane-based side-chain fluorinated polymers (non-polymeric precursors)"
"Coatings and paints for construction of metal components: bridges",,,"FKM",,,,"A.59","Polymeric PFAS: PTFE, FEP, PVDF, FEVE, FKM Non-polymeric PFAS:Silane/siloxane-based side-chain fluorinated polymers (non-polymeric precursors)"
"Coatings and paints for construction of metal components: bridges",,,"PTFE",,,,"A.59","Polymeric PFAS: PTFE, FEP, PVDF, FEVE, FKM Non-polymeric PFAS:Silane/siloxane-based side-chain fluorinated polymers (non-polymeric precursors)"
"Coatings and paints for construction of metal components: bridges",,,"PVDF",,,,"A.59","Polymeric PFAS: PTFE, FEP, PVDF, FEVE, FKM Non-polymeric PFAS:Silane/siloxane-based side-chain fluorinated polymers (non-polymeric precursors)"
"Coatings and paints for construction of metal components: doors","Silane/siloxane-based side-chain fluorinated polymers (non-polymeric precursors)",,,,,,"A.59","Polymeric PFAS: PTFE, FEP, PVDF, FEVE, FKM Non-polymeric PFAS:Silane/siloxane-based side-chain fluorinated polymers (non-polymeric precursors)"
"Coatings and paints for construction of metal components: doors",,,"FEP",,,,"A.59","Polymeric PFAS: PTFE, FEP, PVDF, FEVE, FKM Non-polymeric PFAS:Silane/siloxane-based side-chain fluorinated polymers (non-polymeric precursors)"
"Coatings and paints for construction of metal components: doors",,,"FEVE",,,,"A.59","Polymeric PFAS: PTFE, FEP, PVDF, FEVE, FKM Non-polymeric PFAS:Silane/siloxane-based side-chain fluorinated polymers (non-polymeric precursors)"
"Coatings and paints for construction of metal components: doors",,,"FKM",,,,"A.59","Polymeric PFAS: PTFE, FEP, PVDF, FEVE, FKM Non-polymeric PFAS:Silane/siloxane-based side-chain fluorinated polymers (non-polymeric precursors)"
"Coatings and paints for construction of metal components: doors",,,"PTFE",,,,"A.59","Polymeric PFAS: PTFE, FEP, PVDF, FEVE, FKM Non-polymeric PFAS:Silane/siloxane-based side-chain fluorinated polymers (non-polymeric precursors)"
"Coatings and paints for construction of metal components: doors",,,"PVDF",,,,"A.59","Polymeric PFAS: PTFE, FEP, PVDF, FEVE, FKM Non-polymeric PFAS:Silane/siloxane-based side-chain fluorinated polymers (non-polymeric precursors)"
"Coatings and paints for construction of metal components: etc) may be coated with PFAS","Silane/siloxane-based side-chain fluorinated polymers (non-polymeric precursors)",,,,,,"A.59","Polymeric PFAS: PTFE, FEP, PVDF, FEVE, FKM Non-polymeric PFAS:Silane/siloxane-based side-chain fluorinated polymers (non-polymeric precursors)"
"Coatings and paints for construction of metal components: etc) may be coated with PFAS",,,"FEP",,,,"A.59","Polymeric PFAS: PTFE, FEP, PVDF, FEVE, FKM Non-polymeric PFAS:Silane/siloxane-based side-chain fluorinated polymers (non-polymeric precursors)"
"Coatings and paints for construction of metal components: etc) may be coated with PFAS",,,"FEVE",,,,"A.59","Polymeric PFAS: PTFE, FEP, PVDF, FEVE, FKM Non-polymeric PFAS:Silane/siloxane-based side-chain fluorinated polymers (non-polymeric precursors)"
"Coatings and paints for construction of metal components: etc) may be coated with PFAS",,,"FKM",,,,"A.59","Polymeric PFAS: PTFE, FEP, PVDF, FEVE, FKM Non-polymeric PFAS:Silane/siloxane-based side-chain fluorinated polymers (non-polymeric precursors)"
"Coatings and paints for construction of metal components: etc) may be coated with PFAS",,,"PTFE",,,,"A.59","Polymeric PFAS: PTFE, FEP, PVDF, FEVE, FKM Non-polymeric PFAS:Silane/siloxane-based side-chain fluorinated polymers (non-polymeric precursors)"
"Coatings and paints for construction of metal components: etc) may be coated with PFAS",,,"PVDF",,,,"A.59","Polymeric PFAS: PTFE, FEP, PVDF, FEVE, FKM Non-polymeric PFAS:Silane/siloxane-based side-chain fluorinated polymers (non-polymeric precursors)"
"Coatings and paints for construction of metal components: frames","Silane/siloxane-based side-chain fluorinated polymers (non-polymeric precursors)",,,,,,"A.59","Polymeric PFAS: PTFE, FEP, PVDF, FEVE, FKM Non-polymeric PFAS:Silane/siloxane-based side-chain fluorinated polymers (non-polymeric precursors)"
"Coatings and paints for construction of metal components: frames",,,"FEP",,,,"A.59","Polymeric PFAS: PTFE, FEP, PVDF, FEVE, FKM Non-polymeric PFAS:Silane/siloxane-based side-chain fluorinated polymers (non-polymeric precursors)"
"Coatings and paints for construction of metal components: frames",,,"FEVE",,,,"A.59","Polymeric PFAS: PTFE, FEP, PVDF, FEVE, FKM Non-polymeric PFAS:Silane/siloxane-based side-chain fluorinated polymers (non-polymeric precursors)"
"Coatings and paints for construction of metal components: frames",,,"FKM",,,,"A.59","Polymeric PFAS: PTFE, FEP, PVDF, FEVE, FKM Non-polymeric PFAS:Silane/siloxane-based side-chain fluorinated polymers (non-polymeric precursors)"
"Coatings and paints for construction of metal components: frames",,,"PTFE",,,,"A.59","Polymeric PFAS: PTFE, FEP, PVDF, FEVE, FKM Non-polymeric PFAS:Silane/siloxane-based side-chain fluorinated polymers (non-polymeric precursors)"
"Coatings and paints for construction of metal components: frames",,,"PVDF",,,,"A.59","Polymeric PFAS: PTFE, FEP, PVDF, FEVE, FKM Non-polymeric PFAS:Silane/siloxane-based side-chain fluorinated polymers (non-polymeric precursors)"
"Coatings and paints for construction of metal components: handles","Silane/siloxane-based side-chain fluorinated polymers (non-polymeric precursors)",,,,,,"A.59","Polymeric PFAS: PTFE, FEP, PVDF, FEVE, FKM Non-polymeric PFAS:Silane/siloxane-based side-chain fluorinated polymers (non-polymeric precursors)"
"Coatings and paints for construction of metal components: handles",,,"FEP",,,,"A.59","Polymeric PFAS: PTFE, FEP, PVDF, FEVE, FKM Non-polymeric PFAS:Silane/siloxane-based side-chain fluorinated polymers (non-polymeric precursors)"
"Coatings and paints for construction of metal components: handles",,,"FEVE",,,,"A.59","Polymeric PFAS: PTFE, FEP, PVDF, FEVE, FKM Non-polymeric PFAS:Silane/siloxane-based side-chain fluorinated polymers (non-polymeric precursors)"
"Coatings and paints for construction of metal components: handles",,,"FKM",,,,"A.59","Polymeric PFAS: PTFE, FEP, PVDF, FEVE, FKM Non-polymeric PFAS:Silane/siloxane-based side-chain fluorinated polymers (non-polymeric precursors)"
"Coatings and paints for construction of metal components: handles",,,"PTFE",,,,"A.59","Polymeric PFAS: PTFE, FEP, PVDF, FEVE, FKM Non-polymeric PFAS:Silane/siloxane-based side-chain fluorinated polymers (non-polymeric precursors)"
"Coatings and paints for construction of metal components: handles",,,"PVDF",,,,"A.59","Polymeric PFAS: PTFE, FEP, PVDF, FEVE, FKM Non-polymeric PFAS:Silane/siloxane-based side-chain fluorinated polymers (non-polymeric precursors)"
"Coatings and paints for construction of metal components: in addition to high touch metal surfaces such as elevators and sanitary fixtures. Metal entrances","Silane/siloxane-based side-chain fluorinated polymers (non-polymeric precursors)",,,,,,"A.59","Polymeric PFAS: PTFE, FEP, PVDF, FEVE, FKM Non-polymeric PFAS:Silane/siloxane-based side-chain fluorinated polymers (non-polymeric precursors)"
"Coatings and paints for construction of metal components: in addition to high touch metal surfaces such as elevators and sanitary fixtures. Metal entrances",,,"FEP",,,,"A.59","Polymeric PFAS: PTFE, FEP, PVDF, FEVE, FKM Non-polymeric PFAS:Silane/siloxane-based side-chain fluorinated polymers (non-polymeric precursors)"
"Coatings and paints for construction of metal components: in addition to high touch metal surfaces such as elevators and sanitary fixtures. Metal entrances",,,"FEVE",,,,"A.59","Polymeric PFAS: PTFE, FEP, PVDF, FEVE, FKM Non-polymeric PFAS:Silane/siloxane-based side-chain fluorinated polymers (non-polymeric precursors)"
"Coatings and paints for construction of metal components: in addition to high touch metal surfaces such as elevators and sanitary fixtures. Metal entrances",,,"FKM",,,,"A.59","Polymeric PFAS: PTFE, FEP, PVDF, FEVE, FKM Non-polymeric PFAS:Silane/siloxane-based side-chain fluorinated polymers (non-polymeric precursors)"
"Coatings and paints for construction of metal components: in addition to high touch metal surfaces such as elevators and sanitary fixtures. Metal entrances",,,"PTFE",,,,"A.59","Polymeric PFAS: PTFE, FEP, PVDF, FEVE, FKM Non-polymeric PFAS:Silane/siloxane-based side-chain fluorinated polymers (non-polymeric precursors)"
"Coatings and paints for construction of metal components: in addition to high touch metal surfaces such as elevators and sanitary fixtures. Metal entrances",,,"PVDF",,,,"A.59","Polymeric PFAS: PTFE, FEP, PVDF, FEVE, FKM Non-polymeric PFAS:Silane/siloxane-based side-chain fluorinated polymers (non-polymeric precursors)"
"Coatings and paints for construction of metal components: latches","Silane/siloxane-based side-chain fluorinated polymers (non-polymeric precursors)",,,,,,"A.59","Polymeric PFAS: PTFE, FEP, PVDF, FEVE, FKM Non-polymeric PFAS:Silane/siloxane-based side-chain fluorinated polymers (non-polymeric precursors)"
"Coatings and paints for construction of metal components: latches",,,"FEP",,,,"A.59","Polymeric PFAS: PTFE, FEP, PVDF, FEVE, FKM Non-polymeric PFAS:Silane/siloxane-based side-chain fluorinated polymers (non-polymeric precursors)"
"Coatings and paints for construction of metal components: latches",,,"FEVE",,,,"A.59","Polymeric PFAS: PTFE, FEP, PVDF, FEVE, FKM Non-polymeric PFAS:Silane/siloxane-based side-chain fluorinated polymers (non-polymeric precursors)"
"Coatings and paints for construction of metal components: latches",,,"FKM",,,,"A.59","Polymeric PFAS: PTFE, FEP, PVDF, FEVE, FKM Non-polymeric PFAS:Silane/siloxane-based side-chain fluorinated polymers (non-polymeric precursors)"
"Coatings and paints for construction of metal components: latches",,,"PTFE",,,,"A.59","Polymeric PFAS: PTFE, FEP, PVDF, FEVE, FKM Non-polymeric PFAS:Silane/siloxane-based side-chain fluorinated polymers (non-polymeric precursors)"
"Coatings and paints for construction of metal components: latches",,,"PVDF",,,,"A.59","Polymeric PFAS: PTFE, FEP, PVDF, FEVE, FKM Non-polymeric PFAS:Silane/siloxane-based side-chain fluorinated polymers (non-polymeric precursors)"
"Coatings and paints for construction of metal components: locks","Silane/siloxane-based side-chain fluorinated polymers (non-polymeric precursors)",,,,,,"A.59","Polymeric PFAS: PTFE, FEP, PVDF, FEVE, FKM Non-polymeric PFAS:Silane/siloxane-based side-chain fluorinated polymers (non-polymeric precursors)"
"Coatings and paints for construction of metal components: locks",,,"FEP",,,,"A.59","Polymeric PFAS: PTFE, FEP, PVDF, FEVE, FKM Non-polymeric PFAS:Silane/siloxane-based side-chain fluorinated polymers (non-polymeric precursors)"
"Coatings and paints for construction of metal components: locks",,,"FEVE",,,,"A.59","Polymeric PFAS: PTFE, FEP, PVDF, FEVE, FKM Non-polymeric PFAS:Silane/siloxane-based side-chain fluorinated polymers (non-polymeric precursors)"
"Coatings and paints for construction of metal components: locks",,,"FKM",,,,"A.59","Polymeric PFAS: PTFE, FEP, PVDF, FEVE, FKM Non-polymeric PFAS:Silane/siloxane-based side-chain fluorinated polymers (non-polymeric precursors)"
"Coatings and paints for construction of metal components: locks",,,"PTFE",,,,"A.59","Polymeric PFAS: PTFE, FEP, PVDF, FEVE, FKM Non-polymeric PFAS:Silane/siloxane-based side-chain fluorinated polymers (non-polymeric precursors)"
"Coatings and paints for construction of metal components: locks",,,"PVDF",,,,"A.59","Polymeric PFAS: PTFE, FEP, PVDF, FEVE, FKM Non-polymeric PFAS:Silane/siloxane-based side-chain fluorinated polymers (non-polymeric precursors)"
"Construction sector.","Silane/siloxane-based side-chain fluorinated polymers (non-polymeric precursors)",,,,,,"A.59","Polymeric PFAS: PTFE, FEP, PVDF, FEVE, FKM Non-polymeric PFAS:Silane/siloxane-based side-chain fluorinated polymers (non-polymeric precursors)"
"Construction sector.",,,"FEP",,,,"A.59","Polymeric PFAS: PTFE, FEP, PVDF, FEVE, FKM Non-polymeric PFAS:Silane/siloxane-based side-chain fluorinated polymers (non-polymeric precursors)"
"Construction sector.",,,"FEVE",,,,"A.59","Polymeric PFAS: PTFE, FEP, PVDF, FEVE, FKM Non-polymeric PFAS:Silane/siloxane-based side-chain fluorinated polymers (non-polymeric precursors)"
"Construction sector.",,,"FKM",,,,"A.59","Polymeric PFAS: PTFE, FEP, PVDF, FEVE, FKM Non-polymeric PFAS:Silane/siloxane-based side-chain fluorinated polymers (non-polymeric precursors)"
"Construction sector.",,,"PTFE",,,,"A.59","Polymeric PFAS: PTFE, FEP, PVDF, FEVE, FKM Non-polymeric PFAS:Silane/siloxane-based side-chain fluorinated polymers (non-polymeric precursors)"
"Construction sector.",,,"PVDF",,,,"A.59","Polymeric PFAS: PTFE, FEP, PVDF, FEVE, FKM Non-polymeric PFAS:Silane/siloxane-based side-chain fluorinated polymers (non-polymeric precursors)"
"Explosives: Process unit equipment of explosives and pyrotechnic compositions","PVDF and fluorocarbon elastomers HFP and FKM",,,,,,"A.59","Polymeric PFAS: PTFE, PVDF and fluorocarbon elastomers HFP and FKM"
"Explosives: Process unit equipment of explosives and pyrotechnic compositions",,,"PTFE",,,,"A.59","Polymeric PFAS: PTFE, PVDF and fluorocarbon elastomers HFP and FKM"
"Fiberglass: Films/Foils for greenhouses (assessed in this sector)","HCFO-1233zd72",,,,,,"A.59","Polymeric PFAS: PTFE, ETFE, FEP, PVDF Non-polymeric PFAS: PBSF Fluorinated gases: HCFO-1233zd72"
"Fiberglass: Films/Foils for greenhouses (assessed in this sector)",,,"ETFE",,,,"A.59","Polymeric PFAS: PTFE, ETFE, FEP, PVDF Non-polymeric PFAS: PBSF Fluorinated gases: HCFO-1233zd72"
"Fiberglass: Films/Foils for greenhouses (assessed in this sector)",,,"FEP",,,,"A.59","Polymeric PFAS: PTFE, ETFE, FEP, PVDF Non-polymeric PFAS: PBSF Fluorinated gases: HCFO-1233zd72"
"Fiberglass: Films/Foils for greenhouses (assessed in this sector)",,,"PBSF",,,,"A.59","Polymeric PFAS: PTFE, ETFE, FEP, PVDF Non-polymeric PFAS: PBSF Fluorinated gases: HCFO-1233zd72"
"Fiberglass: Films/Foils for greenhouses (assessed in this sector)",,,"PTFE",,,,"A.59","Polymeric PFAS: PTFE, ETFE, FEP, PVDF Non-polymeric PFAS: PBSF Fluorinated gases: HCFO-1233zd72"
"Fiberglass: Films/Foils for greenhouses (assessed in this sector)",,,"PVDF",,,,"A.59","Polymeric PFAS: PTFE, ETFE, FEP, PVDF Non-polymeric PFAS: PBSF Fluorinated gases: HCFO-1233zd72"
"Fiberglass: PVC-coated polyester fabric with PVDF or THV lacquer",,,"PTFE",,,,"A.59","Polymeric PFAS: PTFE, PVDF"
"Fiberglass: PVC-coated polyester fabric with PVDF or THV lacquer",,,"PVDF",,,,"A.59","Polymeric PFAS: PTFE, PVDF"
"Fiberglass: PVDF-covered mesh fabric and fiberglass coatings for various end-uses",,,"PTFE",,,,"A.59","Polymeric PFAS: PTFE, PVDF"
"Fiberglass: PVDF-covered mesh fabric and fiberglass coatings for various end-uses",,,"PVDF",,,,"A.59","Polymeric PFAS: PTFE, PVDF"
"Fiberglass: Weatherproofing membranes made of materials such as synthetic rubber","Fluoropolymers",,,,,,"A.59","Polymeric PFAS: Fluoropolymers"
"Fiberglass: architectural membranes70 including fluoropolymer films and fluoropolymer coated/laminated fabrics or fiber glass in e.g. stadium roofs","HCFO-1233zd72",,,,,,"A.59","Polymeric PFAS: PTFE, ETFE, FEP, PVDF Non-polymeric PFAS: PBSF Fluorinated gases: HCFO-1233zd72"
"Fiberglass: architectural membranes70 including fluoropolymer films and fluoropolymer coated/laminated fabrics or fiber glass in e.g. stadium roofs",,,"ETFE",,,,"A.59","Polymeric PFAS: PTFE, ETFE, FEP, PVDF Non-polymeric PFAS: PBSF Fluorinated gases: HCFO-1233zd72"
"Fiberglass: architectural membranes70 including fluoropolymer films and fluoropolymer coated/laminated fabrics or fiber glass in e.g. stadium roofs",,,"FEP",,,,"A.59","Polymeric PFAS: PTFE, ETFE, FEP, PVDF Non-polymeric PFAS: PBSF Fluorinated gases: HCFO-1233zd72"
"Fiberglass: architectural membranes70 including fluoropolymer films and fluoropolymer coated/laminated fabrics or fiber glass in e.g. stadium roofs",,,"PBSF",,,,"A.59","Polymeric PFAS: PTFE, ETFE, FEP, PVDF Non-polymeric PFAS: PBSF Fluorinated gases: HCFO-1233zd72"
"Fiberglass: architectural membranes70 including fluoropolymer films and fluoropolymer coated/laminated fabrics or fiber glass in e.g. stadium roofs",,,"PTFE",,,,"A.59","Polymeric PFAS: PTFE, ETFE, FEP, PVDF Non-polymeric PFAS: PBSF Fluorinated gases: HCFO-1233zd72"
"Fiberglass: architectural membranes70 including fluoropolymer films and fluoropolymer coated/laminated fabrics or fiber glass in e.g. stadium roofs",,,"PVDF",,,,"A.59","Polymeric PFAS: PTFE, ETFE, FEP, PVDF Non-polymeric PFAS: PBSF Fluorinated gases: HCFO-1233zd72"
"Fiberglass: coated with a fluoropolymer layer. Used for e.g. vapour barriers in façades and roofs","Fluoropolymers",,,,,,"A.59","Polymeric PFAS: Fluoropolymers"
"Fiberglass: flexible solar panels","HCFO-1233zd72",,,,,,"A.59","Polymeric PFAS: PTFE, ETFE, FEP, PVDF Non-polymeric PFAS: PBSF Fluorinated gases: HCFO-1233zd72"
"Fiberglass: flexible solar panels",,,"ETFE",,,,"A.59","Polymeric PFAS: PTFE, ETFE, FEP, PVDF Non-polymeric PFAS: PBSF Fluorinated gases: HCFO-1233zd72"
"Fiberglass: flexible solar panels",,,"FEP",,,,"A.59","Polymeric PFAS: PTFE, ETFE, FEP, PVDF Non-polymeric PFAS: PBSF Fluorinated gases: HCFO-1233zd72"
"Fiberglass: flexible solar panels",,,"PBSF",,,,"A.59","Polymeric PFAS: PTFE, ETFE, FEP, PVDF Non-polymeric PFAS: PBSF Fluorinated gases: HCFO-1233zd72"
"Fiberglass: flexible solar panels",,,"PTFE",,,,"A.59","Polymeric PFAS: PTFE, ETFE, FEP, PVDF Non-polymeric PFAS: PBSF Fluorinated gases: HCFO-1233zd72"
"Fiberglass: flexible solar panels",,,"PVDF",,,,"A.59","Polymeric PFAS: PTFE, ETFE, FEP, PVDF Non-polymeric PFAS: PBSF Fluorinated gases: HCFO-1233zd72"
"Fiberglass: polyolefin or other heavy-duty thermoplastics","Fluoropolymers",,,,,,"A.59","Polymeric PFAS: Fluoropolymers"
"Fiberglass: polyvinyl chloride (PVC)","Fluoropolymers",,,,,,"A.59","Polymeric PFAS: Fluoropolymers"
"Foam blowing agents/additiv es: Foam insulation for e.g. polyurethane","Fluorinated gases such as HFO-1234ze",,,,,,"A.59","Non-polymeric PFAS: Fluorinated gases such as HFO-1234ze"
"Foam blowing agents/additiv es: extruded polystyrene (XPS) and","Fluorinated gases such as HFO-1234ze",,,,,,"A.59","Non-polymeric PFAS: Fluorinated gases such as HFO-1234ze"
"Foam blowing agents/additiv es: other foam formulations 87","Fluorinated gases such as HFO-1234ze",,,,,,"A.59","Non-polymeric PFAS: Fluorinated gases such as HFO-1234ze"
"Gas installations: Heat exchangers","Fluoropolymers and elastomers",,,,,,"A.59","Polymeric PFAS: Fluoropolymers and elastomers"
"Gas installations: gas controls and regulators","Fluoropolymers and elastomers",,,,,,"A.59","Polymeric PFAS: Fluoropolymers and elastomers"
"Gas installations: valves","Fluoropolymers and elastomers",,,,,,"A.59","Polymeric PFAS: Fluoropolymers and elastomers"
"Glass sector: Electrochromic glazing (window) solutions88: Reversibly controlling the optical properties which in the end-use are powered by solar radiation instead of an external current. A coating or film is applied on the glass.","LiTFSI salt",,,,,,"A.59","Non-polymeric PFAS: LiTFSI salt"
"Glass sector: Surface treatment/coating of glass and building/construction materials such as windows",,,"FEP",,,,"A.59","Polymeric PFAS: PTFE, PCTFE, FEP, PVDF Non-polymeric PFAS: PBSF"
"Glass sector: Surface treatment/coating of glass and building/construction materials such as windows",,,"PBSF",,,,"A.59","Polymeric PFAS: PTFE, PCTFE, FEP, PVDF Non-polymeric PFAS: PBSF"
"Glass sector: Surface treatment/coating of glass and building/construction materials such as windows",,,"PCTFE",,,,"A.59","Polymeric PFAS: PTFE, PCTFE, FEP, PVDF Non-polymeric PFAS: PBSF"
"Glass sector: Surface treatment/coating of glass and building/construction materials such as windows",,,"PTFE",,,,"A.59","Polymeric PFAS: PTFE, PCTFE, FEP, PVDF Non-polymeric PFAS: PBSF"
"Glass sector: Surface treatment/coating of glass and building/construction materials such as windows",,,"PVDF",,,,"A.59","Polymeric PFAS: PTFE, PCTFE, FEP, PVDF Non-polymeric PFAS: PBSF"
"Glass sector: and mirrors as well as window profile films",,,"FEP",,,,"A.59","Polymeric PFAS: PTFE, PCTFE, FEP, PVDF Non-polymeric PFAS: PBSF"
"Glass sector: and mirrors as well as window profile films",,,"PBSF",,,,"A.59","Polymeric PFAS: PTFE, PCTFE, FEP, PVDF Non-polymeric PFAS: PBSF"
"Glass sector: and mirrors as well as window profile films",,,"PCTFE",,,,"A.59","Polymeric PFAS: PTFE, PCTFE, FEP, PVDF Non-polymeric PFAS: PBSF"
"Glass sector: and mirrors as well as window profile films",,,"PTFE",,,,"A.59","Polymeric PFAS: PTFE, PCTFE, FEP, PVDF Non-polymeric PFAS: PBSF"
"Glass sector: and mirrors as well as window profile films",,,"PVDF",,,,"A.59","Polymeric PFAS: PTFE, PCTFE, FEP, PVDF Non-polymeric PFAS: PBSF"
"Glass sector: doors",,,"FEP",,,,"A.59","Polymeric PFAS: PTFE, PCTFE, FEP, PVDF Non-polymeric PFAS: PBSF"
"Glass sector: doors",,,"PBSF",,,,"A.59","Polymeric PFAS: PTFE, PCTFE, FEP, PVDF Non-polymeric PFAS: PBSF"
"Glass sector: doors",,,"PCTFE",,,,"A.59","Polymeric PFAS: PTFE, PCTFE, FEP, PVDF Non-polymeric PFAS: PBSF"
"Glass sector: doors",,,"PTFE",,,,"A.59","Polymeric PFAS: PTFE, PCTFE, FEP, PVDF Non-polymeric PFAS: PBSF"
"Glass sector: doors",,,"PVDF",,,,"A.59","Polymeric PFAS: PTFE, PCTFE, FEP, PVDF Non-polymeric PFAS: PBSF"
"MEP and HVAC systems: Plumbing applications (gas","PVDF and PTFE",,,,,,"A.59","Polymeric PFAS: PVDF and PTFE"
"MEP and HVAC systems: Valves82 in heating","PVDF and VDF-co- HFP",,,,,,"A.59","Polymeric PFAS: PTFE, FKM, ETFE, FEP, PFA, PVDF and VDF-co- HFP"
"MEP and HVAC systems: Valves82 in heating",,,"ETFE",,,,"A.59","Polymeric PFAS: PTFE, FKM, ETFE, FEP, PFA, PVDF and VDF-co- HFP"
"MEP and HVAC systems: Valves82 in heating",,,"FEP",,,,"A.59","Polymeric PFAS: PTFE, FKM, ETFE, FEP, PFA, PVDF and VDF-co- HFP"
"MEP and HVAC systems: Valves82 in heating",,,"FKM",,,,"A.59","Polymeric PFAS: PTFE, FKM, ETFE, FEP, PFA, PVDF and VDF-co- HFP"
"MEP and HVAC systems: Valves82 in heating",,,"PFA",,,,"A.59","Polymeric PFAS: PTFE, FKM, ETFE, FEP, PFA, PVDF and VDF-co- HFP"
"MEP and HVAC systems: Valves82 in heating",,,"PTFE",,,,"A.59","Polymeric PFAS: PTFE, FKM, ETFE, FEP, PFA, PVDF and VDF-co- HFP"
"MEP and HVAC systems: sanitary and heating)","PVDF and PTFE",,,,,,"A.59","Polymeric PFAS: PVDF and PTFE"
"MEP and HVAC systems: sprinkler","PVDF and PTFE",,,,,,"A.59","Polymeric PFAS: PVDF and PTFE"
"MEP and HVAC systems: ventilation and air conditioning","PVDF and VDF-co- HFP",,,,,,"A.59","Polymeric PFAS: PTFE, FKM, ETFE, FEP, PFA, PVDF and VDF-co- HFP"
"MEP and HVAC systems: ventilation and air conditioning",,,"ETFE",,,,"A.59","Polymeric PFAS: PTFE, FKM, ETFE, FEP, PFA, PVDF and VDF-co- HFP"
"MEP and HVAC systems: ventilation and air conditioning",,,"FEP",,,,"A.59","Polymeric PFAS: PTFE, FKM, ETFE, FEP, PFA, PVDF and VDF-co- HFP"
"MEP and HVAC systems: ventilation and air conditioning",,,"FKM",,,,"A.59","Polymeric PFAS: PTFE, FKM, ETFE, FEP, PFA, PVDF and VDF-co- HFP"
"MEP and HVAC systems: ventilation and air conditioning",,,"PFA",,,,"A.59","Polymeric PFAS: PTFE, FKM, ETFE, FEP, PFA, PVDF and VDF-co- HFP"
"MEP and HVAC systems: ventilation and air conditioning",,,"PTFE",,,,"A.59","Polymeric PFAS: PTFE, FKM, ETFE, FEP, PFA, PVDF and VDF-co- HFP"
"Polymer additives used for fire safety purposes: Flame retardants (e.g. PFBS as additive to polycarbonate resins). High-MW PTFE additive as drip suppression of burning plastics. PFHxS- Li+ as antistatic","High-MW PTFE",,"PVDF",,,,"A.59","Polymeric PFAS: PTFE, High-MW PTFE, PVDF Non-polymeric PFASs: PFBS, PFHxS-Li+, pigments"
"Polymer additives used for fire safety purposes: Flame retardants (e.g. PFBS as additive to polycarbonate resins). High-MW PTFE additive as drip suppression of burning plastics. PFHxS- Li+ as antistatic","PFHxS-Li+",,,,,,"A.59","Polymeric PFAS: PTFE, High-MW PTFE, PVDF Non-polymeric PFASs: PFBS, PFHxS-Li+, pigments"
"Polymer additives used for fire safety purposes: Flame retardants (e.g. PFBS as additive to polycarbonate resins). High-MW PTFE additive as drip suppression of burning plastics. PFHxS- Li+ as antistatic","pigments",,,,,,"A.59","Polymeric PFAS: PTFE, High-MW PTFE, PVDF Non-polymeric PFASs: PFBS, PFHxS-Li+, pigments"
"Polymer additives used for fire safety purposes: Flame retardants (e.g. PFBS as additive to polycarbonate resins). High-MW PTFE additive as drip suppression of burning plastics. PFHxS- Li+ as antistatic",,,"PFBS",,,,"A.59","Polymeric PFAS: PTFE, High-MW PTFE, PVDF Non-polymeric PFASs: PFBS, PFHxS-Li+, pigments"
"Polymer additives used for fire safety purposes: Flame retardants (e.g. PFBS as additive to polycarbonate resins). High-MW PTFE additive as drip suppression of burning plastics. PFHxS- Li+ as antistatic",,,"PTFE",,,,"A.59","Polymeric PFAS: PTFE, High-MW PTFE, PVDF Non-polymeric PFASs: PFBS, PFHxS-Li+, pigments"
"Polymer additives used for fire safety purposes: PVC and p olymer-type insulation.","High-MW PTFE",,"PVDF",,,,"A.59","Polymeric PFAS: PTFE, High-MW PTFE, PVDF Non-polymeric PFASs: PFBS, PFHxS-Li+, pigments"
"Polymer additives used for fire safety purposes: PVC and p olymer-type insulation.","PFHxS-Li+",,,,,,"A.59","Polymeric PFAS: PTFE, High-MW PTFE, PVDF Non-polymeric PFASs: PFBS, PFHxS-Li+, pigments"
"Polymer additives used for fire safety purposes: PVC and p olymer-type insulation.","pigments",,,,,,"A.59","Polymeric PFAS: PTFE, High-MW PTFE, PVDF Non-polymeric PFASs: PFBS, PFHxS-Li+, pigments"
"Polymer additives used for fire safety purposes: PVC and p olymer-type insulation.",,,"PFBS",,,,"A.59","Polymeric PFAS: PTFE, High-MW PTFE, PVDF Non-polymeric PFASs: PFBS, PFHxS-Li+, pigments"
"Polymer additives used for fire safety purposes: PVC and p olymer-type insulation.",,,"PTFE",,,,"A.59","Polymeric PFAS: PTFE, High-MW PTFE, PVDF Non-polymeric PFASs: PFBS, PFHxS-Li+, pigments"
"Polymer additives used for fire safety purposes: coating of plastics with fluoropolymers","High-MW PTFE",,"PVDF",,,,"A.59","Polymeric PFAS: PTFE, High-MW PTFE, PVDF Non-polymeric PFASs: PFBS, PFHxS-Li+, pigments"
"Polymer additives used for fire safety purposes: coating of plastics with fluoropolymers","PFHxS-Li+",,,,,,"A.59","Polymeric PFAS: PTFE, High-MW PTFE, PVDF Non-polymeric PFASs: PFBS, PFHxS-Li+, pigments"
"Polymer additives used for fire safety purposes: coating of plastics with fluoropolymers","pigments",,,,,,"A.59","Polymeric PFAS: PTFE, High-MW PTFE, PVDF Non-polymeric PFASs: PFBS, PFHxS-Li+, pigments"
"Polymer additives used for fire safety purposes: coating of plastics with fluoropolymers",,,"PFBS",,,,"A.59","Polymeric PFAS: PTFE, High-MW PTFE, PVDF Non-polymeric PFASs: PFBS, PFHxS-Li+, pigments"
"Polymer additives used for fire safety purposes: coating of plastics with fluoropolymers",,,"PTFE",,,,"A.59","Polymeric PFAS: PTFE, High-MW PTFE, PVDF Non-polymeric PFASs: PFBS, PFHxS-Li+, pigments"
"Polymer additives used for fire safety purposes: pigments. Flame retardants in cables85","High-MW PTFE",,"PVDF",,,,"A.59","Polymeric PFAS: PTFE, High-MW PTFE, PVDF Non-polymeric PFASs: PFBS, PFHxS-Li+, pigments"
"Polymer additives used for fire safety purposes: pigments. Flame retardants in cables85","PFHxS-Li+",,,,,,"A.59","Polymeric PFAS: PTFE, High-MW PTFE, PVDF Non-polymeric PFASs: PFBS, PFHxS-Li+, pigments"
"Polymer additives used for fire safety purposes: pigments. Flame retardants in cables85","pigments",,,,,,"A.59","Polymeric PFAS: PTFE, High-MW PTFE, PVDF Non-polymeric PFASs: PFBS, PFHxS-Li+, pigments"
"Polymer additives used for fire safety purposes: pigments. Flame retardants in cables85",,,"PFBS",,,,"A.59","Polymeric PFAS: PTFE, High-MW PTFE, PVDF Non-polymeric PFASs: PFBS, PFHxS-Li+, pigments"
"Polymer additives used for fire safety purposes: pigments. Flame retardants in cables85",,,"PTFE",,,,"A.59","Polymeric PFAS: PTFE, High-MW PTFE, PVDF Non-polymeric PFASs: PFBS, PFHxS-Li+, pigments"
"Polymer additives used for fire safety purposes: pipes86","High-MW PTFE",,"PVDF",,,,"A.59","Polymeric PFAS: PTFE, High-MW PTFE, PVDF Non-polymeric PFASs: PFBS, PFHxS-Li+, pigments"
"Polymer additives used for fire safety purposes: pipes86","PFHxS-Li+",,,,,,"A.59","Polymeric PFAS: PTFE, High-MW PTFE, PVDF Non-polymeric PFASs: PFBS, PFHxS-Li+, pigments"
"Polymer additives used for fire safety purposes: pipes86","pigments",,,,,,"A.59","Polymeric PFAS: PTFE, High-MW PTFE, PVDF Non-polymeric PFASs: PFBS, PFHxS-Li+, pigments"
"Polymer additives used for fire safety purposes: pipes86",,,"PFBS",,,,"A.59","Polymeric PFAS: PTFE, High-MW PTFE, PVDF Non-polymeric PFASs: PFBS, PFHxS-Li+, pigments"
"Polymer additives used for fire safety purposes: pipes86",,,"PTFE",,,,"A.59","Polymeric PFAS: PTFE, High-MW PTFE, PVDF Non-polymeric PFASs: PFBS, PFHxS-Li+, pigments"
"Polymer processing aids (PPA): PTFE used as coating",,,"PTFE",,,,"A.59","Polymeric PFAS: PTFE"
"Polymer processing aids (PPA): Used as internal lubricant/additive/ polymeric processing aid in thermoplastics (e.g. PE and PP) thermo setting plastics and elastomers","Micro-powder PTFE",,,,,,"A.59","Polymeric PFAS: Micro-powder PTFE, high- MW PTFE, PVDF, PFPE"
"Polymer processing aids (PPA): Used as internal lubricant/additive/ polymeric processing aid in thermoplastics (e.g. PE and PP) thermo setting plastics and elastomers","high- MW PTFE",,"PVDF",,,,"A.59","Polymeric PFAS: Micro-powder PTFE, high- MW PTFE, PVDF, PFPE"
"Polymer processing aids (PPA): Used as internal lubricant/additive/ polymeric processing aid in thermoplastics (e.g. PE and PP) thermo setting plastics and elastomers",,,"PFPE",,,,"A.59","Polymeric PFAS: Micro-powder PTFE, high- MW PTFE, PVDF, PFPE"
"Polymer processing aids (PPA): lubricant84 or processing aid in the manufacturing process of e.g. PEX-pipes and compression sleeves in underfloor heating.",,,"PTFE",,,,"A.59","Polymeric PFAS: PTFE"
"Processing aids (PA): Surfactant or solvents used for production of certain types of construction products (articles) The PA is not part of the final product.","Fluorinated surfactants or solvents",,,,,,"A.59","Non-polymeric PFAS: Fluorinated surfactants or solvents"
"Road construction: Bitumen pumps","Fluoropolymers and mostly PTFE (90-95%)",,,,,,"A.59","Polymeric PFAS: Fluoropolymers and mostly PTFE (90-95%)"
"Sealings and adhesives: Connections with use of thread sealing tape79 in: -gas industry protecting the connection between cylinder valve and cylinder. -cryogenic and low temperature service",,,"PTFE",,,,"A.59","Polymeric PFAS: PTFE"
"Sealings and adhesives: DIY sealant and adhesive products as e.g. foam mounting tapes and squares and damage-free hanging solutions for e.g. pictures","Fluorosurfactant and acrylate-",,,,,,"A.59","Polymeric PFAS: PTFE Non-polymeric PFAS: Fluorosurfactant and acrylate-, urethane-and siloxane-based side-chain fluorinated polymers (non-polymeric Precursors)"
"Sealings and adhesives: DIY sealant and adhesive products as e.g. foam mounting tapes and squares and damage-free hanging solutions for e.g. pictures","urethane-and siloxane-based side-chain fluorinated polymers (non-polymeric Precursors)",,,,,,"A.59","Polymeric PFAS: PTFE Non-polymeric PFAS: Fluorosurfactant and acrylate-, urethane-and siloxane-based side-chain fluorinated polymers (non-polymeric Precursors)"
"Sealings and adhesives: DIY sealant and adhesive products as e.g. foam mounting tapes and squares and damage-free hanging solutions for e.g. pictures",,,"PTFE",,,,"A.59","Polymeric PFAS: PTFE Non-polymeric PFAS: Fluorosurfactant and acrylate-, urethane-and siloxane-based side-chain fluorinated polymers (non-polymeric Precursors)"
"Sealings and adhesives: O-rings","VDF-HFP and P FPE",,"FKM",,,,"A.59","Polymeric PFAS: PTFE, FEP, VDF-HFP and P FPE, FKM, PMVE"
"Sealings and adhesives: O-rings",,,"FEP",,,,"A.59","Polymeric PFAS: PTFE, FEP, VDF-HFP and P FPE, FKM, PMVE"
"Sealings and adhesives: O-rings",,,"PMVE",,,,"A.59","Polymeric PFAS: PTFE, FEP, VDF-HFP and P FPE, FKM, PMVE"
"Sealings and adhesives: O-rings",,,"PTFE",,,,"A.59","Polymeric PFAS: PTFE, FEP, VDF-HFP and P FPE, FKM, PMVE"
"Sealings and adhesives: O-rings (FEP","VDF-HFP and P FPE",,"FKM",,,,"A.59","Polymeric PFAS: PTFE, FEP, VDF-HFP and P FPE, FKM, PMVE"
"Sealings and adhesives: O-rings (FEP",,,"FEP",,,,"A.59","Polymeric PFAS: PTFE, FEP, VDF-HFP and P FPE, FKM, PMVE"
"Sealings and adhesives: O-rings (FEP",,,"PMVE",,,,"A.59","Polymeric PFAS: PTFE, FEP, VDF-HFP and P FPE, FKM, PMVE"
"Sealings and adhesives: O-rings (FEP",,,"PTFE",,,,"A.59","Polymeric PFAS: PTFE, FEP, VDF-HFP and P FPE, FKM, PMVE"
"Sealings and adhesives: PMVE) and high temperature lubricant (PFPE) used as sealings in e.g. plumbing applications and actuators in underfloor h eating","VDF-HFP and P FPE",,"FKM",,,,"A.59","Polymeric PFAS: PTFE, FEP, VDF-HFP and P FPE, FKM, PMVE"
"Sealings and adhesives: PMVE) and high temperature lubricant (PFPE) used as sealings in e.g. plumbing applications and actuators in underfloor h eating",,,"FEP",,,,"A.59","Polymeric PFAS: PTFE, FEP, VDF-HFP and P FPE, FKM, PMVE"
"Sealings and adhesives: PMVE) and high temperature lubricant (PFPE) used as sealings in e.g. plumbing applications and actuators in underfloor h eating",,,"PMVE",,,,"A.59","Polymeric PFAS: PTFE, FEP, VDF-HFP and P FPE, FKM, PMVE"
"Sealings and adhesives: PMVE) and high temperature lubricant (PFPE) used as sealings in e.g. plumbing applications and actuators in underfloor h eating",,,"PTFE",,,,"A.59","Polymeric PFAS: PTFE, FEP, VDF-HFP and P FPE, FKM, PMVE"
"Sealings and adhesives: Sealings in plumbing applications: Mixing formulations as liquid dispersion and powder","VDF-HFP and P FPE",,"FKM",,,,"A.59","Polymeric PFAS: PTFE, FEP, VDF-HFP and P FPE, FKM, PMVE"
"Sealings and adhesives: Sealings in plumbing applications: Mixing formulations as liquid dispersion and powder",,,"FEP",,,,"A.59","Polymeric PFAS: PTFE, FEP, VDF-HFP and P FPE, FKM, PMVE"
"Sealings and adhesives: Sealings in plumbing applications: Mixing formulations as liquid dispersion and powder",,,"PMVE",,,,"A.59","Polymeric PFAS: PTFE, FEP, VDF-HFP and P FPE, FKM, PMVE"
"Sealings and adhesives: Sealings in plumbing applications: Mixing formulations as liquid dispersion and powder",,,"PTFE",,,,"A.59","Polymeric PFAS: PTFE, FEP, VDF-HFP and P FPE, FKM, PMVE"
"Sealings and adhesives: VDF-HFP","VDF-HFP and P FPE",,"FKM",,,,"A.59","Polymeric PFAS: PTFE, FEP, VDF-HFP and P FPE, FKM, PMVE"
"Sealings and adhesives: VDF-HFP",,,"FEP",,,,"A.59","Polymeric PFAS: PTFE, FEP, VDF-HFP and P FPE, FKM, PMVE"
"Sealings and adhesives: VDF-HFP",,,"PMVE",,,,"A.59","Polymeric PFAS: PTFE, FEP, VDF-HFP and P FPE, FKM, PMVE"
"Sealings and adhesives: VDF-HFP",,,"PTFE",,,,"A.59","Polymeric PFAS: PTFE, FEP, VDF-HFP and P FPE, FKM, PMVE"
"Sealings and adhesives: adhesives","VDF-HFP and P FPE",,"FKM",,,,"A.59","Polymeric PFAS: PTFE, FEP, VDF-HFP and P FPE, FKM, PMVE"
"Sealings and adhesives: adhesives",,,"FEP",,,,"A.59","Polymeric PFAS: PTFE, FEP, VDF-HFP and P FPE, FKM, PMVE"
"Sealings and adhesives: adhesives",,,"PMVE",,,,"A.59","Polymeric PFAS: PTFE, FEP, VDF-HFP and P FPE, FKM, PMVE"
"Sealings and adhesives: adhesives",,,"PTFE",,,,"A.59","Polymeric PFAS: PTFE, FEP, VDF-HFP and P FPE, FKM, PMVE"
"Sealings and adhesives: fibers","VDF-HFP and P FPE",,"FKM",,,,"A.59","Polymeric PFAS: PTFE, FEP, VDF-HFP and P FPE, FKM, PMVE"
"Sealings and adhesives: fibers",,,"FEP",,,,"A.59","Polymeric PFAS: PTFE, FEP, VDF-HFP and P FPE, FKM, PMVE"
"Sealings and adhesives: fibers",,,"PMVE",,,,"A.59","Polymeric PFAS: PTFE, FEP, VDF-HFP and P FPE, FKM, PMVE"
"Sealings and adhesives: fibers",,,"PTFE",,,,"A.59","Polymeric PFAS: PTFE, FEP, VDF-HFP and P FPE, FKM, PMVE"
"Sealings and adhesives: gaskets","VDF-HFP and P FPE",,"FKM",,,,"A.59","Polymeric PFAS: PTFE, FEP, VDF-HFP and P FPE, FKM, PMVE"
"Sealings and adhesives: gaskets",,,"FEP",,,,"A.59","Polymeric PFAS: PTFE, FEP, VDF-HFP and P FPE, FKM, PMVE"
"Sealings and adhesives: gaskets",,,"PMVE",,,,"A.59","Polymeric PFAS: PTFE, FEP, VDF-HFP and P FPE, FKM, PMVE"
"Sealings and adhesives: gaskets",,,"PTFE",,,,"A.59","Polymeric PFAS: PTFE, FEP, VDF-HFP and P FPE, FKM, PMVE"
"Sealings and adhesives: struts (PTFE)","VDF-HFP and P FPE",,"FKM",,,,"A.59","Polymeric PFAS: PTFE, FEP, VDF-HFP and P FPE, FKM, PMVE"
"Sealings and adhesives: struts (PTFE)",,,"FEP",,,,"A.59","Polymeric PFAS: PTFE, FEP, VDF-HFP and P FPE, FKM, PMVE"
"Sealings and adhesives: struts (PTFE)",,,"PMVE",,,,"A.59","Polymeric PFAS: PTFE, FEP, VDF-HFP and P FPE, FKM, PMVE"
"Sealings and adhesives: struts (PTFE)",,,"PTFE",,,,"A.59","Polymeric PFAS: PTFE, FEP, VDF-HFP and P FPE, FKM, PMVE"
"Sealings and adhesives: yarn for braided packing","VDF-HFP and P FPE",,"FKM",,,,"A.59","Polymeric PFAS: PTFE, FEP, VDF-HFP and P FPE, FKM, PMVE"
"Sealings and adhesives: yarn for braided packing",,,"FEP",,,,"A.59","Polymeric PFAS: PTFE, FEP, VDF-HFP and P FPE, FKM, PMVE"
"Sealings and adhesives: yarn for braided packing",,,"PMVE",,,,"A.59","Polymeric PFAS: PTFE, FEP, VDF-HFP and P FPE, FKM, PMVE"
"Sealings and adhesives: yarn for braided packing",,,"PTFE",,,,"A.59","Polymeric PFAS: PTFE, FEP, VDF-HFP and P FPE, FKM, PMVE"
"Skidways: Skidways for constructions","Fluoropolymers such as PTFE",,,,,,"A.59","Polymeric PFAS: Fluoropolymers such as PTFE"
"Surface p rotection: Sealing of porous materials such as stone","Fluorosurfactant and acrylate-and urethane -based side-chain fluorinated polymers",,,,,,"A.59","Polymeric PFAS: PTFE Non-polymeric PFAS: Fluorosurfactant and acrylate-and urethane -based side-chain fluorinated polymers"
"Surface p rotection: Sealing of porous materials such as stone",,,"PTFE",,,,"A.59","Polymeric PFAS: PTFE Non-polymeric PFAS: Fluorosurfactant and acrylate-and urethane -based side-chain fluorinated polymers"
"Surface p rotection: Surface coatings for s olar panels 91","Silane/siloxane-based side-chain fluorinated polymers (non-polymeric precursors)",,,,,,"A.59","Polymeric PFAS: FEP Non-polymeric PFAS: Silane/siloxane-based side-chain fluorinated polymers (non-polymeric precursors)"
"Surface p rotection: Surface coatings for s olar panels 91",,,"FEP",,,,"A.59","Polymeric PFAS: FEP Non-polymeric PFAS: Silane/siloxane-based side-chain fluorinated polymers (non-polymeric precursors)"
"Surface p rotection: Surface treatments of both absorbing and non-absorbing surfaces (e.g. glass","Acrylate-",,,,,,"A.59","Polymeric PFAS: PTFE powder or wax. Non-polymeric PFAS: Acrylate-, urethane-and silane/siloxane based side-chain fluorinated polymers (non-polymeric precursors)"
"Surface p rotection: Surface treatments of both absorbing and non-absorbing surfaces (e.g. glass","PTFE powder or wax.",,,,,,"A.59","Polymeric PFAS: PTFE powder or wax. Non-polymeric PFAS: Acrylate-, urethane-and silane/siloxane based side-chain fluorinated polymers (non-polymeric precursors)"
"Surface p rotection: Surface treatments of both absorbing and non-absorbing surfaces (e.g. glass","urethane-and silane/siloxane based side-chain fluorinated polymers (non-polymeric precursors)",,,,,,"A.59","Polymeric PFAS: PTFE powder or wax. Non-polymeric PFAS: Acrylate-, urethane-and silane/siloxane based side-chain fluorinated polymers (non-polymeric precursors)"
"Surface p rotection: Surface-protective films/coatings for wind t urbine blades 90","Perfluorobutane sulphonamides",,,,,,"A.59","Polymeric PFAS: FEVE, ETFE Non-polymeric PFAS: Perfluorobutane sulphonamides"
"Surface p rotection: Surface-protective films/coatings for wind t urbine blades 90",,,"ETFE",,,,"A.59","Polymeric PFAS: FEVE, ETFE Non-polymeric PFAS: Perfluorobutane sulphonamides"
"Surface p rotection: Surface-protective films/coatings for wind t urbine blades 90",,,"FEVE",,,,"A.59","Polymeric PFAS: FEVE, ETFE Non-polymeric PFAS: Perfluorobutane sulphonamides"
"Surface p rotection: and concrete in e.g. kitchen and bathroom tilework","Fluorosurfactant and acrylate-and urethane -based side-chain fluorinated polymers",,,,,,"A.59","Polymeric PFAS: PTFE Non-polymeric PFAS: Fluorosurfactant and acrylate-and urethane -based side-chain fluorinated polymers"
"Surface p rotection: and concrete in e.g. kitchen and bathroom tilework",,,"PTFE",,,,"A.59","Polymeric PFAS: PTFE Non-polymeric PFAS: Fluorosurfactant and acrylate-and urethane -based side-chain fluorinated polymers"
"Surface p rotection: and parking garages.","Fluorosurfactant and acrylate-and urethane -based side-chain fluorinated polymers",,,,,,"A.59","Polymeric PFAS: PTFE Non-polymeric PFAS: Fluorosurfactant and acrylate-and urethane -based side-chain fluorinated polymers"
"Surface p rotection: and parking garages.",,,"PTFE",,,,"A.59","Polymeric PFAS: PTFE Non-polymeric PFAS: Fluorosurfactant and acrylate-and urethane -based side-chain fluorinated polymers"
"Surface p rotection: and stone","Fluorosurfactant and acrylate-and urethane -based side-chain fluorinated polymers",,,,,,"A.59","Polymeric PFAS: PTFE Non-polymeric PFAS: Fluorosurfactant and acrylate-and urethane -based side-chain fluorinated polymers"
"Surface p rotection: and stone",,,"PTFE",,,,"A.59","Polymeric PFAS: PTFE Non-polymeric PFAS: Fluorosurfactant and acrylate-and urethane -based side-chain fluorinated polymers"
"Surface p rotection: ceramics","Acrylate-",,,,,,"A.59","Polymeric PFAS: PTFE powder or wax. Non-polymeric PFAS: Acrylate-, urethane-and silane/siloxane based side-chain fluorinated polymers (non-polymeric precursors)"
"Surface p rotection: ceramics","PTFE powder or wax.",,,,,,"A.59","Polymeric PFAS: PTFE powder or wax. Non-polymeric PFAS: Acrylate-, urethane-and silane/siloxane based side-chain fluorinated polymers (non-polymeric precursors)"
"Surface p rotection: ceramics","urethane-and silane/siloxane based side-chain fluorinated polymers (non-polymeric precursors)",,,,,,"A.59","Polymeric PFAS: PTFE powder or wax. Non-polymeric PFAS: Acrylate-, urethane-and silane/siloxane based side-chain fluorinated polymers (non-polymeric precursors)"
"Surface p rotection: concrete and linoleum","Acrylate-",,,,,,"A.59","Polymeric PFAS: PTFE powder or wax. Non-polymeric PFAS: Acrylate-, urethane-and silane/siloxane based side-chain fluorinated polymers (non-polymeric precursors)"
"Surface p rotection: concrete and linoleum","PTFE powder or wax.",,,,,,"A.59","Polymeric PFAS: PTFE powder or wax. Non-polymeric PFAS: Acrylate-, urethane-and silane/siloxane based side-chain fluorinated polymers (non-polymeric precursors)"
"Surface p rotection: concrete and linoleum","urethane-and silane/siloxane based side-chain fluorinated polymers (non-polymeric precursors)",,,,,,"A.59","Polymeric PFAS: PTFE powder or wax. Non-polymeric PFAS: Acrylate-, urethane-and silane/siloxane based side-chain fluorinated polymers (non-polymeric precursors)"
"Surface p rotection: enamel","Acrylate-",,,,,,"A.59","Polymeric PFAS: PTFE powder or wax. Non-polymeric PFAS: Acrylate-, urethane-and silane/siloxane based side-chain fluorinated polymers (non-polymeric precursors)"
"Surface p rotection: enamel","PTFE powder or wax.",,,,,,"A.59","Polymeric PFAS: PTFE powder or wax. Non-polymeric PFAS: Acrylate-, urethane-and silane/siloxane based side-chain fluorinated polymers (non-polymeric precursors)"
"Surface p rotection: enamel","urethane-and silane/siloxane based side-chain fluorinated polymers (non-polymeric precursors)",,,,,,"A.59","Polymeric PFAS: PTFE powder or wax. Non-polymeric PFAS: Acrylate-, urethane-and silane/siloxane based side-chain fluorinated polymers (non-polymeric precursors)"
"Surface p rotection: foundations","Fluorosurfactant and acrylate-and urethane -based side-chain fluorinated polymers",,,,,,"A.59","Polymeric PFAS: PTFE Non-polymeric PFAS: Fluorosurfactant and acrylate-and urethane -based side-chain fluorinated polymers"
"Surface p rotection: foundations",,,"PTFE",,,,"A.59","Polymeric PFAS: PTFE Non-polymeric PFAS: Fluorosurfactant and acrylate-and urethane -based side-chain fluorinated polymers"
"Surface p rotection: grout","Fluorosurfactant and acrylate-and urethane -based side-chain fluorinated polymers",,,,,,"A.59","Polymeric PFAS: PTFE Non-polymeric PFAS: Fluorosurfactant and acrylate-and urethane -based side-chain fluorinated polymers"
"Surface p rotection: grout",,,"PTFE",,,,"A.59","Polymeric PFAS: PTFE Non-polymeric PFAS: Fluorosurfactant and acrylate-and urethane -based side-chain fluorinated polymers"
"Surface p rotection: laminated plastic floor","Acrylate-",,,,,,"A.59","Polymeric PFAS: PTFE powder or wax. Non-polymeric PFAS: Acrylate-, urethane-and silane/siloxane based side-chain fluorinated polymers (non-polymeric precursors)"
"Surface p rotection: laminated plastic floor","PTFE powder or wax.",,,,,,"A.59","Polymeric PFAS: PTFE powder or wax. Non-polymeric PFAS: Acrylate-, urethane-and silane/siloxane based side-chain fluorinated polymers (non-polymeric precursors)"
"Surface p rotection: laminated plastic floor","urethane-and silane/siloxane based side-chain fluorinated polymers (non-polymeric precursors)",,,,,,"A.59","Polymeric PFAS: PTFE powder or wax. Non-polymeric PFAS: Acrylate-, urethane-and silane/siloxane based side-chain fluorinated polymers (non-polymeric precursors)"
"Surface p rotection: metal","Acrylate-",,,,,,"A.59","Polymeric PFAS: PTFE powder or wax. Non-polymeric PFAS: Acrylate-, urethane-and silane/siloxane based side-chain fluorinated polymers (non-polymeric precursors)"
"Surface p rotection: metal","PTFE powder or wax.",,,,,,"A.59","Polymeric PFAS: PTFE powder or wax. Non-polymeric PFAS: Acrylate-, urethane-and silane/siloxane based side-chain fluorinated polymers (non-polymeric precursors)"
"Surface p rotection: metal","urethane-and silane/siloxane based side-chain fluorinated polymers (non-polymeric precursors)",,,,,,"A.59","Polymeric PFAS: PTFE powder or wax. Non-polymeric PFAS: Acrylate-, urethane-and silane/siloxane based side-chain fluorinated polymers (non-polymeric precursors)"
"Surface p rotection: roof sheeting). Often sol-gel method is used for creating (polymerisation of) a nanometer thin film on the surface. Including floor wax (the wetting agent) and surface protection for interior surfaces such as kitchen and table surfaces.","Acrylate-",,,,,,"A.59","Polymeric PFAS: PTFE powder or wax. Non-polymeric PFAS: Acrylate-, urethane-and silane/siloxane based side-chain fluorinated polymers (non-polymeric precursors)"
"Surface p rotection: roof sheeting). Often sol-gel method is used for creating (polymerisation of) a nanometer thin film on the surface. Including floor wax (the wetting agent) and surface protection for interior surfaces such as kitchen and table surfaces.","PTFE powder or wax.",,,,,,"A.59","Polymeric PFAS: PTFE powder or wax. Non-polymeric PFAS: Acrylate-, urethane-and silane/siloxane based side-chain fluorinated polymers (non-polymeric precursors)"
"Surface p rotection: roof sheeting). Often sol-gel method is used for creating (polymerisation of) a nanometer thin film on the surface. Including floor wax (the wetting agent) and surface protection for interior surfaces such as kitchen and table surfaces.","urethane-and silane/siloxane based side-chain fluorinated polymers (non-polymeric precursors)",,,,,,"A.59","Polymeric PFAS: PTFE powder or wax. Non-polymeric PFAS: Acrylate-, urethane-and silane/siloxane based side-chain fluorinated polymers (non-polymeric precursors)"
"Surface p rotection: staircases","Fluorosurfactant and acrylate-and urethane -based side-chain fluorinated polymers",,,,,,"A.59","Polymeric PFAS: PTFE Non-polymeric PFAS: Fluorosurfactant and acrylate-and urethane -based side-chain fluorinated polymers"
"Surface p rotection: staircases",,,"PTFE",,,,"A.59","Polymeric PFAS: PTFE Non-polymeric PFAS: Fluorosurfactant and acrylate-and urethane -based side-chain fluorinated polymers"
"Surface p rotection: stone","Acrylate-",,,,,,"A.59","Polymeric PFAS: PTFE powder or wax. Non-polymeric PFAS: Acrylate-, urethane-and silane/siloxane based side-chain fluorinated polymers (non-polymeric precursors)"
"Surface p rotection: stone","PTFE powder or wax.",,,,,,"A.59","Polymeric PFAS: PTFE powder or wax. Non-polymeric PFAS: Acrylate-, urethane-and silane/siloxane based side-chain fluorinated polymers (non-polymeric precursors)"
"Surface p rotection: stone","urethane-and silane/siloxane based side-chain fluorinated polymers (non-polymeric precursors)",,,,,,"A.59","Polymeric PFAS: PTFE powder or wax. Non-polymeric PFAS: Acrylate-, urethane-and silane/siloxane based side-chain fluorinated polymers (non-polymeric precursors)"
"Surface p rotection: tile or concrete flooring. Also used in exterior applications such as patios","Fluorosurfactant and acrylate-and urethane -based side-chain fluorinated polymers",,,,,,"A.59","Polymeric PFAS: PTFE Non-polymeric PFAS: Fluorosurfactant and acrylate-and urethane -based side-chain fluorinated polymers"
"Surface p rotection: tile or concrete flooring. Also used in exterior applications such as patios",,,"PTFE",,,,"A.59","Polymeric PFAS: PTFE Non-polymeric PFAS: Fluorosurfactant and acrylate-and urethane -based side-chain fluorinated polymers"
"Surface p rotection: unglazed tile","Fluorosurfactant and acrylate-and urethane -based side-chain fluorinated polymers",,,,,,"A.59","Polymeric PFAS: PTFE Non-polymeric PFAS: Fluorosurfactant and acrylate-and urethane -based side-chain fluorinated polymers"
"Surface p rotection: unglazed tile",,,"PTFE",,,,"A.59","Polymeric PFAS: PTFE Non-polymeric PFAS: Fluorosurfactant and acrylate-and urethane -based side-chain fluorinated polymers"
"Wires and cables: Cold storage facilities","Fluoropolymers such as FEP and PTFE",,,,,,"A.59","Polymeric PFAS: Fluoropolymers such as FEP and PTFE"
"Wires and cables: Electrical cable and wire insulation (in e.g. air conditioner units",,,"ETFE",,,,"A.59","PTFE, PCTFE, ETFE, FEP, PVDF"
"Wires and cables: Electrical cable and wire insulation (in e.g. air conditioner units",,,"FEP",,,,"A.59","PTFE, PCTFE, ETFE, FEP, PVDF"
"Wires and cables: Electrical cable and wire insulation (in e.g. air conditioner units",,,"PCTFE",,,,"A.59","PTFE, PCTFE, ETFE, FEP, PVDF"
"Wires and cables: Electrical cable and wire insulation (in e.g. air conditioner units",,,"PTFE",,,,"A.59","PTFE, PCTFE, ETFE, FEP, PVDF"
"Wires and cables: Electrical cable and wire insulation (in e.g. air conditioner units",,,"PVDF",,,,"A.59","PTFE, PCTFE, ETFE, FEP, PVDF"
"Wires and cables: Heating cables for use in concrete slabs (as part of heating system)",,,"FEP",,,,"A.59","Polymeric PFAS: FEP"
"Wires and cables: computers",,,"ETFE",,,,"A.59","PTFE, PCTFE, ETFE, FEP, PVDF"
"Wires and cables: computers",,,"FEP",,,,"A.59","PTFE, PCTFE, ETFE, FEP, PVDF"
"Wires and cables: computers",,,"PCTFE",,,,"A.59","PTFE, PCTFE, ETFE, FEP, PVDF"
"Wires and cables: computers",,,"PTFE",,,,"A.59","PTFE, PCTFE, ETFE, FEP, PVDF"
"Wires and cables: computers",,,"PVDF",,,,"A.59","PTFE, PCTFE, ETFE, FEP, PVDF"
"Wires and cables: direct and storage heating as well as snow melting and frost protection of roofs",,,"FEP",,,,"A.59","Polymeric PFAS: FEP"
"Wires and cables: electric heating systems connected to renewable energy source","Fluoropolymers such as FEP and PTFE",,,,,,"A.59","Polymeric PFAS: Fluoropolymers such as FEP and PTFE"
"Wires and cables: gasket hoses",,,"ETFE",,,,"A.59","PTFE, PCTFE, ETFE, FEP, PVDF"
"Wires and cables: gasket hoses",,,"FEP",,,,"A.59","PTFE, PCTFE, ETFE, FEP, PVDF"
"Wires and cables: gasket hoses",,,"PCTFE",,,,"A.59","PTFE, PCTFE, ETFE, FEP, PVDF"
"Wires and cables: gasket hoses",,,"PTFE",,,,"A.59","PTFE, PCTFE, ETFE, FEP, PVDF"
"Wires and cables: gasket hoses",,,"PVDF",,,,"A.59","PTFE, PCTFE, ETFE, FEP, PVDF"
"Wires and cables: gutters",,,"FEP",,,,"A.59","Polymeric PFAS: FEP"
"Wires and cables: impregnated plastic or a fiberglass-based tapes for electrical applications (e.g. to wrap bundles of wires)",,,"ETFE",,,,"A.59","PTFE, PCTFE, ETFE, FEP, PVDF"
"Wires and cables: impregnated plastic or a fiberglass-based tapes for electrical applications (e.g. to wrap bundles of wires)",,,"FEP",,,,"A.59","PTFE, PCTFE, ETFE, FEP, PVDF"
"Wires and cables: impregnated plastic or a fiberglass-based tapes for electrical applications (e.g. to wrap bundles of wires)",,,"PCTFE",,,,"A.59","PTFE, PCTFE, ETFE, FEP, PVDF"
"Wires and cables: impregnated plastic or a fiberglass-based tapes for electrical applications (e.g. to wrap bundles of wires)",,,"PTFE",,,,"A.59","PTFE, PCTFE, ETFE, FEP, PVDF"
"Wires and cables: impregnated plastic or a fiberglass-based tapes for electrical applications (e.g. to wrap bundles of wires)",,,"PVDF",,,,"A.59","PTFE, PCTFE, ETFE, FEP, PVDF"
"Wires and cables: light fixtures and heated flooring)75",,,"ETFE",,,,"A.59","PTFE, PCTFE, ETFE, FEP, PVDF"
"Wires and cables: light fixtures and heated flooring)75",,,"FEP",,,,"A.59","PTFE, PCTFE, ETFE, FEP, PVDF"
"Wires and cables: light fixtures and heated flooring)75",,,"PCTFE",,,,"A.59","PTFE, PCTFE, ETFE, FEP, PVDF"
"Wires and cables: light fixtures and heated flooring)75",,,"PTFE",,,,"A.59","PTFE, PCTFE, ETFE, FEP, PVDF"
"Wires and cables: light fixtures and heated flooring)75",,,"PVDF",,,,"A.59","PTFE, PCTFE, ETFE, FEP, PVDF"
"Wires and cables: pipes etc. PFAS specifically located in the wire insulation / cable jacketing",,,"FEP",,,,"A.59","Polymeric PFAS: FEP"
"Wood sector: Resin/adhesive for particleboard/chipboard/ low-density fiberboard","fluorosurfactants",,,,,,"A.59","Non-polymeric PFAS: fluorosurfactants"
"Wood sector: Wetting agent and sealers in coatings/paints/ varnishes/lacquers for wood substrate","Fluorosurfactants and acrylate-",,,,,,"A.59","Non-polymeric PFAS: Fluorosurfactants and acrylate-, urethane-and siloxane-based side-chain fluorinated polymers (non-polymeric precursors)"
"Wood sector: Wetting agent and sealers in coatings/paints/ varnishes/lacquers for wood substrate","urethane-and siloxane-based side-chain fluorinated polymers (non-polymeric precursors)",,,,,,"A.59","Non-polymeric PFAS: Fluorosurfactants and acrylate-, urethane-and siloxane-based side-chain fluorinated polymers (non-polymeric precursors)"
"c.f. section A.3.13.","Fluorosurfactant and acrylate-",,,,,,"A.59","Polymeric PFAS: PTFE Non-polymeric PFAS: Fluorosurfactant and acrylate-, urethane-and siloxane-based side-chain fluorinated polymers (non-polymeric Precursors)"
"c.f. section A.3.13.","urethane-and siloxane-based side-chain fluorinated polymers (non-polymeric Precursors)",,,,,,"A.59","Polymeric PFAS: PTFE Non-polymeric PFAS: Fluorosurfactant and acrylate-, urethane-and siloxane-based side-chain fluorinated polymers (non-polymeric Precursors)"
"c.f. section A.3.13.",,,"PTFE",,,,"A.59","Polymeric PFAS: PTFE Non-polymeric PFAS: Fluorosurfactant and acrylate-, urethane-and siloxane-based side-chain fluorinated polymers (non-polymeric Precursors)"
"c.f.: Adhesives for e.g. tiles","FFKM and FVMQ",,,,,,"A.59","Polymeric PFAS: Fluoroelastomers such as FKM, FEPM, FFKM and FVMQ Non-polymeric PFAS: fluorosurfactants"
"c.f.: Adhesives for e.g. tiles","Fluoroelastomers such as FKM",,"FEPM",,,,"A.59","Polymeric PFAS: Fluoroelastomers such as FKM, FEPM, FFKM and FVMQ Non-polymeric PFAS: fluorosurfactants"
"c.f.: Adhesives for e.g. tiles","fluorosurfactants",,,,,,"A.59","Polymeric PFAS: Fluoroelastomers such as FKM, FEPM, FFKM and FVMQ Non-polymeric PFAS: fluorosurfactants"
"c.f.: If the coil-coated article is used in construction","Silane/siloxane-based side-chain fluorinated polymers (non-polymeric precursors)",,,,,,"A.59","Polymeric PFAS: PTFE, FEP, PVDF, FEVE, FKM Non-polymeric PFAS:Silane/siloxane-based side-chain fluorinated polymers (non-polymeric precursors)"
"c.f.: If the coil-coated article is used in construction",,,"FEP",,,,"A.59","Polymeric PFAS: PTFE, FEP, PVDF, FEVE, FKM Non-polymeric PFAS:Silane/siloxane-based side-chain fluorinated polymers (non-polymeric precursors)"
"c.f.: If the coil-coated article is used in construction",,,"FEVE",,,,"A.59","Polymeric PFAS: PTFE, FEP, PVDF, FEVE, FKM Non-polymeric PFAS:Silane/siloxane-based side-chain fluorinated polymers (non-polymeric precursors)"
"c.f.: If the coil-coated article is used in construction",,,"FKM",,,,"A.59","Polymeric PFAS: PTFE, FEP, PVDF, FEVE, FKM Non-polymeric PFAS:Silane/siloxane-based side-chain fluorinated polymers (non-polymeric precursors)"
"c.f.: If the coil-coated article is used in construction",,,"PTFE",,,,"A.59","Polymeric PFAS: PTFE, FEP, PVDF, FEVE, FKM Non-polymeric PFAS:Silane/siloxane-based side-chain fluorinated polymers (non-polymeric precursors)"
"c.f.: If the coil-coated article is used in construction",,,"PVDF",,,,"A.59","Polymeric PFAS: PTFE, FEP, PVDF, FEVE, FKM Non-polymeric PFAS:Silane/siloxane-based side-chain fluorinated polymers (non-polymeric precursors)"
"c.f.: Threshold seal (metal and rubber) for sliding ability of automatic doors","PTFE added to polyamid",,,,,,"A.59","Polymeric PFAS: PTFE added to polyamid"
"c.f.: ceiling","FFKM and FVMQ",,,,,,"A.59","Polymeric PFAS: Fluoroelastomers such as FKM, FEPM, FFKM and FVMQ Non-polymeric PFAS: fluorosurfactants"
"c.f.: ceiling","Fluoroelastomers such as FKM",,"FEPM",,,,"A.59","Polymeric PFAS: Fluoroelastomers such as FKM, FEPM, FFKM and FVMQ Non-polymeric PFAS: fluorosurfactants"
"c.f.: ceiling","fluorosurfactants",,,,,,"A.59","Polymeric PFAS: Fluoroelastomers such as FKM, FEPM, FFKM and FVMQ Non-polymeric PFAS: fluorosurfactants"
"c.f.: creating a water-proof seal in building facings","FFKM and FVMQ",,,,,,"A.59","Polymeric PFAS: Fluoroelastomers such as FKM, FEPM, FFKM and FVMQ Non-polymeric PFAS: fluorosurfactants"
"c.f.: creating a water-proof seal in building facings","Fluoroelastomers such as FKM",,"FEPM",,,,"A.59","Polymeric PFAS: Fluoroelastomers such as FKM, FEPM, FFKM and FVMQ Non-polymeric PFAS: fluorosurfactants"
"c.f.: creating a water-proof seal in building facings","fluorosurfactants",,,,,,"A.59","Polymeric PFAS: Fluoroelastomers such as FKM, FEPM, FFKM and FVMQ Non-polymeric PFAS: fluorosurfactants"
"c.f.: drywall","FFKM and FVMQ",,,,,,"A.59","Polymeric PFAS: Fluoroelastomers such as FKM, FEPM, FFKM and FVMQ Non-polymeric PFAS: fluorosurfactants"
"c.f.: drywall","Fluoroelastomers such as FKM",,"FEPM",,,,"A.59","Polymeric PFAS: Fluoroelastomers such as FKM, FEPM, FFKM and FVMQ Non-polymeric PFAS: fluorosurfactants"
"c.f.: drywall","fluorosurfactants",,,,,,"A.59","Polymeric PFAS: Fluoroelastomers such as FKM, FEPM, FFKM and FVMQ Non-polymeric PFAS: fluorosurfactants"
"c.f.: elevators and furniture","FFKM and FVMQ",,,,,,"A.59","Polymeric PFAS: Fluoroelastomers such as FKM, FEPM, FFKM and FVMQ Non-polymeric PFAS: fluorosurfactants"
"c.f.: elevators and furniture","Fluoroelastomers such as FKM",,"FEPM",,,,"A.59","Polymeric PFAS: Fluoroelastomers such as FKM, FEPM, FFKM and FVMQ Non-polymeric PFAS: fluorosurfactants"
"c.f.: elevators and furniture","fluorosurfactants",,,,,,"A.59","Polymeric PFAS: Fluoroelastomers such as FKM, FEPM, FFKM and FVMQ Non-polymeric PFAS: fluorosurfactants"
"c.f.: flooring","FFKM and FVMQ",,,,,,"A.59","Polymeric PFAS: Fluoroelastomers such as FKM, FEPM, FFKM and FVMQ Non-polymeric PFAS: fluorosurfactants"
"c.f.: flooring","Fluoroelastomers such as FKM",,"FEPM",,,,"A.59","Polymeric PFAS: Fluoroelastomers such as FKM, FEPM, FFKM and FVMQ Non-polymeric PFAS: fluorosurfactants"
"c.f.: flooring","fluorosurfactants",,,,,,"A.59","Polymeric PFAS: Fluoroelastomers such as FKM, FEPM, FFKM and FVMQ Non-polymeric PFAS: fluorosurfactants"
"c.f.: it is assessed in the","Silane/siloxane-based side-chain fluorinated polymers (non-polymeric precursors)",,,,,,"A.59","Polymeric PFAS: PTFE, FEP, PVDF, FEVE, FKM Non-polymeric PFAS:Silane/siloxane-based side-chain fluorinated polymers (non-polymeric precursors)"
"c.f.: it is assessed in the",,,"FEP",,,,"A.59","Polymeric PFAS: PTFE, FEP, PVDF, FEVE, FKM Non-polymeric PFAS:Silane/siloxane-based side-chain fluorinated polymers (non-polymeric precursors)"
"c.f.: it is assessed in the",,,"FEVE",,,,"A.59","Polymeric PFAS: PTFE, FEP, PVDF, FEVE, FKM Non-polymeric PFAS:Silane/siloxane-based side-chain fluorinated polymers (non-polymeric precursors)"
"c.f.: it is assessed in the",,,"FKM",,,,"A.59","Polymeric PFAS: PTFE, FEP, PVDF, FEVE, FKM Non-polymeric PFAS:Silane/siloxane-based side-chain fluorinated polymers (non-polymeric precursors)"
"c.f.: it is assessed in the",,,"PTFE",,,,"A.59","Polymeric PFAS: PTFE, FEP, PVDF, FEVE, FKM Non-polymeric PFAS:Silane/siloxane-based side-chain fluorinated polymers (non-polymeric precursors)"
"c.f.: it is assessed in the",,,"PVDF",,,,"A.59","Polymeric PFAS: PTFE, FEP, PVDF, FEVE, FKM Non-polymeric PFAS:Silane/siloxane-based side-chain fluorinated polymers (non-polymeric precursors)"
"c.f.: wood-related materials and molded structures. Tapes for structural glazing are also included as well as caulks to fill gaps and crevices","FFKM and FVMQ",,,,,,"A.59","Polymeric PFAS: Fluoroelastomers such as FKM, FEPM, FFKM and FVMQ Non-polymeric PFAS: fluorosurfactants"
"c.f.: wood-related materials and molded structures. Tapes for structural glazing are also included as well as caulks to fill gaps and crevices","Fluoroelastomers such as FKM",,"FEPM",,,,"A.59","Polymeric PFAS: Fluoroelastomers such as FKM, FEPM, FFKM and FVMQ Non-polymeric PFAS: fluorosurfactants"
"c.f.: wood-related materials and molded structures. Tapes for structural glazing are also included as well as caulks to fill gaps and crevices","fluorosurfactants",,,,,,"A.59","Polymeric PFAS: Fluoroelastomers such as FKM, FEPM, FFKM and FVMQ Non-polymeric PFAS: fluorosurfactants"
"membranes films and foils: Films/Foils for greenhouses (assessed in this sector)","HCFO-1233zd72",,,,,,"A.59","Polymeric PFAS: PTFE, ETFE, FEP, PVDF Non-polymeric PFAS: PBSF Fluorinated gases: HCFO-1233zd72"
"membranes films and foils: Films/Foils for greenhouses (assessed in this sector)",,,"ETFE",,,,"A.59","Polymeric PFAS: PTFE, ETFE, FEP, PVDF Non-polymeric PFAS: PBSF Fluorinated gases: HCFO-1233zd72"
"membranes films and foils: Films/Foils for greenhouses (assessed in this sector)",,,"FEP",,,,"A.59","Polymeric PFAS: PTFE, ETFE, FEP, PVDF Non-polymeric PFAS: PBSF Fluorinated gases: HCFO-1233zd72"
"membranes films and foils: Films/Foils for greenhouses (assessed in this sector)",,,"PBSF",,,,"A.59","Polymeric PFAS: PTFE, ETFE, FEP, PVDF Non-polymeric PFAS: PBSF Fluorinated gases: HCFO-1233zd72"
"membranes films and foils: Films/Foils for greenhouses (assessed in this sector)",,,"PTFE",,,,"A.59","Polymeric PFAS: PTFE, ETFE, FEP, PVDF Non-polymeric PFAS: PBSF Fluorinated gases: HCFO-1233zd72"
"membranes films and foils: Films/Foils for greenhouses (assessed in this sector)",,,"PVDF",,,,"A.59","Polymeric PFAS: PTFE, ETFE, FEP, PVDF Non-polymeric PFAS: PBSF Fluorinated gases: HCFO-1233zd72"
"membranes films and foils: PVC-coated polyester fabric with PVDF or THV lacquer",,,"PTFE",,,,"A.59","Polymeric PFAS: PTFE, PVDF"
"membranes films and foils: PVC-coated polyester fabric with PVDF or THV lacquer",,,"PVDF",,,,"A.59","Polymeric PFAS: PTFE, PVDF"
"membranes films and foils: PVDF-covered mesh fabric and fiberglass coatings for various end-uses",,,"PTFE",,,,"A.59","Polymeric PFAS: PTFE, PVDF"
"membranes films and foils: PVDF-covered mesh fabric and fiberglass coatings for various end-uses",,,"PVDF",,,,"A.59","Polymeric PFAS: PTFE, PVDF"
"membranes films and foils: Weatherproofing membranes made of materials such as synthetic rubber","Fluoropolymers",,,,,,"A.59","Polymeric PFAS: Fluoropolymers"
"membranes films and foils: architectural membranes70 including fluoropolymer films and fluoropolymer coated/laminated fabrics or fiber glass in e.g. stadium roofs","HCFO-1233zd72",,,,,,"A.59","Polymeric PFAS: PTFE, ETFE, FEP, PVDF Non-polymeric PFAS: PBSF Fluorinated gases: HCFO-1233zd72"
"membranes films and foils: architectural membranes70 including fluoropolymer films and fluoropolymer coated/laminated fabrics or fiber glass in e.g. stadium roofs",,,"ETFE",,,,"A.59","Polymeric PFAS: PTFE, ETFE, FEP, PVDF Non-polymeric PFAS: PBSF Fluorinated gases: HCFO-1233zd72"
"membranes films and foils: architectural membranes70 including fluoropolymer films and fluoropolymer coated/laminated fabrics or fiber glass in e.g. stadium roofs",,,"FEP",,,,"A.59","Polymeric PFAS: PTFE, ETFE, FEP, PVDF Non-polymeric PFAS: PBSF Fluorinated gases: HCFO-1233zd72"
"membranes films and foils: architectural membranes70 including fluoropolymer films and fluoropolymer coated/laminated fabrics or fiber glass in e.g. stadium roofs",,,"PBSF",,,,"A.59","Polymeric PFAS: PTFE, ETFE, FEP, PVDF Non-polymeric PFAS: PBSF Fluorinated gases: HCFO-1233zd72"
"membranes films and foils: architectural membranes70 including fluoropolymer films and fluoropolymer coated/laminated fabrics or fiber glass in e.g. stadium roofs",,,"PTFE",,,,"A.59","Polymeric PFAS: PTFE, ETFE, FEP, PVDF Non-polymeric PFAS: PBSF Fluorinated gases: HCFO-1233zd72"
"membranes films and foils: architectural membranes70 including fluoropolymer films and fluoropolymer coated/laminated fabrics or fiber glass in e.g. stadium roofs",,,"PVDF",,,,"A.59","Polymeric PFAS: PTFE, ETFE, FEP, PVDF Non-polymeric PFAS: PBSF Fluorinated gases: HCFO-1233zd72"
"membranes films and foils: coated with a fluoropolymer layer. Used for e.g. vapour barriers in façades and roofs","Fluoropolymers",,,,,,"A.59","Polymeric PFAS: Fluoropolymers"
"membranes films and foils: flexible solar panels","HCFO-1233zd72",,,,,,"A.59","Polymeric PFAS: PTFE, ETFE, FEP, PVDF Non-polymeric PFAS: PBSF Fluorinated gases: HCFO-1233zd72"
"membranes films and foils: flexible solar panels",,,"ETFE",,,,"A.59","Polymeric PFAS: PTFE, ETFE, FEP, PVDF Non-polymeric PFAS: PBSF Fluorinated gases: HCFO-1233zd72"
"membranes films and foils: flexible solar panels",,,"FEP",,,,"A.59","Polymeric PFAS: PTFE, ETFE, FEP, PVDF Non-polymeric PFAS: PBSF Fluorinated gases: HCFO-1233zd72"
"membranes films and foils: flexible solar panels",,,"PBSF",,,,"A.59","Polymeric PFAS: PTFE, ETFE, FEP, PVDF Non-polymeric PFAS: PBSF Fluorinated gases: HCFO-1233zd72"
"membranes films and foils: flexible solar panels",,,"PTFE",,,,"A.59","Polymeric PFAS: PTFE, ETFE, FEP, PVDF Non-polymeric PFAS: PBSF Fluorinated gases: HCFO-1233zd72"
"membranes films and foils: flexible solar panels",,,"PVDF",,,,"A.59","Polymeric PFAS: PTFE, ETFE, FEP, PVDF Non-polymeric PFAS: PBSF Fluorinated gases: HCFO-1233zd72"
"membranes films and foils: polyolefin or other heavy-duty thermoplastics","Fluoropolymers",,,,,,"A.59","Polymeric PFAS: Fluoropolymers"
"membranes films and foils: polyvinyl chloride (PVC)","Fluoropolymers",,,,,,"A.59","Polymeric PFAS: Fluoropolymers"
"metal products: If the coil-coated article is used in construction","Silane/siloxane-based side-chain fluorinated polymers (non-polymeric precursors)",,,,,,"A.59","Polymeric PFAS: PTFE, FEP, PVDF, FEVE, FKM Non-polymeric PFAS:Silane/siloxane-based side-chain fluorinated polymers (non-polymeric precursors)"
"metal products: If the coil-coated article is used in construction",,,"FEP",,,,"A.59","Polymeric PFAS: PTFE, FEP, PVDF, FEVE, FKM Non-polymeric PFAS:Silane/siloxane-based side-chain fluorinated polymers (non-polymeric precursors)"
"metal products: If the coil-coated article is used in construction",,,"FEVE",,,,"A.59","Polymeric PFAS: PTFE, FEP, PVDF, FEVE, FKM Non-polymeric PFAS:Silane/siloxane-based side-chain fluorinated polymers (non-polymeric precursors)"
"metal products: If the coil-coated article is used in construction",,,"FKM",,,,"A.59","Polymeric PFAS: PTFE, FEP, PVDF, FEVE, FKM Non-polymeric PFAS:Silane/siloxane-based side-chain fluorinated polymers (non-polymeric precursors)"
"metal products: If the coil-coated article is used in construction",,,"PTFE",,,,"A.59","Polymeric PFAS: PTFE, FEP, PVDF, FEVE, FKM Non-polymeric PFAS:Silane/siloxane-based side-chain fluorinated polymers (non-polymeric precursors)"
"metal products: If the coil-coated article is used in construction",,,"PVDF",,,,"A.59","Polymeric PFAS: PTFE, FEP, PVDF, FEVE, FKM Non-polymeric PFAS:Silane/siloxane-based side-chain fluorinated polymers (non-polymeric precursors)"
"metal products: it is assessed in the","Silane/siloxane-based side-chain fluorinated polymers (non-polymeric precursors)",,,,,,"A.59","Polymeric PFAS: PTFE, FEP, PVDF, FEVE, FKM Non-polymeric PFAS:Silane/siloxane-based side-chain fluorinated polymers (non-polymeric precursors)"
"metal products: it is assessed in the",,,"FEP",,,,"A.59","Polymeric PFAS: PTFE, FEP, PVDF, FEVE, FKM Non-polymeric PFAS:Silane/siloxane-based side-chain fluorinated polymers (non-polymeric precursors)"
"metal products: it is assessed in the",,,"FEVE",,,,"A.59","Polymeric PFAS: PTFE, FEP, PVDF, FEVE, FKM Non-polymeric PFAS:Silane/siloxane-based side-chain fluorinated polymers (non-polymeric precursors)"
"metal products: it is assessed in the",,,"FKM",,,,"A.59","Polymeric PFAS: PTFE, FEP, PVDF, FEVE, FKM Non-polymeric PFAS:Silane/siloxane-based side-chain fluorinated polymers (non-polymeric precursors)"
"metal products: it is assessed in the",,,"PTFE",,,,"A.59","Polymeric PFAS: PTFE, FEP, PVDF, FEVE, FKM Non-polymeric PFAS:Silane/siloxane-based side-chain fluorinated polymers (non-polymeric precursors)"
"metal products: it is assessed in the",,,"PVDF",,,,"A.59","Polymeric PFAS: PTFE, FEP, PVDF, FEVE, FKM Non-polymeric PFAS:Silane/siloxane-based side-chain fluorinated polymers (non-polymeric precursors)"
"Aerospace99 and aviation / Actuators of jet engines, and landing gears",,,"PTFE",,,,"A.62","Polymeric PFAS: PTFE"
"Aerospace99 and aviation / Bearings and measurement equipment fit for e.g. extreme pressure conditions",,,"PTFE",,,,"A.62","Polymeric PFAS: PTFE"
"Aerospace99 and aviation / Bearings of antenna arrays and bearings that permit extension of the paddle arms supporting solar cells on spacecrafts",,,"PFPE",,,,"A.62","Polymeric PFAS: PFPE (oil)"
"Aerospace99 and aviation / Engine starter spline shafts, hydraulic pumps splines and fuel pump splines in aircraft engines.",,,"PFPE",,,,"A.62","Polymeric PFAS: PFPE (grease)"
"Aerospace99 and aviation / Hydraulic oil and heat transfer fluids for aircrafts",,,"PCTFE",,,,"A.62","Polymeric PFAS: PCTFE (oil)"
"Aerospace99 and aviation / Moving parts of astronauts' pressure suits",,,"PFPE",,,,"A.62","Polymeric PFAS: PFPE (oil)"
"Aerospace99 and aviation / O-ring lubrication in spacecrafts",,,"PFPE",,,,"A.62","Polymeric PFAS: PFPE (oil and grease)"
"Aerospace99 and aviation / Oxygen systems in space and aviation applications",,,"PCTFE",,,,"A.62","Polymeric PFAS: PFPE (oil) PCTFE"
"Aerospace99 and aviation / Oxygen systems in space and aviation applications",,,"PFPE",,,,"A.62","Polymeric PFAS: PFPE (oil) PCTFE"
"Aerospace99 and aviation / Slide wire of potentiometers in spacecrafts",,,"PFPE",,,,"A.62","Polymeric PFAS: PFPE (oil)"
"Automotive / Anti-foam agent (EV lubricants) for electric engines","Other types of fluoropolymer (siloxane-based)",,,,,,"A.62","Polymeric PFAS: Unspecified assumed fluoropolymers Other types of fluoropolymer (siloxane-based)"
"Automotive / Automotive Electrical Components and Auxiliary Components",,,"PFPE",,,,"A.62","Polymeric PFAS: PTFE PFPE"
"Automotive / Automotive Electrical Components and Auxiliary Components",,,"PTFE",,,,"A.62","Polymeric PFAS: PTFE PFPE"
"Automotive / Bearings and gaskets of piston compressors",,,"FEP",,,,"A.62","Polymeric PFAS: PTFE Unspecified fluoropolymers assumed PTFE FEP PFPE"
"Automotive / Bearings and gaskets of piston compressors",,,"PFPE",,,,"A.62","Polymeric PFAS: PTFE Unspecified fluoropolymers assumed PTFE FEP PFPE"
"Automotive / Bearings and gaskets of piston compressors",,,"PTFE",,,,"A.62","Polymeric PFAS: PTFE Unspecified fluoropolymers assumed PTFE FEP PFPE"
"Automotive / Clutch and brake system",,,"FEP",,,,"A.62","Polymeric PFAS: PTFE Unspecified fluoropolymers assumed PTFE FEP PFPE"
"Automotive / Clutch and brake system",,,"PFPE",,,,"A.62","Polymeric PFAS: PTFE Unspecified fluoropolymers assumed PTFE FEP PFPE"
"Automotive / Clutch and brake system",,,"PTFE",,,,"A.62","Polymeric PFAS: PTFE Unspecified fluoropolymers assumed PTFE FEP PFPE"
"Automotive / ESP systems in cars to measure turning speed of the wheels and many other applications.",,,"PTFE",,,,"A.62","Polymeric PFAS: PTFE"
"Automotive / Low-friction coating of high strength fasteners such as bolts, nuts, washers, clips and more in the chassis and wheel system",,,"FEP",,,,"A.62","Polymeric PFAS: PTFE Unspecified fluoropolymers assumed PTFE FEP PFPE"
"Automotive / Low-friction coating of high strength fasteners such as bolts, nuts, washers, clips and more in the chassis and wheel system",,,"PFPE",,,,"A.62","Polymeric PFAS: PTFE Unspecified fluoropolymers assumed PTFE FEP PFPE"
"Automotive / Low-friction coating of high strength fasteners such as bolts, nuts, washers, clips and more in the chassis and wheel system",,,"PTFE",,,,"A.62","Polymeric PFAS: PTFE Unspecified fluoropolymers assumed PTFE FEP PFPE"
"Automotive / Safety belt/car seatbelt systems, door hinges, mechanism of sliding of doors and windows.",,,"PTFE",,,,"A.62","Polymeric PFAS: PTFE"
"Automotive / Throttle sensors",,,"PTFE",,,,"A.62","Polymeric PFAS: PTFE"
"Automotive / Window wiper motors, electronic waste gate actuators, O-rings in fuel connectors (combustion engines), intake manifolds shaft and seals, Exhaust Gas Recirculation (EGR) valves, overrun clutches, alternator bearings and water pumps.",,,"PFPE",,,,"A.62","Polymeric PFAS: PFPE"
"Chemical industry / Bursting discs and gaskets for heat exchangers, synthesis units and reactors",,,"PFPE",,,,"A.62","Polymeric PFAS: PFPE"
"Chemical industry / Chlorine (and bromine) industry: Vacuum pump oils, compressor oil, valve and plug cock grease, lubrication for chlorine vaporiser, valve stem lubricant, assembly and repair of chlorine cylinder valves, tank car maintenance (valves), thread lubricant",,,"PCTFE",,,,"A.62","Polymeric PFAS: PCTFE (oils and greases)"
"Chemical industry / Fluorination process for blow-moulding polyethylene bottles and gasoline tanks",,,"PCTFE",,,,"A.62","Polymeric PFAS: PCTFE (oils and greases)"
"Chemical industry / Machinery for production of oxidising chemicals",,,"PTFE",,,,"A.62","Polymeric PFAS: PTFE"
"Chemical industry / Sulphur trioxide spill control mixture",,,"PCTFE",,,,"A.62","Polymeric PFAS: PCTFE (oils and greases)"
"Consumer use:",,,"PFPE",,,,"A.62","Polymeric PFAS: PTFE PFPE"
"Consumer use:",,,"PTFE",,,,"A.62","Polymeric PFAS: PTFE PFPE"
"DIY maintenance / Bikes (bike chains)*",,,"PTFE",,,,"A.62","Polymeric PFAS: PTFE"
"DIY maintenance / Waterproof zippers*",,,"PTFE",,,,"A.62","Polymeric PFAS: PTFE"
"Diving equipment / Diving Equipment with O contact 2",,,"PTFE",,,,"A.62","Polymeric PFAS: PTFE"
"Diving equipment / Misc. driving gear",,,"PCTFE",,,,"A.62","Polymeric PFAS: PCTFE (oil and grease) PFPE"
"Diving equipment / Misc. driving gear",,,"PFPE",,,,"A.62","Polymeric PFAS: PCTFE (oil and grease) PFPE"
"Electronics / Coating of media products for data storing, sound and video such as hard disk drives (HDD) and flash products.",,,"PFPE",,,,"A.62","Polymeric PFAS: PFPE PTFE Unspecified PFAS assumed fluoropolymers"
"Electronics / Coating of media products for data storing, sound and video such as hard disk drives (HDD) and flash products.",,,"PTFE",,,,"A.62","Polymeric PFAS: PFPE PTFE Unspecified PFAS assumed fluoropolymers"
"Electronics / Emergency smoke ventilation fans in e.g. tunnels",,,"PFPE",,,,"A.62","Polymeric PFAS: PFPE (grease)"
"Electronics / Lubricant of electrical contacts found in e.g. electronic circuit breakers",,,"PFPE",,,,"A.62","Polymeric PFAS: PFPE PTFE"
"Electronics / Lubricant of electrical contacts found in e.g. electronic circuit breakers",,,"PTFE",,,,"A.62","Polymeric PFAS: PFPE PTFE"
"Electronics / Other magnetic recording media such as magnetic tape *Note: Solvents for cleaning in manufacturing of electronics such as media products c.f. section A.3.12","Side-chain fluorinated polymer (not further specified)",,,,,,"A.62","Polymeric PFAS: PFPE PFPE Unspecified PFAS assumed fluoropolymers Non-polymeric: Side-chain fluorinated polymer (not further specified) Fluorinated gases: Solvents (not further specified)*"
"Electronics / Other magnetic recording media such as magnetic tape *Note: Solvents for cleaning in manufacturing of electronics such as media products c.f. section A.3.12","Solvents (not further specified) [fluorinated gas]",,,,,,"A.62","Polymeric PFAS: PFPE PFPE Unspecified PFAS assumed fluoropolymers Non-polymeric: Side-chain fluorinated polymer (not further specified) Fluorinated gases: Solvents (not further specified)*"
"Electronics / Other magnetic recording media such as magnetic tape *Note: Solvents for cleaning in manufacturing of electronics such as media products c.f. section A.3.12",,,"PFPE",,,,"A.62","Polymeric PFAS: PFPE PFPE Unspecified PFAS assumed fluoropolymers Non-polymeric: Side-chain fluorinated polymer (not further specified) Fluorinated gases: Solvents (not further specified)*"
"Electronics / Semiconductor manufacturing: Wafer handling mechanisms, vacuum grease, linear guides of multibeam inspection stage, source mirror",,,"PCTFE",,,,"A.62","Polymeric PFAS: PTFE PFPE PCTFE"
"Electronics / Semiconductor manufacturing: Wafer handling mechanisms, vacuum grease, linear guides of multibeam inspection stage, source mirror",,,"PFPE",,,,"A.62","Polymeric PFAS: PTFE PFPE PCTFE"
"Electronics / Semiconductor manufacturing: Wafer handling mechanisms, vacuum grease, linear guides of multibeam inspection stage, source mirror",,,"PTFE",,,,"A.62","Polymeric PFAS: PTFE PFPE PCTFE"
"Electronics / Sliding contacts in electric switch and for pushbuttons",,,"PFPE",,,,"A.62","Polymeric PFAS: PFPE (grease)"
"Electronics / Vacuum pump oil for e.g. equipment used to plasma-desmear multilayer printed circuit boards (PCB) and for plasma clean electronics",,,"PCTFE",,,,"A.62","PCTFE (oil)"
"Electronics / actuators and vibration isolators",,,"PCTFE",,,,"A.62","Polymeric PFAS: PTFE PFPE PCTFE"
"Electronics / actuators and vibration isolators",,,"PFPE",,,,"A.62","Polymeric PFAS: PTFE PFPE PCTFE"
"Electronics / actuators and vibration isolators",,,"PTFE",,,,"A.62","Polymeric PFAS: PTFE PFPE PCTFE"
"Food / Chains and bearings (e.g. in ovens)",,,"PFPE",,,,"A.62","Polymeric PFAS: PTFE PFPE"
"Food / Chains and bearings (e.g. in ovens)",,,"PTFE",,,,"A.62","Polymeric PFAS: PTFE PFPE"
"Food / Inside coating of metal food and beverages containers",,,"PTFE",,,,"A.62","Polymeric PFAS: PTFE"
"Food / Sealed parts and in semi-closed moveable mechanical parts in food production/packaging",,,"PFPE",,,,"A.62","Polymeric PFAS: PTFE PFPE"
"Food / Sealed parts and in semi-closed moveable mechanical parts in food production/packaging",,,"PTFE",,,,"A.62","Polymeric PFAS: PTFE PFPE"
"Machinery (Professional) / Additive to other cutting oils for enhanced tool life e.g. in metal/steel industry",,,"PCTFE",,,,"A.62","Polymeric PFAS: PCTFE"
"Machinery (Professional) / NRMM (Non-road mobile machinery like garden equipment, bulldozers, construction machinery, trucks, cranes, lifts and escalators",,,"PFPE",,,,"A.62","Polymeric PFAS: PTFE PFPE"
"Machinery (Professional) / NRMM (Non-road mobile machinery like garden equipment, bulldozers, construction machinery, trucks, cranes, lifts and escalators",,,"PTFE",,,,"A.62","Polymeric PFAS: PTFE PFPE"
"Machinery / Hearing loss applications: Vacuum pumps and bearings during production. Note that it is not clear whether the PFASs as lubricant also plays a role in the final products.",,,"PFPE",,,,"A.62","Polymeric PFAS: PFPE"
"Machinery / High-speed bearings in Organic Rankine Cycle systems",,,"PFPE",,,,"A.62","Polymeric PFAS: PFPE PTFE"
"Machinery / High-speed bearings in Organic Rankine Cycle systems",,,"PTFE",,,,"A.62","Polymeric PFAS: PFPE PTFE"
"Machinery / Low friction coating of various surfaces such as metal surfaces.",,,"PFPE",,,,"A.62","Polymeric PFAS: PFPE PTFE"
"Machinery / Low friction coating of various surfaces such as metal surfaces.",,,"PTFE",,,,"A.62","Polymeric PFAS: PFPE PTFE"
"Machinery / Mechanical equipment/articles/de vices with moving parts such as dry film lubrication of tooth belts/time belts.",,,"PFPE",,,,"A.62","Polymeric PFAS: PFPE PTFE"
"Machinery / Mechanical equipment/articles/de vices with moving parts such as dry film lubrication of tooth belts/time belts.",,,"PTFE",,,,"A.62","Polymeric PFAS: PFPE PTFE"
"Machinery / Mechatronics (combination of software, electronic and mechanical technologies)",,,"PFPE",,,,"A.62","Polymeric PFAS: PFPE PTFE"
"Machinery / Mechatronics (combination of software, electronic and mechanical technologies)",,,"PTFE",,,,"A.62","Polymeric PFAS: PFPE PTFE"
"Machinery / Plain bearings for e.g. hinges, seat recliners, vibration dampers, chain tensioners, shock absorbers, pumps, ropeway suspensions",,,"PFPE",,,,"A.62","Polymeric PFAS: PFPE PTFE"
"Machinery / Plain bearings for e.g. hinges, seat recliners, vibration dampers, chain tensioners, shock absorbers, pumps, ropeway suspensions",,,"PTFE",,,,"A.62","Polymeric PFAS: PFPE PTFE"
"Machinery / Pressing-lines in manufacturing of wood-based products",,,"PFPE",,,,"A.62","Polymeric PFAS: PFPE PTFE"
"Machinery / Pressing-lines in manufacturing of wood-based products",,,"PTFE",,,,"A.62","Polymeric PFAS: PFPE PTFE"
"Machinery / Rotary vane pumps",,,"PCTFE",,,,"A.62","Polymeric PFAS: PFPE PTFE PCTFE"
"Machinery / Rotary vane pumps",,,"PFPE",,,,"A.62","Polymeric PFAS: PFPE PTFE PCTFE"
"Machinery / Rotary vane pumps",,,"PTFE",,,,"A.62","Polymeric PFAS: PFPE PTFE PCTFE"
"Machinery / Self-operated regulators",,,"PFPE",,,,"A.62","Polymeric PFAS: PFPE PTFE"
"Machinery / Self-operated regulators",,,"PTFE",,,,"A.62","Polymeric PFAS: PFPE PTFE"
"Machinery / Vacuum pumps",,,"PCTFE",,,,"A.62","Polymeric PFAS: PFPE PTFE PCTFE"
"Machinery / Vacuum pumps",,,"PFPE",,,,"A.62","Polymeric PFAS: PFPE PTFE PCTFE"
"Machinery / Vacuum pumps",,,"PTFE",,,,"A.62","Polymeric PFAS: PFPE PTFE PCTFE"
"Medical devices / Anaesthesia machines",,,"PCTFE",,,,"A.62","Polymeric PFAS: PTFE PFPE Unspecified PFAS assumed to be fluoropolymers PCTFE (oils and greases)"
"Medical devices / Anaesthesia machines",,,"PFPE",,,,"A.62","Polymeric PFAS: PTFE PFPE Unspecified PFAS assumed to be fluoropolymers PCTFE (oils and greases)"
"Medical devices / Anaesthesia machines",,,"PTFE",,,,"A.62","Polymeric PFAS: PTFE PFPE Unspecified PFAS assumed to be fluoropolymers PCTFE (oils and greases)"
"Medical devices / Drug delivery devices","Fluorocarbon gel (not further specified)",,,,,,"A.62","Polymeric PFAS: Unspecified PFAS assumed to be fluoropolymers Fluorocarbon gel (not further specified)"
"Medical devices / Electro-mechanical devices such as surgery robots, saws and drills",,,"PCTFE",,,,"A.62","Polymeric PFAS: PTFE PFPE Unspecified PFAS assumed to be fluoropolymers PCTFE (oils and greases)"
"Medical devices / Electro-mechanical devices such as surgery robots, saws and drills",,,"PFPE",,,,"A.62","Polymeric PFAS: PTFE PFPE Unspecified PFAS assumed to be fluoropolymers PCTFE (oils and greases)"
"Medical devices / Electro-mechanical devices such as surgery robots, saws and drills",,,"PTFE",,,,"A.62","Polymeric PFAS: PTFE PFPE Unspecified PFAS assumed to be fluoropolymers PCTFE (oils and greases)"
"Medical devices / Hospital oxygen systems",,,"PCTFE",,,,"A.62","Polymeric PFAS: PTFE PFPE Unspecified PFAS assumed to be fluoropolymers PCTFE (oils and greases)"
"Medical devices / Hospital oxygen systems",,,"PFPE",,,,"A.62","Polymeric PFAS: PTFE PFPE Unspecified PFAS assumed to be fluoropolymers PCTFE (oils and greases)"
"Medical devices / Hospital oxygen systems",,,"PTFE",,,,"A.62","Polymeric PFAS: PTFE PFPE Unspecified PFAS assumed to be fluoropolymers PCTFE (oils and greases)"
"Medical devices / Hyperbaric oxygen chambers",,,"PCTFE",,,,"A.62","Polymeric PFAS: PTFE PFPE Unspecified PFAS assumed to be fluoropolymers PCTFE (oils and greases)"
"Medical devices / Hyperbaric oxygen chambers",,,"PFPE",,,,"A.62","Polymeric PFAS: PTFE PFPE Unspecified PFAS assumed to be fluoropolymers PCTFE (oils and greases)"
"Medical devices / Hyperbaric oxygen chambers",,,"PTFE",,,,"A.62","Polymeric PFAS: PTFE PFPE Unspecified PFAS assumed to be fluoropolymers PCTFE (oils and greases)"
"Medical devices / Implants such as ecmo-systems",,,"PCTFE",,,,"A.62","Polymeric PFAS: PTFE PFPE Unspecified PFAS assumed to be fluoropolymers PCTFE (oils and greases)"
"Medical devices / Implants such as ecmo-systems",,,"PFPE",,,,"A.62","Polymeric PFAS: PTFE PFPE Unspecified PFAS assumed to be fluoropolymers PCTFE (oils and greases)"
"Medical devices / Implants such as ecmo-systems",,,"PTFE",,,,"A.62","Polymeric PFAS: PTFE PFPE Unspecified PFAS assumed to be fluoropolymers PCTFE (oils and greases)"
"Medical devices / Nitrous oxide systems",,,"PCTFE",,,,"A.62","Polymeric PFAS: PTFE PFPE Unspecified PFAS assumed to be fluoropolymers PCTFE (oils and greases)"
"Medical devices / Nitrous oxide systems",,,"PFPE",,,,"A.62","Polymeric PFAS: PTFE PFPE Unspecified PFAS assumed to be fluoropolymers PCTFE (oils and greases)"
"Medical devices / Nitrous oxide systems",,,"PTFE",,,,"A.62","Polymeric PFAS: PTFE PFPE Unspecified PFAS assumed to be fluoropolymers PCTFE (oils and greases)"
"Medical devices / Prosthesis, orthosis, wheelchair, exoskeleton etc.; piston and gear wheel applications; Lubricant additive in plastic components",,,"PTFE",,,,"A.62","Polymeric PFAS: PTFE"
"Metal and steel / Cutting/drawing/formi ng oil for processing refractory metals such as tantalum, molybdenum, tungsten, rhenium, titanium and niobium",,,"PCTFE",,,,"A.62","Polymeric PFAS: PCTFE"
"Metal and steel / Grease for swivel joints in oxygen delivery systems and oxygen heating systems",,,"PCTFE",,,,"A.62","Polymeric PFAS: PCTFE (grease)"
"Metal and steel / Manufacture of woven wire and cable for safe use in aggressive applications",,,"PCTFE",,,,"A.62","Polymeric PFAS: PCTFE"
"Military applications / Combustion engines",,,"PTFE",,,,"A.62","Polymeric PFAS: PTFE"
"Military applications / Flotation fluids in gyroscopes in aircrafts and missiles",,,"PCTFE",,,,"A.62","Polymeric PFAS: PCTFE (oil)"
"Military applications / Hydraulic systems incl. control valves, bearings, brake and hydraulic fluids",,,"PFPE",,,,"A.62","Polymeric PFAS: PTFE PFPE"
"Military applications / Hydraulic systems incl. control valves, bearings, brake and hydraulic fluids",,,"PTFE",,,,"A.62","Polymeric PFAS: PTFE PFPE"
"Nuclear energy / Anti-galling thread lubricant for stainless steel assemblies",,,"PCTFE",,,,"A.62","Polymeric PFAS: PCTFE"
"Nuclear energy / Enrichment of natural uranium (lubricants used to ensure a stable isotope enrichment)",,,"PFPE",,,,"A.62","Polymeric PFAS: PFPE"
"Nuclear energy / Greases of critical bearings and manipulator greases for nuclear waste handling","Fluoropolymer (not further specified)",,,,,,"A.62","Polymeric PFAS: Fluoropolymer (not further specified)"
"Nuclear energy / Lubricant for processing uranium hexafluoride",,,"PCTFE",,,,"A.62","Polymeric PFAS: PCTFE"
"Nuclear energy / Oil for service of various installations incl. controls in nuclear facility",,,"PCTFE",,,,"A.62","PCTFE"
"Nuclear energy / Production of hydrogen and of UO2 (Uranium dioxide, used as fuel in nuclear power reactors)",,,"PFPE",,,,"A.62","Polymeric PFAS: PFPE"
"Nuclear energy / Vacuum pumps in the nuclear reactors",,,"PFPE",,,,"A.62","Polymeric PFAS: PFPE"
"Off-shore and oil & gas / Alkylation lubricant (compatible with HF and sulphuric acids)",,,"PCTFE",,,,"A.62","Polymeric PFAS: PCTFE"
"Off-shore and oil & gas / Anti-seize lubricant for drilling tools in hydrogen sulphide environments",,,"PCTFE",,,,"A.62","Polymeric PFAS: PCTFE"
"Off-shore and oil & gas / Carbon dioxide pump oil",,,"PCTFE",,,,"A.62","Polymeric PFAS: PCTFE (oils)"
"Off-shore and oil & gas / Helium service-oil for helium compressors and lubricants for helium regulators",,,"PCTFE",,,,"A.62","Polymeric PFAS: PCTFE (oils)"
"Off-shore and oil & gas / Instrument fill fluid for oil exploration equipment",,,"PCTFE",,,,"A.62","Polymeric PFAS: PCTFE"
"Off-shore and oil & gas / Lubrication of screws, nuts, magnetic anchors, bolts etc.",,,"PTFE",,,,"A.62","Polymeric PFAS: PTFE"
"Off-shore and oil & gas / Oxygen service-lubricants for remote control solenoid valves, thread lubricant, instrument fill fluid, rotary meter lubricant, diaphragm compressor oil, vacuum pump oils for evacuating oxygen cylinders and bulk (cryogenic) storage tanks, vacuum pump oils for oxygen plasma cleaning, bearing grease for liquid oxygen (LOX) pumps and lubricant for compressors in portable oxygen plants",,,"PCTFE",,,,"A.62","Polymeric PFAS: PCTFE (oils and greases)"
"Off-shore and oil & gas / Welding gases-lubricants for bearings in LOX pumps and vacuum pump oils for evacuating oxygen cylinders",,,"PCTFE",,,,"A.62","Polymeric PFAS: PCTFE (oils)"
"Paper / Lubrication processes in relation to pulp-bleaching chlorine, sodium chlorate, chlorine dioxide, oxygen and hydrogen peroxide.",,,"PCTFE",,,,"A.62","Polymeric PFAS: PCTFE"
"Paper / Roller bearings of corrugated paper machinery",,,"PFPE",,,,"A.62","Polymeric PFAS: PTFE PFPE"
"Paper / Roller bearings of corrugated paper machinery",,,"PTFE",,,,"A.62","Polymeric PFAS: PTFE PFPE"
"Plastic and rubber products / Bearings supporting chains running through an oven in which plastic films are heat-treated",,,"PFPE",,,,"A.62","Polymeric PFAS: PFPE"
"Plastic and rubber products / Equipment for processing/packaging",,,"PTFE",,,,"A.62","PTFE (wax or spray)"
"Plastic and rubber products / Lubricating coating of productions tools for manufacturing of plastic products such as PEX pipes",,,"ETFE",,,,"A.62","Polymeric PFAS: PTFE (micropowder) PFA, ETFE, FEP"
"Plastic and rubber products / Lubricating coating of productions tools for manufacturing of plastic products such as PEX pipes",,,"FEP",,,,"A.62","Polymeric PFAS: PTFE (micropowder) PFA, ETFE, FEP"
"Plastic and rubber products / Lubricating coating of productions tools for manufacturing of plastic products such as PEX pipes",,,"PFA",,,,"A.62","Polymeric PFAS: PTFE (micropowder) PFA, ETFE, FEP"
"Plastic and rubber products / Lubricating coating of productions tools for manufacturing of plastic products such as PEX pipes",,,"PTFE",,,,"A.62","Polymeric PFAS: PTFE (micropowder) PFA, ETFE, FEP"
"Plastic and rubber products / Lubrication for PEX-pipes and compression sleeves in underfloor heating.",,,"PFPE",,,,"A.62","Polymeric PFAS: PTFE (micropowder) PFPE"
"Plastic and rubber products / Lubrication for PEX-pipes and compression sleeves in underfloor heating.",,,"PTFE",,,,"A.62","Polymeric PFAS: PTFE (micropowder) PFPE"
"Plastic and rubber products / Lubrication of ejector pins, sliders, folding units and sliding surfaces in plastic injection moulding tools",,,"PFPE",,,,"A.62","Polymeric PFAS: PTFE (micropowder) PFPE"
"Plastic and rubber products / Lubrication of ejector pins, sliders, folding units and sliding surfaces in plastic injection moulding tools",,,"PTFE",,,,"A.62","Polymeric PFAS: PTFE (micropowder) PFPE"
"Plastic and rubber products / Release agent/mould release in manufacturing of e.g. tires and PVC products",,,"ETFE",,,,"A.62","Polymeric PFAS: PTFE (micropowder) PFA, ETFE, FEP"
"Plastic and rubber products / Release agent/mould release in manufacturing of e.g. tires and PVC products",,,"FEP",,,,"A.62","Polymeric PFAS: PTFE (micropowder) PFA, ETFE, FEP"
"Plastic and rubber products / Release agent/mould release in manufacturing of e.g. tires and PVC products",,,"PFA",,,,"A.62","Polymeric PFAS: PTFE (micropowder) PFA, ETFE, FEP"
"Plastic and rubber products / Release agent/mould release in manufacturing of e.g. tires and PVC products",,,"PTFE",,,,"A.62","Polymeric PFAS: PTFE (micropowder) PFA, ETFE, FEP"
"Plastic and rubber products / Tire production: Lubrication of tire moulds",,,"ETFE",,,,"A.62","Polymeric PFAS: PFPE (grease) PTFE (micropowder) ETFE FEP"
"Plastic and rubber products / Tire production: Lubrication of tire moulds",,,"FEP",,,,"A.62","Polymeric PFAS: PFPE (grease) PTFE (micropowder) ETFE FEP"
"Plastic and rubber products / Tire production: Lubrication of tire moulds",,,"PFPE",,,,"A.62","Polymeric PFAS: PFPE (grease) PTFE (micropowder) ETFE FEP"
"Plastic and rubber products / Tire production: Lubrication of tire moulds",,,"PTFE",,,,"A.62","Polymeric PFAS: PFPE (grease) PTFE (micropowder) ETFE FEP"
"Printing applications / Offices machines, including heaters and printers e.g. lubrication tape for printers",,,"PFPE",,,,"A.62","Polymeric PFAS: PTFE PFPE"
"Printing applications / Offices machines, including heaters and printers e.g. lubrication tape for printers",,,"PTFE",,,,"A.62","Polymeric PFAS: PTFE PFPE"
"Rail and sea transport / Bearings and gaskets of piston compressors",,,"PFPE",,,,"A.62","Polymeric PFAS: PTFE PFPE Fluorinated gases: Mixture of PTFE and solvent"
"Rail and sea transport / Bearings and gaskets of piston compressors",,,"PTFE",,,,"A.62","Polymeric PFAS: PTFE PFPE Fluorinated gases: Mixture of PTFE and solvent"
"Rail and sea transport / Coating of piston rings",,,"PFPE",,,,"A.62","Polymeric PFAS: PTFE PFPE Fluorinated gases: Mixture of PTFE and solvent"
"Rail and sea transport / Coating of piston rings",,,"PTFE",,,,"A.62","Polymeric PFAS: PTFE PFPE Fluorinated gases: Mixture of PTFE and solvent"
"Rail and sea transport / Damping oil in magnet systems and coating of electrical contacts",,,"PFPE",,,,"A.62","Polymeric PFAS: PTFE PFPE Fluorinated gases: Mixture of PTFE and solvent"
"Rail and sea transport / Damping oil in magnet systems and coating of electrical contacts",,,"PTFE",,,,"A.62","Polymeric PFAS: PTFE PFPE Fluorinated gases: Mixture of PTFE and solvent"
"Rail and sea transport / Manufacturing of transport equipment including [lubricants in] sensors and pistons",,,"PFPE",,,,"A.62","Polymeric PFAS: PTFE PFPE Fluorinated gases: Mixture of PTFE and solvent"
"Rail and sea transport / Manufacturing of transport equipment including [lubricants in] sensors and pistons",,,"PTFE",,,,"A.62","Polymeric PFAS: PTFE PFPE Fluorinated gases: Mixture of PTFE and solvent"
"Rail and sea transport / Train door lubrication",,,"PTFE",,,,"A.62","Polymeric PFAS: PTFE"
"Rail and sea transport / Valves in powertrains",,,"PTFE",,,,"A.62","Polymeric PFAS: PTFE"
"Renewable energy / Energy storage and energy conversion via hydrogen such as PEM – bearings and as lubricant additive in plastics","Fluoropolymer (Not further specified)",,,,,,"A.62","Polymeric PFAS: Fluoropolymer (Not further specified)"
"Renewable energy / Fuel cell technology – assembly aid e.g. grease for O-rings",,,"PFPE",,,,"A.62","Polymeric PFAS: PTFE PFPE"
"Renewable energy / Fuel cell technology – assembly aid e.g. grease for O-rings",,,"PTFE",,,,"A.62","Polymeric PFAS: PTFE PFPE"
"Renewable energy / Screws, nuts magnetic achors, bolts, bearings etc. in wind power",,,"PFPE",,,,"A.62","Polymeric PFAS: PTFE PFPE"
"Renewable energy / Screws, nuts magnetic achors, bolts, bearings etc. in wind power",,,"PTFE",,,,"A.62","Polymeric PFAS: PTFE PFPE"
"Test and monitoring / Optical equipment/Optometric devices",,,"PTFE",,,,"A.62","Polymeric PFAS: PTFE Unspecified PFAS"
"Watchmaking and service / Epilame mixtures used in both manufacturing and in service/repair of time pieces","Other fluoropolymers (Confidential substances)",,,,,,"A.62","Polymeric PFAS: PTFE (powder) Other fluoropolymers (Confidential substances) Non-polymeric PFAS: Side-chain fluorinated polymers Fluorinated gases: Solvents used as carrier fluids"
"Watchmaking and service / Epilame mixtures used in both manufacturing and in service/repair of time pieces","Side-chain fluorinated polymers",,,,,,"A.62","Polymeric PFAS: PTFE (powder) Other fluoropolymers (Confidential substances) Non-polymeric PFAS: Side-chain fluorinated polymers Fluorinated gases: Solvents used as carrier fluids"
"Watchmaking and service / Epilame mixtures used in both manufacturing and in service/repair of time pieces","Solvents used as carrier fluids [fluorinated gas]",,,,,,"A.62","Polymeric PFAS: PTFE (powder) Other fluoropolymers (Confidential substances) Non-polymeric PFAS: Side-chain fluorinated polymers Fluorinated gases: Solvents used as carrier fluids"
"Watchmaking and service / Epilame mixtures used in both manufacturing and in service/repair of time pieces",,,"PTFE",,,,"A.62","Polymeric PFAS: PTFE (powder) Other fluoropolymers (Confidential substances) Non-polymeric PFAS: Side-chain fluorinated polymers Fluorinated gases: Solvents used as carrier fluids"
"Water and wastewater treatment / Resin and rubber materials in e.g. cooling water control valves",,,"PFPE",,,,"A.62","PTFE PFPE (grease)"
"Water and wastewater treatment / Resin and rubber materials in e.g. cooling water control valves",,,"PTFE",,,,"A.62","PTFE PFPE (grease)"
"Water and wastewater treatment / Swimming pool chemicals-lubricants compatible with compacting equipment for tableting swimming pool chemicals",,,"PCTFE",,,,"A.62","Polymeric PFAS: PCTFE"
"Water and wastewater treatment / Wastewater chemicals-water treatment chemicals that are used in chlorinators, pumps valves etc.",,,"PCTFE",,,,"A.62","Polymeric PFAS: PCTFE"
"equipment / Anti-vibration equipment","Perfluoroalkoxy alkane",,"PFA",,,,"A.62","assumed fluoropolymers PFA (Perfluoroalkoxy alkane) PVDF ETFE PA66 HDPE Resins: PE POM"
"equipment / Anti-vibration equipment",,,"ETFE",,,,"A.62","assumed fluoropolymers PFA (Perfluoroalkoxy alkane) PVDF ETFE PA66 HDPE Resins: PE POM"
"equipment / Anti-vibration equipment",,,"PVDF",,,,"A.62","assumed fluoropolymers PFA (Perfluoroalkoxy alkane) PVDF ETFE PA66 HDPE Resins: PE POM"
"equipment / Bearings in magnetic stirrers in chemical laboratories","Perfluoroalkoxy alkane",,"PFA",,,,"A.62","assumed fluoropolymers PFA (Perfluoroalkoxy alkane) PVDF ETFE PA66 HDPE Resins: PE POM"
"equipment / Bearings in magnetic stirrers in chemical laboratories",,,"ETFE",,,,"A.62","assumed fluoropolymers PFA (Perfluoroalkoxy alkane) PVDF ETFE PA66 HDPE Resins: PE POM"
"equipment / Bearings in magnetic stirrers in chemical laboratories",,,"PVDF",,,,"A.62","assumed fluoropolymers PFA (Perfluoroalkoxy alkane) PVDF ETFE PA66 HDPE Resins: PE POM"
"equipment / Bearings, jewels, and pivots in many kinds of instruments",,,"PFPE",,,,"A.62","Polymeric PFAS: PFPE"
"equipment / Industrial monitoring and control instruments","Perfluoroalkoxy alkane",,"PFA",,,,"A.62","assumed fluoropolymers PFA (Perfluoroalkoxy alkane) PVDF ETFE PA66 HDPE Resins: PE POM"
"equipment / Industrial monitoring and control instruments",,,"ETFE",,,,"A.62","assumed fluoropolymers PFA (Perfluoroalkoxy alkane) PVDF ETFE PA66 HDPE Resins: PE POM"
"equipment / Industrial monitoring and control instruments",,,"PVDF",,,,"A.62","assumed fluoropolymers PFA (Perfluoroalkoxy alkane) PVDF ETFE PA66 HDPE Resins: PE POM"
"equipment / Instrument fill fluids where strong oxidizing agents prelude the use of glycerine or silicon oil fill fluids e.g. Diaphragm seals, pressure gauges, manometers, dead weigh testers and sensors.",,,"PCTFE",,,,"A.62","Polymeric PFAS: PCTFE (oil)"
"equipment / Lubrication of seals during assemply of vacuum pumps and cryogenic cryostats",,,"PFPE",,,,"A.62","Polymeric PFAS: PFPE (grease)"
"equipment / Mass flow controllers and mass flow meters used for flow control and flow measurement of various industrial gases.","Perfluoroalkoxy alkane",,"PFA",,,,"A.62","assumed fluoropolymers PFA (Perfluoroalkoxy alkane) PVDF ETFE PA66 HDPE Resins: PE POM"
"equipment / Mass flow controllers and mass flow meters used for flow control and flow measurement of various industrial gases.",,,"ETFE",,,,"A.62","assumed fluoropolymers PFA (Perfluoroalkoxy alkane) PVDF ETFE PA66 HDPE Resins: PE POM"
"equipment / Mass flow controllers and mass flow meters used for flow control and flow measurement of various industrial gases.",,,"PVDF",,,,"A.62","assumed fluoropolymers PFA (Perfluoroalkoxy alkane) PVDF ETFE PA66 HDPE Resins: PE POM"
"equipment / Microscopy equipment","Fluorine grease (not further specified)",,,,,,"A.62","Fluorine grease (not further specified)"
"equipment / Spectrometers incl. lubrication of sealings like O-rings","Perfluoroalkoxy alkane",,"PFA",,,,"A.62","assumed fluoropolymers PFA (Perfluoroalkoxy alkane) PVDF ETFE PA66 HDPE Resins: PE POM"
"equipment / Spectrometers incl. lubrication of sealings like O-rings",,,"ETFE",,,,"A.62","assumed fluoropolymers PFA (Perfluoroalkoxy alkane) PVDF ETFE PA66 HDPE Resins: PE POM"
"equipment / Spectrometers incl. lubrication of sealings like O-rings",,,"PVDF",,,,"A.62","assumed fluoropolymers PFA (Perfluoroalkoxy alkane) PVDF ETFE PA66 HDPE Resins: PE POM"
"equipment / Vacuum pump oil for mass spectrometers",,,"PCTFE",,,,"A.62","Polymeric PFAS: PCTFE (oil)"
"equipment / Various analytical equipment [*Note that analytical references are exempted, see explanatory note of the main report]","Perfluoroalkoxy alkane",,"PFA",,,,"A.62","assumed fluoropolymers PFA (Perfluoroalkoxy alkane) PVDF ETFE PA66 HDPE Resins: PE POM"
"equipment / Various analytical equipment [*Note that analytical references are exempted, see explanatory note of the main report]",,,"ETFE",,,,"A.62","assumed fluoropolymers PFA (Perfluoroalkoxy alkane) PVDF ETFE PA66 HDPE Resins: PE POM"
"equipment / Various analytical equipment [*Note that analytical references are exempted, see explanatory note of the main report]",,,"PVDF",,,,"A.62","assumed fluoropolymers PFA (Perfluoroalkoxy alkane) PVDF ETFE PA66 HDPE Resins: PE POM"
"equipment / Wax coating to protect glass from attack by aggressive compounds",,,"PCTFE",,,,"A.62","Polymeric PFAS: PCTFE (grease/wax)"
"Consumables / Latex printing inks","Perfluoro-n-hexanoic acid",,"PFHxA",,,"307-24-4","A.70","PFHxA (Perfluoro-n-hexanoic acid) (CAS: 307-24-4)"
"Consumables / PTFE powders",,,"PTFE",,,"9002-84-0","A.70","PTFE (CAS: 9002-84-0)"
"Consumables / PTFE wax",,,"PTFE",,,"9002-84-0","A.70","PTFE (CAS: 9002-84-0)"
"Consumables / Photosensitive materials","Perfluoro-n-hexanoic acid",,"PFHxA",,,"307-24-4","A.70","PFHxA (Perfluoro-n-hexanoic acid) (CAS: 307-24-4) Sidechain fluorinated polymers (unspecified) Other PFAS substances (unspecified)"
"Consumables / Photosensitive materials","Sidechain fluorinated polymers (unspecified) Other PFAS substances (unspecified)",,,,,,"A.70","PFHxA (Perfluoro-n-hexanoic acid) (CAS: 307-24-4) Sidechain fluorinated polymers (unspecified) Other PFAS substances (unspecified)"
"Consumables / Pigments and colourants","Pigment yellow 154",,,,,"68134-22-5","A.70","Pigment yellow 154 (CAS: 68134-22-5)"
"Consumables / Toners","Perfluoroalkoxy alkane",,"PFA",,,"26655-00-5","A.70","Polytetrafluoroethylene (PTFE) (CAS: 9002-84-0); Perfluoroalkoxy alkane (PFA) (CAS: 26655-00-5); Polyvinylidene fluoride (PVDF) (CAS: 24937-79-9) Other substances claimed as confidential"
"Consumables / Toners","Polytetrafluoroethylene",,"PTFE",,,"9002-84-0","A.70","Polytetrafluoroethylene (PTFE) (CAS: 9002-84-0); Perfluoroalkoxy alkane (PFA) (CAS: 26655-00-5); Polyvinylidene fluoride (PVDF) (CAS: 24937-79-9) Other substances claimed as confidential"
"Consumables / Toners","Polyvinylidene fluoride",,"PVDF",,,"24937-79-9","A.70","Polytetrafluoroethylene (PTFE) (CAS: 9002-84-0); Perfluoroalkoxy alkane (PFA) (CAS: 26655-00-5); Polyvinylidene fluoride (PVDF) (CAS: 24937-79-9) Other substances claimed as confidential"
"Permanent parts / Electrophotographic press units",,,"PTFE",,,"9002-84-0","A.70","PTFE (CAS: 9002-84-0); Other substances claimed as confidential."
"Permanent parts / Kinetic printing components","(comment ID #8180) (oxy-1,4 phenylenesulfonyl- 1,4phenylene)]",,"PESU",,,"25667-42-9","A.70","PTFE (CAS: 9002-84-0); PFA (CAS: 26655-00-5); Polyvinyl fluoride (PVF) (CAS: 9002-86-2) ; PVDF (CAS: 24937-79-9) FKM (Fluorine Kautschuk Material) (CAS: 115-96-7); FFKM (Perfluoro(Methyl Vinyl Ether)-Tetrafluoroethylene Copolymer) (CAS: 26425-79-6); Poly (oxy-1,4-phenylenesulfonyl-1,4-phenylene)] (PESU) (CAS: 25667-42-9) (comment ID #8180) (oxy-1,4 phenylenesulfonyl- 1,4phenylene)] (PESU) (CAS: 25667-42-9) Other substances claimed as confidential"
"Permanent parts / Kinetic printing components","FFKM (Perfluoro(Methyl Vinyl Ether)-Tetrafluoroethylene Copolymer)",,,,,"26425-79-6","A.70","PTFE (CAS: 9002-84-0); PFA (CAS: 26655-00-5); Polyvinyl fluoride (PVF) (CAS: 9002-86-2) ; PVDF (CAS: 24937-79-9) FKM (Fluorine Kautschuk Material) (CAS: 115-96-7); FFKM (Perfluoro(Methyl Vinyl Ether)-Tetrafluoroethylene Copolymer) (CAS: 26425-79-6); Poly (oxy-1,4-phenylenesulfonyl-1,4-phenylene)] (PESU) (CAS: 25667-42-9) (comment ID #8180) (oxy-1,4 phenylenesulfonyl- 1,4phenylene)] (PESU) (CAS: 25667-42-9) Other substances claimed as confidential"
"Permanent parts / Kinetic printing components","Fluorine Kautschuk Material",,"FKM",,,"115-96-7","A.70","PTFE (CAS: 9002-84-0); PFA (CAS: 26655-00-5); Polyvinyl fluoride (PVF) (CAS: 9002-86-2) ; PVDF (CAS: 24937-79-9) FKM (Fluorine Kautschuk Material) (CAS: 115-96-7); FFKM (Perfluoro(Methyl Vinyl Ether)-Tetrafluoroethylene Copolymer) (CAS: 26425-79-6); Poly (oxy-1,4-phenylenesulfonyl-1,4-phenylene)] (PESU) (CAS: 25667-42-9) (comment ID #8180) (oxy-1,4 phenylenesulfonyl- 1,4phenylene)] (PESU) (CAS: 25667-42-9) Other substances claimed as confidential"
"Permanent parts / Kinetic printing components","Poly (oxy-1,4-phenylenesulfonyl-1,4-phenylene)]",,"PESU",,,"25667-42-9","A.70","PTFE (CAS: 9002-84-0); PFA (CAS: 26655-00-5); Polyvinyl fluoride (PVF) (CAS: 9002-86-2) ; PVDF (CAS: 24937-79-9) FKM (Fluorine Kautschuk Material) (CAS: 115-96-7); FFKM (Perfluoro(Methyl Vinyl Ether)-Tetrafluoroethylene Copolymer) (CAS: 26425-79-6); Poly (oxy-1,4-phenylenesulfonyl-1,4-phenylene)] (PESU) (CAS: 25667-42-9) (comment ID #8180) (oxy-1,4 phenylenesulfonyl- 1,4phenylene)] (PESU) (CAS: 25667-42-9) Other substances claimed as confidential"
"Permanent parts / Kinetic printing components","Polyvinyl fluoride",,"PVF",,,"9002-86-2","A.70","PTFE (CAS: 9002-84-0); PFA (CAS: 26655-00-5); Polyvinyl fluoride (PVF) (CAS: 9002-86-2) ; PVDF (CAS: 24937-79-9) FKM (Fluorine Kautschuk Material) (CAS: 115-96-7); FFKM (Perfluoro(Methyl Vinyl Ether)-Tetrafluoroethylene Copolymer) (CAS: 26425-79-6); Poly (oxy-1,4-phenylenesulfonyl-1,4-phenylene)] (PESU) (CAS: 25667-42-9) (comment ID #8180) (oxy-1,4 phenylenesulfonyl- 1,4phenylene)] (PESU) (CAS: 25667-42-9) Other substances claimed as confidential"
"Permanent parts / Kinetic printing components",,,"PFA",,,"26655-00-5","A.70","PTFE (CAS: 9002-84-0); PFA (CAS: 26655-00-5); Polyvinyl fluoride (PVF) (CAS: 9002-86-2) ; PVDF (CAS: 24937-79-9) FKM (Fluorine Kautschuk Material) (CAS: 115-96-7); FFKM (Perfluoro(Methyl Vinyl Ether)-Tetrafluoroethylene Copolymer) (CAS: 26425-79-6); Poly (oxy-1,4-phenylenesulfonyl-1,4-phenylene)] (PESU) (CAS: 25667-42-9) (comment ID #8180) (oxy-1,4 phenylenesulfonyl- 1,4phenylene)] (PESU) (CAS: 25667-42-9) Other substances claimed as confidential"
"Permanent parts / Kinetic printing components",,,"PTFE",,,"9002-84-0","A.70","PTFE (CAS: 9002-84-0); PFA (CAS: 26655-00-5); Polyvinyl fluoride (PVF) (CAS: 9002-86-2) ; PVDF (CAS: 24937-79-9) FKM (Fluorine Kautschuk Material) (CAS: 115-96-7); FFKM (Perfluoro(Methyl Vinyl Ether)-Tetrafluoroethylene Copolymer) (CAS: 26425-79-6); Poly (oxy-1,4-phenylenesulfonyl-1,4-phenylene)] (PESU) (CAS: 25667-42-9) (comment ID #8180) (oxy-1,4 phenylenesulfonyl- 1,4phenylene)] (PESU) (CAS: 25667-42-9) Other substances claimed as confidential"
"Permanent parts / Kinetic printing components",,,"PVDF",,,"24937-79-9","A.70","PTFE (CAS: 9002-84-0); PFA (CAS: 26655-00-5); Polyvinyl fluoride (PVF) (CAS: 9002-86-2) ; PVDF (CAS: 24937-79-9) FKM (Fluorine Kautschuk Material) (CAS: 115-96-7); FFKM (Perfluoro(Methyl Vinyl Ether)-Tetrafluoroethylene Copolymer) (CAS: 26425-79-6); Poly (oxy-1,4-phenylenesulfonyl-1,4-phenylene)] (PESU) (CAS: 25667-42-9) (comment ID #8180) (oxy-1,4 phenylenesulfonyl- 1,4phenylene)] (PESU) (CAS: 25667-42-9) Other substances claimed as confidential"
"Permanent parts / Printing plates (offset and letterpress printing)",,,"PFA",,,"26655-00-5","A.70","PTFE (CAS: 9002-84-0) and PFA (CAS: 26655-00-5)"
"Permanent parts / Printing plates (offset and letterpress printing)",,,"PTFE",,,"9002-84-0","A.70","PTFE (CAS: 9002-84-0) and PFA (CAS: 26655-00-5)"
"Permanent parts / Rollers",,,"FKM",,,"115-96-7","A.70","PTFE (CAS: 9002-84-0); FKM (CAS: 115-96-7) ; and PFA (CAS: 26655-00-5)"
"Permanent parts / Rollers",,,"PFA",,,"26655-00-5","A.70","PTFE (CAS: 9002-84-0); FKM (CAS: 115-96-7) ; and PFA (CAS: 26655-00-5)"
"Permanent parts / Rollers",,,"PTFE",,,"9002-84-0","A.70","PTFE (CAS: 9002-84-0); FKM (CAS: 115-96-7) ; and PFA (CAS: 26655-00-5)"
"Drug delivery devices / Fluoropolymer coated canisters in pMDIs",,,"FEP",,,,"A.78","A.78 row (Drug delivery devices / Fluoropolymer coated canisters in pMDIs): marks = X, X"
"Drug delivery devices / Fluoropolymer coated canisters in pMDIs",,,"PFA",,,,"A.78","A.78 row (Drug delivery devices / Fluoropolymer coated canisters in pMDIs): marks = X, X"
"Drug delivery devices / Fluoropolymer coated plungers in pre-filled syringes",,,"ETFE",,,,"A.78","A.78 row (Drug delivery devices / Fluoropolymer coated plungers in pre-filled syringes): marks = X, X, (X), (X)"
"Drug delivery devices / Fluoropolymer coated plungers in pre-filled syringes",,,"FEP",,,,"A.78","A.78 row (Drug delivery devices / Fluoropolymer coated plungers in pre-filled syringes): marks = X, X, (X), (X)"
"Drug delivery devices / Fluoropolymer coated plungers in pre-filled syringes",,,"PCTFE",,,,"A.78","A.78 row (Drug delivery devices / Fluoropolymer coated plungers in pre-filled syringes): marks = X, X, (X), (X)"
"Drug delivery devices / Fluoropolymer coated plungers in pre-filled syringes",,,"PTFE",,,,"A.78","A.78 row (Drug delivery devices / Fluoropolymer coated plungers in pre-filled syringes): marks = X, X, (X), (X)"
"Drug delivery devices / Fluoropolymers in pre-filled injection pens & autoinjectors",,,"ETFE",,,,"A.78","A.78 row (Drug delivery devices / Fluoropolymers in pre-filled injection pens & autoinjectors): marks = X, X"
"Drug delivery devices / Fluoropolymers in pre-filled injection pens & autoinjectors",,,"PTFE",,,,"A.78","A.78 row (Drug delivery devices / Fluoropolymers in pre-filled injection pens & autoinjectors): marks = X, X"
"Excipients / Fluoropolymer coated","Non-specified fluoropolymers",,,,,,"A.78","A.78 row (Excipients / Fluoropolymer coated): marks = X"
"Excipients / Fluoropolymer-coated backing film in transdermal patches","Non-specified fluoropolymers",,,,,,"A.78","A.78 row (Excipients / Fluoropolymer-coated backing film in transdermal patches): marks = X"
"Excipients / release liners in transdermal patches","Non-specified fluoropolymers",,,,,,"A.78","A.78 row (Excipients / release liners in transdermal patches): marks = X"
"Immediate packaging / Fluorinated HDPE packaging (F-HDPE)","Fluorinated HDPE",,"F-HDPE",,,,"A.78","A.78 row (Immediate packaging / Fluorinated HDPE packaging (F-HDPE)): marks = X"
"Immediate packaging / Fluoropolymer coated packaging of transdermal patches","Non-specified fluoropolymers",,,,,,"A.78","A.78 row (Immediate packaging / Fluoropolymer coated packaging of transdermal patches): marks = X"
"Immediate packaging / Fluoropolymer coated rubber stoppers in vials/flasks for injectable medicinal products",,,"ETFE",,,,"A.78","A.78 row (Immediate packaging / Fluoropolymer coated rubber stoppers in vials/flasks for injectable medicinal products): marks = X, X, (X)"
"Immediate packaging / Fluoropolymer coated rubber stoppers in vials/flasks for injectable medicinal products",,,"PCTFE",,,,"A.78","A.78 row (Immediate packaging / Fluoropolymer coated rubber stoppers in vials/flasks for injectable medicinal products): marks = X, X, (X)"
"Immediate packaging / Fluoropolymer coated rubber stoppers in vials/flasks for injectable medicinal products",,,"PTFE",,,,"A.78","A.78 row (Immediate packaging / Fluoropolymer coated rubber stoppers in vials/flasks for injectable medicinal products): marks = X, X, (X)"
"Immediate packaging / Fluoropolymers in blisters for solid oral dose formulations",,,"PCTFE",,,,"A.78","A.78 row (Immediate packaging / Fluoropolymers in blisters for solid oral dose formulations): marks = X"
"Explosives for professional and consumer activities: Fireworks","Fluorocarbon elastomers (Viton®)",,"HFP",,,,"A.83","Polymeric PFASs: PTFE, PVDF, Fluorocarbon elastomers (Viton®), HFP, FKM"
"Explosives for professional and consumer activities: Fireworks",,,"FKM",,,,"A.83","Polymeric PFASs: PTFE, PVDF, Fluorocarbon elastomers (Viton®), HFP, FKM"
"Explosives for professional and consumer activities: Fireworks",,,"PTFE",,,,"A.83","Polymeric PFASs: PTFE, PVDF, Fluorocarbon elastomers (Viton®), HFP, FKM"
"Explosives for professional and consumer activities: Fireworks",,,"PVDF",,,,"A.83","Polymeric PFASs: PTFE, PVDF, Fluorocarbon elastomers (Viton®), HFP, FKM"
"Explosives for professional and consumer activities: Flares","Fluorocarbon elastomers (Viton®)",,"HFP",,,,"A.83","Polymeric PFASs: PTFE, PVDF, Fluorocarbon elastomers (Viton®), HFP, FKM"
"Explosives for professional and consumer activities: Flares",,,"FKM",,,,"A.83","Polymeric PFASs: PTFE, PVDF, Fluorocarbon elastomers (Viton®), HFP, FKM"
"Explosives for professional and consumer activities: Flares",,,"PTFE",,,,"A.83","Polymeric PFASs: PTFE, PVDF, Fluorocarbon elastomers (Viton®), HFP, FKM"
"Explosives for professional and consumer activities: Flares",,,"PVDF",,,,"A.83","Polymeric PFASs: PTFE, PVDF, Fluorocarbon elastomers (Viton®), HFP, FKM"
"Explosives for professional and consumer activities: Powders and ammunitions for hunting and sport shooting.","Fluorocarbon elastomers (Viton®)",,"HFP",,,,"A.83","Polymeric PFASs: PTFE, PVDF, Fluorocarbon elastomers (Viton®), HFP, FKM"
"Explosives for professional and consumer activities: Powders and ammunitions for hunting and sport shooting.",,,"FKM",,,,"A.83","Polymeric PFASs: PTFE, PVDF, Fluorocarbon elastomers (Viton®), HFP, FKM"
"Explosives for professional and consumer activities: Powders and ammunitions for hunting and sport shooting.",,,"PTFE",,,,"A.83","Polymeric PFASs: PTFE, PVDF, Fluorocarbon elastomers (Viton®), HFP, FKM"
"Explosives for professional and consumer activities: Powders and ammunitions for hunting and sport shooting.",,,"PVDF",,,,"A.83","Polymeric PFASs: PTFE, PVDF, Fluorocarbon elastomers (Viton®), HFP, FKM"
"Explosives in transport and related applications: Safety pyro mechanisms (airbags","Fluorocarbon elastomers (Viton®)",,"HFP",,,,"A.83","Polymeric PFASs: PTFE, PVDF, Fluorocarbon elastomers (Viton®), HFP, FKM"
"Explosives in transport and related applications: Safety pyro mechanisms (airbags",,,"FKM",,,,"A.83","Polymeric PFASs: PTFE, PVDF, Fluorocarbon elastomers (Viton®), HFP, FKM"
"Explosives in transport and related applications: Safety pyro mechanisms (airbags",,,"PTFE",,,,"A.83","Polymeric PFASs: PTFE, PVDF, Fluorocarbon elastomers (Viton®), HFP, FKM"
"Explosives in transport and related applications: Safety pyro mechanisms (airbags",,,"PVDF",,,,"A.83","Polymeric PFASs: PTFE, PVDF, Fluorocarbon elastomers (Viton®), HFP, FKM"
"Explosives in transport and related applications: seat belt pretensioners and bonnet lifter actuators)","Fluorocarbon elastomers (Viton®)",,"HFP",,,,"A.83","Polymeric PFASs: PTFE, PVDF, Fluorocarbon elastomers (Viton®), HFP, FKM"
"Explosives in transport and related applications: seat belt pretensioners and bonnet lifter actuators)",,,"FKM",,,,"A.83","Polymeric PFASs: PTFE, PVDF, Fluorocarbon elastomers (Viton®), HFP, FKM"
"Explosives in transport and related applications: seat belt pretensioners and bonnet lifter actuators)",,,"PTFE",,,,"A.83","Polymeric PFASs: PTFE, PVDF, Fluorocarbon elastomers (Viton®), HFP, FKM"
"Explosives in transport and related applications: seat belt pretensioners and bonnet lifter actuators)",,,"PVDF",,,,"A.83","Polymeric PFASs: PTFE, PVDF, Fluorocarbon elastomers (Viton®), HFP, FKM"
"Explosives used in the mining/blasting industry: Binders","and FKM.",,,,,,"A.83","Polymeric PFASs: PTFE, PVDF, fluorocarbon elastomers, HFP, and FKM."
"Explosives used in the mining/blasting industry: Binders","fluorocarbon elastomers",,"HFP",,,,"A.83","Polymeric PFASs: PTFE, PVDF, fluorocarbon elastomers, HFP, and FKM."
"Explosives used in the mining/blasting industry: Binders",,,"PTFE",,,,"A.83","Polymeric PFASs: PTFE, PVDF, fluorocarbon elastomers, HFP, and FKM."
"Explosives used in the mining/blasting industry: Binders",,,"PVDF",,,,"A.83","Polymeric PFASs: PTFE, PVDF, fluorocarbon elastomers, HFP, and FKM."
"Explosives used in the mining/blasting industry: Surface coatings","and FKM.",,,,,,"A.83","Polymeric PFASs: PTFE, PVDF, fluorocarbon elastomers, HFP, and FKM."
"Explosives used in the mining/blasting industry: Surface coatings","fluorocarbon elastomers",,"HFP",,,,"A.83","Polymeric PFASs: PTFE, PVDF, fluorocarbon elastomers, HFP, and FKM."
"Explosives used in the mining/blasting industry: Surface coatings",,,"PTFE",,,,"A.83","Polymeric PFASs: PTFE, PVDF, fluorocarbon elastomers, HFP, and FKM."
"Explosives used in the mining/blasting industry: Surface coatings",,,"PVDF",,,,"A.83","Polymeric PFASs: PTFE, PVDF, fluorocarbon elastomers, HFP, and FKM."
"Pyrotechnic composition such as oxidants","Fluorocarbon elastomers (Viton®)",,,,,,"A.83","Polymeric PFASs: PTFE, FKM, PVDF, HFP, Fluorocarbon elastomers (Viton®)"
"Pyrotechnic composition such as oxidants",,,"FKM",,,,"A.83","Polymeric PFASs: PTFE, FKM, PVDF, HFP, Fluorocarbon elastomers (Viton®)"
"Pyrotechnic composition such as oxidants",,,"HFP",,,,"A.83","Polymeric PFASs: PTFE, FKM, PVDF, HFP, Fluorocarbon elastomers (Viton®)"
"Pyrotechnic composition such as oxidants",,,"PTFE",,,,"A.83","Polymeric PFASs: PTFE, FKM, PVDF, HFP, Fluorocarbon elastomers (Viton®)"
"Pyrotechnic composition such as oxidants",,,"PVDF",,,,"A.83","Polymeric PFASs: PTFE, FKM, PVDF, HFP, Fluorocarbon elastomers (Viton®)"
"RED-OX pyrotechnic composition","Fluorocarbon elastomers (Viton®)",,,,,,"A.83","Polymeric PFASs: PTFE, FKM, PVDF, HFP, Fluorocarbon elastomers (Viton®)"
"RED-OX pyrotechnic composition",,,"FKM",,,,"A.83","Polymeric PFASs: PTFE, FKM, PVDF, HFP, Fluorocarbon elastomers (Viton®)"
"RED-OX pyrotechnic composition",,,"HFP",,,,"A.83","Polymeric PFASs: PTFE, FKM, PVDF, HFP, Fluorocarbon elastomers (Viton®)"
"RED-OX pyrotechnic composition",,,"PTFE",,,,"A.83","Polymeric PFASs: PTFE, FKM, PVDF, HFP, Fluorocarbon elastomers (Viton®)"
"RED-OX pyrotechnic composition",,,"PVDF",,,,"A.83","Polymeric PFASs: PTFE, FKM, PVDF, HFP, Fluorocarbon elastomers (Viton®)"
"Surface treatment/coating (including coating of processing tools for energetic materials production)","Fluorocarbon elastomers (Viton®)",,"HFP",,,,"A.83","Polymeric PFASs: PTFE, PVDF, Fluorocarbon elastomers (Viton®), HFP, FKM"
"Surface treatment/coating (including coating of processing tools for energetic materials production)",,,"FKM",,,,"A.83","Polymeric PFASs: PTFE, PVDF, Fluorocarbon elastomers (Viton®), HFP, FKM"
"Surface treatment/coating (including coating of processing tools for energetic materials production)",,,"PTFE",,,,"A.83","Polymeric PFASs: PTFE, PVDF, Fluorocarbon elastomers (Viton®), HFP, FKM"
"Surface treatment/coating (including coating of processing tools for energetic materials production)",,,"PVDF",,,,"A.83","Polymeric PFASs: PTFE, PVDF, Fluorocarbon elastomers (Viton®), HFP, FKM"
"coatings and binders (used in defence applications such as countermeasures flares","Fluorocarbon elastomers (Viton®)",,,,,,"A.83","Polymeric PFASs: PTFE, FKM, PVDF, HFP, Fluorocarbon elastomers (Viton®)"
"coatings and binders (used in defence applications such as countermeasures flares",,,"FKM",,,,"A.83","Polymeric PFASs: PTFE, FKM, PVDF, HFP, Fluorocarbon elastomers (Viton®)"
"coatings and binders (used in defence applications such as countermeasures flares",,,"HFP",,,,"A.83","Polymeric PFASs: PTFE, FKM, PVDF, HFP, Fluorocarbon elastomers (Viton®)"
"coatings and binders (used in defence applications such as countermeasures flares",,,"PTFE",,,,"A.83","Polymeric PFASs: PTFE, FKM, PVDF, HFP, Fluorocarbon elastomers (Viton®)"
"coatings and binders (used in defence applications such as countermeasures flares",,,"PVDF",,,,"A.83","Polymeric PFASs: PTFE, FKM, PVDF, HFP, Fluorocarbon elastomers (Viton®)"
"explosive charge","Fluorocarbon elastomers (Viton®)",,,,,,"A.83","Polymeric PFASs: PTFE, FKM, PVDF, HFP, Fluorocarbon elastomers (Viton®)"
"explosive charge",,,"FKM",,,,"A.83","Polymeric PFASs: PTFE, FKM, PVDF, HFP, Fluorocarbon elastomers (Viton®)"
"explosive charge",,,"HFP",,,,"A.83","Polymeric PFASs: PTFE, FKM, PVDF, HFP, Fluorocarbon elastomers (Viton®)"
"explosive charge",,,"PTFE",,,,"A.83","Polymeric PFASs: PTFE, FKM, PVDF, HFP, Fluorocarbon elastomers (Viton®)"
"explosive charge",,,"PVDF",,,,"A.83","Polymeric PFASs: PTFE, FKM, PVDF, HFP, Fluorocarbon elastomers (Viton®)"
"gas/smoke or a combination of the above.","Fluorocarbon elastomers (Viton®)",,,,,,"A.83","Polymeric PFASs: PTFE, FKM, PVDF, HFP, Fluorocarbon elastomers (Viton®)"
"gas/smoke or a combination of the above.",,,"FKM",,,,"A.83","Polymeric PFASs: PTFE, FKM, PVDF, HFP, Fluorocarbon elastomers (Viton®)"
"gas/smoke or a combination of the above.",,,"HFP",,,,"A.83","Polymeric PFASs: PTFE, FKM, PVDF, HFP, Fluorocarbon elastomers (Viton®)"
"gas/smoke or a combination of the above.",,,"PTFE",,,,"A.83","Polymeric PFASs: PTFE, FKM, PVDF, HFP, Fluorocarbon elastomers (Viton®)"
"gas/smoke or a combination of the above.",,,"PVDF",,,,"A.83","Polymeric PFASs: PTFE, FKM, PVDF, HFP, Fluorocarbon elastomers (Viton®)"
"heating devices","Fluorocarbon elastomers (Viton®)",,,,,,"A.83","Polymeric PFASs: PTFE, FKM, PVDF, HFP, Fluorocarbon elastomers (Viton®)"
"heating devices",,,"FKM",,,,"A.83","Polymeric PFASs: PTFE, FKM, PVDF, HFP, Fluorocarbon elastomers (Viton®)"
"heating devices",,,"HFP",,,,"A.83","Polymeric PFASs: PTFE, FKM, PVDF, HFP, Fluorocarbon elastomers (Viton®)"
"heating devices",,,"PTFE",,,,"A.83","Polymeric PFASs: PTFE, FKM, PVDF, HFP, Fluorocarbon elastomers (Viton®)"
"heating devices",,,"PVDF",,,,"A.83","Polymeric PFASs: PTFE, FKM, PVDF, HFP, Fluorocarbon elastomers (Viton®)"
"igniters","Fluorocarbon elastomers (Viton®)",,,,,,"A.83","Polymeric PFASs: PTFE, FKM, PVDF, HFP, Fluorocarbon elastomers (Viton®)"
"igniters",,,"FKM",,,,"A.83","Polymeric PFASs: PTFE, FKM, PVDF, HFP, Fluorocarbon elastomers (Viton®)"
"igniters",,,"HFP",,,,"A.83","Polymeric PFASs: PTFE, FKM, PVDF, HFP, Fluorocarbon elastomers (Viton®)"
"igniters",,,"PTFE",,,,"A.83","Polymeric PFASs: PTFE, FKM, PVDF, HFP, Fluorocarbon elastomers (Viton®)"
"igniters",,,"PVDF",,,,"A.83","Polymeric PFASs: PTFE, FKM, PVDF, HFP, Fluorocarbon elastomers (Viton®)"
"insensitive explosives","Fluorocarbon elastomers (Viton®)",,,,,,"A.83","Polymeric PFASs: PTFE, FKM, PVDF, HFP, Fluorocarbon elastomers (Viton®)"
"insensitive explosives",,,"FKM",,,,"A.83","Polymeric PFASs: PTFE, FKM, PVDF, HFP, Fluorocarbon elastomers (Viton®)"
"insensitive explosives",,,"HFP",,,,"A.83","Polymeric PFASs: PTFE, FKM, PVDF, HFP, Fluorocarbon elastomers (Viton®)"
"insensitive explosives",,,"PTFE",,,,"A.83","Polymeric PFASs: PTFE, FKM, PVDF, HFP, Fluorocarbon elastomers (Viton®)"
"insensitive explosives",,,"PVDF",,,,"A.83","Polymeric PFASs: PTFE, FKM, PVDF, HFP, Fluorocarbon elastomers (Viton®)"
"light","Fluorocarbon elastomers (Viton®)",,,,,,"A.83","Polymeric PFASs: PTFE, FKM, PVDF, HFP, Fluorocarbon elastomers (Viton®)"
"light",,,"FKM",,,,"A.83","Polymeric PFASs: PTFE, FKM, PVDF, HFP, Fluorocarbon elastomers (Viton®)"
"light",,,"HFP",,,,"A.83","Polymeric PFASs: PTFE, FKM, PVDF, HFP, Fluorocarbon elastomers (Viton®)"
"light",,,"PTFE",,,,"A.83","Polymeric PFASs: PTFE, FKM, PVDF, HFP, Fluorocarbon elastomers (Viton®)"
"light",,,"PVDF",,,,"A.83","Polymeric PFASs: PTFE, FKM, PVDF, HFP, Fluorocarbon elastomers (Viton®)"
"obscurants","Fluorocarbon elastomers (Viton®)",,,,,,"A.83","Polymeric PFASs: PTFE, FKM, PVDF, HFP, Fluorocarbon elastomers (Viton®)"
"obscurants",,,"FKM",,,,"A.83","Polymeric PFASs: PTFE, FKM, PVDF, HFP, Fluorocarbon elastomers (Viton®)"
"obscurants",,,"HFP",,,,"A.83","Polymeric PFASs: PTFE, FKM, PVDF, HFP, Fluorocarbon elastomers (Viton®)"
"obscurants",,,"PTFE",,,,"A.83","Polymeric PFASs: PTFE, FKM, PVDF, HFP, Fluorocarbon elastomers (Viton®)"
"obscurants",,,"PVDF",,,,"A.83","Polymeric PFASs: PTFE, FKM, PVDF, HFP, Fluorocarbon elastomers (Viton®)"
"propellants","Fluorocarbon elastomers (Viton®)",,,,,,"A.83","Polymeric PFASs: PTFE, FKM, PVDF, HFP, Fluorocarbon elastomers (Viton®)"
"propellants",,,"FKM",,,,"A.83","Polymeric PFASs: PTFE, FKM, PVDF, HFP, Fluorocarbon elastomers (Viton®)"
"propellants",,,"HFP",,,,"A.83","Polymeric PFASs: PTFE, FKM, PVDF, HFP, Fluorocarbon elastomers (Viton®)"
"propellants",,,"PTFE",,,,"A.83","Polymeric PFASs: PTFE, FKM, PVDF, HFP, Fluorocarbon elastomers (Viton®)"
"propellants",,,"PVDF",,,,"A.83","Polymeric PFASs: PTFE, FKM, PVDF, HFP, Fluorocarbon elastomers (Viton®)"
"tracers","Fluorocarbon elastomers (Viton®)",,,,,,"A.83","Polymeric PFASs: PTFE, FKM, PVDF, HFP, Fluorocarbon elastomers (Viton®)"
"tracers",,,"FKM",,,,"A.83","Polymeric PFASs: PTFE, FKM, PVDF, HFP, Fluorocarbon elastomers (Viton®)"
"tracers",,,"HFP",,,,"A.83","Polymeric PFASs: PTFE, FKM, PVDF, HFP, Fluorocarbon elastomers (Viton®)"
"tracers",,,"PTFE",,,,"A.83","Polymeric PFASs: PTFE, FKM, PVDF, HFP, Fluorocarbon elastomers (Viton®)"
"tracers",,,"PVDF",,,,"A.83","Polymeric PFASs: PTFE, FKM, PVDF, HFP, Fluorocarbon elastomers (Viton®)"
"tracking flares","Fluorocarbon elastomers (Viton®)",,,,,,"A.83","Polymeric PFASs: PTFE, FKM, PVDF, HFP, Fluorocarbon elastomers (Viton®)"
"tracking flares",,,"FKM",,,,"A.83","Polymeric PFASs: PTFE, FKM, PVDF, HFP, Fluorocarbon elastomers (Viton®)"
"tracking flares",,,"HFP",,,,"A.83","Polymeric PFASs: PTFE, FKM, PVDF, HFP, Fluorocarbon elastomers (Viton®)"
"tracking flares",,,"PTFE",,,,"A.83","Polymeric PFASs: PTFE, FKM, PVDF, HFP, Fluorocarbon elastomers (Viton®)"
"tracking flares",,,"PVDF",,,,"A.83","Polymeric PFASs: PTFE, FKM, PVDF, HFP, Fluorocarbon elastomers (Viton®)"
"underwater flares","Fluorocarbon elastomers (Viton®)",,,,,,"A.83","Polymeric PFASs: PTFE, FKM, PVDF, HFP, Fluorocarbon elastomers (Viton®)"
"underwater flares",,,"FKM",,,,"A.83","Polymeric PFASs: PTFE, FKM, PVDF, HFP, Fluorocarbon elastomers (Viton®)"
"underwater flares",,,"HFP",,,,"A.83","Polymeric PFASs: PTFE, FKM, PVDF, HFP, Fluorocarbon elastomers (Viton®)"
"underwater flares",,,"PTFE",,,,"A.83","Polymeric PFASs: PTFE, FKM, PVDF, HFP, Fluorocarbon elastomers (Viton®)"
"underwater flares",,,"PVDF",,,,"A.83","Polymeric PFASs: PTFE, FKM, PVDF, HFP, Fluorocarbon elastomers (Viton®)"
"warhead anti-tank system) as a substance or mixture which produces an ""effect"" by heat","Fluorocarbon elastomers (Viton®)",,,,,,"A.83","Polymeric PFASs: PTFE, FKM, PVDF, HFP, Fluorocarbon elastomers (Viton®)"
"warhead anti-tank system) as a substance or mixture which produces an ""effect"" by heat",,,"FKM",,,,"A.83","Polymeric PFASs: PTFE, FKM, PVDF, HFP, Fluorocarbon elastomers (Viton®)"
"warhead anti-tank system) as a substance or mixture which produces an ""effect"" by heat",,,"HFP",,,,"A.83","Polymeric PFASs: PTFE, FKM, PVDF, HFP, Fluorocarbon elastomers (Viton®)"
"warhead anti-tank system) as a substance or mixture which produces an ""effect"" by heat",,,"PTFE",,,,"A.83","Polymeric PFASs: PTFE, FKM, PVDF, HFP, Fluorocarbon elastomers (Viton®)"
"warhead anti-tank system) as a substance or mixture which produces an ""effect"" by heat",,,"PVDF",,,,"A.83","Polymeric PFASs: PTFE, FKM, PVDF, HFP, Fluorocarbon elastomers (Viton®)"
"Architectural polyester/PVC fabrics as fluoropolymers","Fluoropolymers (unspecified)",,,,,,"A.88","<1% as a protection of polyester PVC fabrics"
"Medical textiles","C6 side-chain fluorinated polymer (unspecified)",,"C6 SCFP",,,,"A.88","C6 concentration average for all products <0.5%; PFAS application level of 1.7% on weight fabrics"
"Membranes for e.g. water treatment","C6 side-chain fluorinated polymer (unspecified)",,"C6 SCFP",,,,"A.88","C6 PFAS represent approximately less than 1% of total weight of the membrane"
"Outdoor textiles","Perfluoroalkyl acid (unspecified)",,"PFAA",,,,"A.88","2% of FEP/PFAA in final product"
"Outdoor textiles",,,"FEP",,,,"A.88","2% of FEP/PFAA in final product"
"Textiles used in engine bays","C6 side-chain fluorinated polymer (unspecified)",,"C6 SCFP",,,,"A.88","C6 concentration of 0.2-0.5%"
"Catalysts and processing aids: Co-catalyst","Aluminium triflate",,,,,,"A.90","Aluminium triflate"
"Solvent and precision cleaning: Cleaning fluid","HFC/HFE/HFO hexafluoroisopropyl methyl ether,",,,,,"13171-18-1","A.90","HFC/HFE/HFO hexafluoroisopropyl methyl ether, CAS. 13171-18-1), methyl nonafluorobutyl ether (CAS 163702-07-6)"
"Solvent and precision cleaning: Cleaning fluid","methyl nonafluorobutyl ether",,,,,"163702-07-6","A.90","HFC/HFE/HFO hexafluoroisopropyl methyl ether, CAS. 13171-18-1), methyl nonafluorobutyl ether (CAS 163702-07-6)"
"Solvent and precision cleaning: Gel permeation chromatography","Hexafluoroisopropanol",,"HFIP",,,,"A.90","Hexafluoroisopropanol (HFIP)"
